
/* INSERT STATEMENTS */

USE 'GoMass';

/* Activity */
insert into Activity  (ActivityID) values (1);
insert into Activity  (ActivityID) values (2);
insert into Activity  (ActivityID) values (3);
insert into Activity  (ActivityID) values (4);
insert into Activity  (ActivityID) values (5);
insert into Activity  (ActivityID) values (6);
insert into Activity  (ActivityID) values (7);
insert into Activity  (ActivityID) values (8);

/* User */
insert into User (UserID, Age, Name,  Occupation, gender, Hometown, Dislikes, Likes, DietaryRestrictions, PaymentID, Balance, PaymentMethod, Budget) values (1, 4, 'Constancy Hargess', 'baker', 'Female', '321 Maple Dr Riverdale GA', 'funny movies', 'adventure movies', 'none', 1, 200, 'Apple Pay', 203);
insert into User (UserID, Age, Name,  Occupation, gender, Hometown, Dislikes, Likes, DietaryRestrictions, PaymentID, Balance, PaymentMethod, Budget) values (2, 26, 'Cherlyn Bernolet', 'unemployed', 'Female', '321 Walnut Ave Springfield MO', 'adventure movies', 'quiet areas', 'vegan', 2, 187, 'Credit Card', 227);
insert into User (UserID, Age, Name,  Occupation, gender, Hometown, Dislikes, Likes, DietaryRestrictions, PaymentID, Balance, PaymentMethod, Budget) values (3, 32, 'Stephanus Bonds', 'student', 'Male', '789 Ash Dr Cincinnati OH', 'good study areas', 'good study areas', 'none', 3, 400, 'Debit Card', 222);
insert into User (UserID, Age, Name,  Occupation, gender, Hometown, Dislikes, Likes, DietaryRestrictions, PaymentID, Balance, PaymentMethod, Budget) values (4, 47, 'Bennie Bollon', 'baker', 'Male', '321 Oak St Seattle WA', 'loud areas', 'funny movies', 'gluten free', 4, 425, 'Paypal', 80);
insert into User (UserID, Age, Name,  Occupation, gender, Hometown, Dislikes, Likes, DietaryRestrictions, PaymentID, Balance, PaymentMethod, Budget) values (5, 44, 'Melitta Stoller', 'fire fighter', 'Genderqueer', '987 Maple St Nashville TN', 'romance movies', 'Thai restaurant', 'vegan', 5, 92, 'Venmo', 247);
insert into User (UserID, Age, Name,  Occupation, gender, Hometown, Dislikes, Likes, DietaryRestrictions, PaymentID, Balance, PaymentMethod, Budget) values (6, 54, 'Sukey Younglove', 'teacher', 'Female', '987 Cedar Ave Boise ID', 'adventure movies', 'loud areas', 'paleo', 6, 225, 'Debit Card', 50);
insert into User (UserID, Age, Name,  Occupation, gender, Hometown, Dislikes, Likes, DietaryRestrictions, PaymentID, Balance, PaymentMethod, Budget) values (7, 9, 'Doloritas Gonzales', 'unemployed', 'Female', '654 Poplar St Baltimore MD', 'quiet areas', 'savory food', 'vegetarian', 7, 406, 'Paypal', 28);
insert into User (UserID, Age, Name,  Occupation, gender, Hometown, Dislikes, Likes, DietaryRestrictions, PaymentID, Balance, PaymentMethod, Budget) values (8, 11, 'Jereme Tams', 'unemployed', 'Male', '789 Elm Dr Philadelphia PA', 'savory food', 'quiet areas', 'none', 8, 53, 'Debit Card', 115);
insert into User (UserID, Age, Name,  Occupation, gender, Hometown, Dislikes, Likes, DietaryRestrictions, PaymentID, Balance, PaymentMethod, Budget) values (9, 32, 'Derk Toulch', 'unemployed', 'Male', '321 Oak St Seattle WA', 'quiet areas', 'romance movies', 'kosher', 9, 373, 'Venmo', 257);
insert into User (UserID, Age, Name,  Occupation, gender, Hometown, Dislikes, Likes, DietaryRestrictions, PaymentID, Balance, PaymentMethod, Budget) values (10, 16, 'Rupert Relph', 'unemployed', 'Male', '123 Ash St Denver CO', 'expensive places', 'Thai restaurant', 'vegetarian', 10, 479, 'Credit Card', 293);
insert into User (UserID, Age, Name,  Occupation, gender, Hometown, Dislikes, Likes, DietaryRestrictions, PaymentID, Balance, PaymentMethod, Budget) values (11, 2, 'Ferguson Holleran', 'teacher', 'Male', '321 Birch Ave Orlando FL', 'good study areas', 'adventure movies', 'none', 11, 191, 'Paypal', 219);
insert into User (UserID, Age, Name,  Occupation, gender, Hometown, Dislikes, Likes, DietaryRestrictions, PaymentID, Balance, PaymentMethod, Budget) values (12, 14, 'Romy Brood', 'teacher', 'Female', '456 Elm St St. Louis MO', 'Thai restaurant', 'loud areas', 'none', 12, 108, 'Debit Card', 179);
insert into User (UserID, Age, Name,  Occupation, gender, Hometown, Dislikes, Likes, DietaryRestrictions, PaymentID, Balance, PaymentMethod, Budget) values (13, 21, 'Zacherie Pendrid', 'unemployed', 'Male', '789 Elm Dr Philadelphia PA', 'funny movies', 'Thai restaurant', 'vegan', 13, 418, 'Paypal', 17);
insert into User (UserID, Age, Name,  Occupation, gender, Hometown, Dislikes, Likes, DietaryRestrictions, PaymentID, Balance, PaymentMethod, Budget) values (14, 54, 'Twyla Mein', 'unemployed', 'Female', '456 Elm St Springfield IL', 'romance movies', 'spicy food', 'lactose intolerance', 14, 363, 'Paypal', 223);
insert into User (UserID, Age, Name,  Occupation, gender, Hometown, Dislikes, Likes, DietaryRestrictions, PaymentID, Balance, PaymentMethod, Budget) values (15, 4, 'Sherlock Durrad', 'data scientist', 'Male', '321 Oak Ave Oklahoma City OK', 'Chinese restaurant', 'romance movies', 'vegetarian', 15, 317, 'Credit Card', 267);
insert into User (UserID, Age, Name,  Occupation, gender, Hometown, Dislikes, Likes, DietaryRestrictions, PaymentID, Balance, PaymentMethod, Budget) values (16, 36, 'Leela Heynel', 'data scientist', 'Female', '654 Poplar St Baltimore MD', 'sweet food', 'good study areas', 'none', 16, 384, 'Apple Pay', 201);
insert into User (UserID, Age, Name,  Occupation, gender, Hometown, Dislikes, Likes, DietaryRestrictions, PaymentID, Balance, PaymentMethod, Budget) values (17, 37, 'Chrystal Siman', 'police officer', 'Female', '321 Walnut Ave Springfield MO', 'spicy food', 'cheap places', 'gluten free', 17, 141, 'Apple Pay', 90);
insert into User (UserID, Age, Name,  Occupation, gender, Hometown, Dislikes, Likes, DietaryRestrictions, PaymentID, Balance, PaymentMethod, Budget) values (18, 38, 'Emalee Soldan', 'police officer', 'Female', '456 Elm Dr Minneapolis MN', 'spicy food', 'quiet areas', 'vegetarian', 18, 376, 'Venmo', 299);
insert into User (UserID, Age, Name,  Occupation, gender, Hometown, Dislikes, Likes, DietaryRestrictions, PaymentID, Balance, PaymentMethod, Budget) values (19, 38, 'Veda Robardet', 'baker', 'Female', '987 Oak Ave Charlotte NC', 'Thai restaurant', 'Thai restaurant', 'none', 19, 441, 'Credit Card', 221);
insert into User (UserID, Age, Name,  Occupation, gender, Hometown, Dislikes, Likes, DietaryRestrictions, PaymentID, Balance, PaymentMethod, Budget) values (20, 51, 'Dede Scudamore', 'police officer', 'Non-binary', '321 Main Ave Dallas TX', 'Chinese restaurant', 'Thai restaurant', 'none', 20, 442, 'Debit Card', 159);
insert into User (UserID, Age, Name,  Occupation, gender, Hometown, Dislikes, Likes, DietaryRestrictions, PaymentID, Balance, PaymentMethod, Budget) values (21, 51, 'Glen Sawforde', 'professor', 'Male', '987 Oak St Phoenix AZ', 'savory food', 'savory food', 'paleo', 21, 354, 'Credit Card', 279);
insert into User (UserID, Age, Name,  Occupation, gender, Hometown, Dislikes, Likes, DietaryRestrictions, PaymentID, Balance, PaymentMethod, Budget) values (22, 19, 'Nathanil Walbrook', 'unemployed', 'Male', '987 Oak Ave Charlotte NC', 'loud areas', 'adventure movies', 'none', 22, 313, 'Venmo', 18);
insert into User (UserID, Age, Name,  Occupation, gender, Hometown, Dislikes, Likes, DietaryRestrictions, PaymentID, Balance, PaymentMethod, Budget) values (23, 24, 'Wallie Allitt', 'unemployed', 'Male', '987 Elm St Raleigh NC', 'adventure movies', 'funny movies', 'none', 23, 67, 'Venmo', 108);
insert into User (UserID, Age, Name,  Occupation, gender, Hometown, Dislikes, Likes, DietaryRestrictions, PaymentID, Balance, PaymentMethod, Budget) values (24, 50, 'Che Lafayette', 'data scientist', 'Male', '987 Oak St Phoenix AZ', 'good study areas', 'romance movies', 'none', 24, 107, 'Venmo', 126);
insert into User (UserID, Age, Name,  Occupation, gender, Hometown, Dislikes, Likes, DietaryRestrictions, PaymentID, Balance, PaymentMethod, Budget) values (25, 55, 'Freedman Rhelton', 'unemployed', 'Male', '321 Ash St Madison WI', 'quiet areas', 'expensive places', 'vegan', 25, 257, 'Debit Card', 151);
insert into User (UserID, Age, Name,  Occupation, gender, Hometown, Dislikes, Likes, DietaryRestrictions, PaymentID, Balance, PaymentMethod, Budget) values (26, 17, 'Ephrem Commusso', 'fire fighter', 'Male', '789 Walnut St Cleveland OH', 'quiet areas', 'quiet areas', 'gluten free', 26, 163, 'Apple Pay', 158);
insert into User (UserID, Age, Name,  Occupation, gender, Hometown, Dislikes, Likes, DietaryRestrictions, PaymentID, Balance, PaymentMethod, Budget) values (27, 23, 'Carleen Merigon', 'unemployed', 'Female', '987 Oak Ave Charlotte NC', 'Thai restaurant', 'adventure movies', 'none', 27, 440, 'Apple Pay', 194);
insert into User (UserID, Age, Name,  Occupation, gender, Hometown, Dislikes, Likes, DietaryRestrictions, PaymentID, Balance, PaymentMethod, Budget) values (28, 31, 'Biddie Vaux', 'unemployed', 'Female', '456 Elm St Springfield IL', 'music', 'romance movies', 'gluten free', 28, 196, 'Paypal', 207);
insert into User (UserID, Age, Name,  Occupation, gender, Hometown, Dislikes, Likes, DietaryRestrictions, PaymentID, Balance, PaymentMethod, Budget) values (29, 40, 'Theodore Devenport', 'police officer', 'Male', '456 Elm St St. Louis MO', 'quiet areas', 'adventure movies', 'none', 29, 367, 'Venmo', 121);
insert into User (UserID, Age, Name,  Occupation, gender, Hometown, Dislikes, Likes, DietaryRestrictions, PaymentID, Balance, PaymentMethod, Budget) values (30, 15, 'Marjorie McGowan', 'teacher', 'Female', '654 Ash Dr San Diego CA', 'sweet food', 'savory food', 'lactose intolerance', 30, 96, 'Debit Card', 16);
insert into User (UserID, Age, Name,  Occupation, gender, Hometown, Dislikes, Likes, DietaryRestrictions, PaymentID, Balance, PaymentMethod, Budget) values (31, 29, 'Drugi Dickins', 'police officer', 'Male', '789 Walnut St Cleveland OH', 'loud areas', 'sweet food', 'gluten free', 31, 486, 'Apple Pay', 65);
insert into User (UserID, Age, Name,  Occupation, gender, Hometown, Dislikes, Likes, DietaryRestrictions, PaymentID, Balance, PaymentMethod, Budget) values (32, 6, 'Jeanette Dinzey', 'fire fighter', 'Female', '321 Cedar St Indianapolis IN', 'Thai restaurant', 'spicy food', 'kosher', 32, 82, 'Credit Card', 52);
insert into User (UserID, Age, Name,  Occupation, gender, Hometown, Dislikes, Likes, DietaryRestrictions, PaymentID, Balance, PaymentMethod, Budget) values (33, 34, 'Johnette Bramich', 'unemployed', 'Female', '321 Birch Ave Orlando FL', 'sweet food', 'sweet food', 'gluten free', 33, 274, 'Debit Card', 75);
insert into User (UserID, Age, Name,  Occupation, gender, Hometown, Dislikes, Likes, DietaryRestrictions, PaymentID, Balance, PaymentMethod, Budget) values (34, 13, 'Nowell Sange', 'data scientist', 'Male', '789 Pine Dr Boston MA', 'romance movies', 'loud areas', 'none', 34, 75, 'Venmo', 167);
insert into User (UserID, Age, Name,  Occupation, gender, Hometown, Dislikes, Likes, DietaryRestrictions, PaymentID, Balance, PaymentMethod, Budget) values (35, 48, 'Vance Gawkroge', 'unemployed', 'Male', '789 Elm Dr Philadelphia PA', 'spicy food', 'sweet food', 'vegan', 35, 92, 'Paypal', 286);

/* user location */
insert into User_Location (Location, UserID) values ('789 Birch St Boston MA', '15');
insert into User_Location (Location, UserID) values ('321 Cedar St Boston MA', '9');
insert into User_Location (Location, UserID) values ('456 Elm St Boston MA', '32');
insert into User_Location (Location, UserID) values ('654 Walnutwood Ct Somerville MA', '12');
insert into User_Location (Location, UserID) values ('654 Walnutwood Ct Somerville MA', '28');
insert into User_Location (Location, UserID) values ('321 Maplewood Dr Somerville MA', '4');
insert into User_Location (Location, UserID) values ('789 Walnut St Boston MA', '22');
insert into User_Location (Location, UserID) values ('456 Elm St Boston MA', '6');
insert into User_Location (Location, UserID) values ('765 Park St Rivertown MA', '24');
insert into User_Location (Location, UserID) values ('456 Elm St Boston MA', '21');
insert into User_Location (Location, UserID) values ('123 Elm St Boston MA', '10');
insert into User_Location (Location, UserID) values ('543 Birchwood Ave Cambridge MA', '18');
insert into User_Location (Location, UserID) values ('321 Cedar St Boston MA', '33');
insert into User_Location (Location, UserID) values ('654 Walnut Grove Ct Springfield MA', '25');
insert into User_Location (Location, UserID) values ('654 Walnutwood Ct Somerville MA', '2');
insert into User_Location (Location, UserID) values ('789 Birchwood Ln Springfield MA', '17');
insert into User_Location (Location, UserID) values ('567 Cedarwood Blvd Somerville MA', '27');
insert into User_Location (Location, UserID) values ('321 Maplewood Dr Springfield MA', '8');
insert into User_Location (Location, UserID) values ('321 Cedarhurst Ln Cambridge MA', '29');
insert into User_Location (Location, UserID) values ('234 Forest Rd Rivertown MA', '13');
insert into User_Location (Location, UserID) values ('654 Pineview Rd Cambridge MA', '26');
insert into User_Location (Location, UserID) values ('432 Riverside Cir Rivertown MA', '7');
insert into User_Location (Location, UserID) values ('543 Birchwood Ave Cambridge MA', '20');
insert into User_Location (Location, UserID) values ('098 Chestnutwood Rd Springfield MA', '30');
insert into User_Location (Location, UserID) values ('321 Maplewood Dr Springfield MA', '3');
insert into User_Location (Location, UserID) values ('789 Pine St Boston MA', '31');
insert into User_Location (Location, UserID) values ('765 Elmwood St Cambridge MA', '14');
insert into User_Location (Location, UserID) values ('543 Birchwood Ave Cambridge MA', '1');
insert into User_Location (Location, UserID) values ('789 Meadow Ln Rivertown MA', '23');
insert into User_Location (Location, UserID) values ('234 Pinehurst Rd Somerville MA', '19');
insert into User_Location (Location, UserID) values ('321 Maplewood Dr Springfield MA', '11');
insert into User_Location (Location, UserID) values ('789 Pine St Boston MA', '16');
insert into User_Location (Location, UserID) values ('567 Cedarwood Blvd Springfield MA', '34');
insert into User_Location (Location, UserID) values ('098 Chestnutwood Rd Springfield MA', '35');
insert into User_Location (Location, UserID) values ('987 Oak Ave Boston MA', '5');
insert into User_Location (Location, UserID) values ('789 Meadow Ln Rivertown MA', '24');
insert into User_Location (Location, UserID) values ('321 Valley Dr Rivertown MA', '35');
insert into User_Location (Location, UserID) values ('987 Elmwood Park Cambridge MA', '11');
insert into User_Location (Location, UserID) values ('098 Pine Hill Rd Rivertown MA', '13');
insert into User_Location (Location, UserID) values ('567 Cedarwood Blvd Somerville MA', '1');
insert into User_Location (Location, UserID) values ('456 Lakeview Ave Rivertown MA', '34');
insert into User_Location (Location, UserID) values ('567 Cedarwood Blvd Somerville MA', '12');
insert into User_Location (Location, UserID) values ('456 Chestnutview Ave Somerville MA', '23');
insert into User_Location (Location, UserID) values ('321 Cedar St Boston MA', '3');
insert into User_Location (Location, UserID) values ('654 Ash St Boston MA', '9');
insert into User_Location (Location, UserID) values ('654 Poplar St Boston MA', '26');
insert into User_Location (Location, UserID) values ('890 Lakeside Way Rivertown MA', '14');
insert into User_Location (Location, UserID) values ('789 Meadow Ln Rivertown MA', '29');
insert into User_Location (Location, UserID) values ('654 Walnutwood Ct Somerville MA', '6');
insert into User_Location (Location, UserID) values ('432 Poplarview Cir Springfield MA', '16');
insert into User_Location (Location, UserID) values ('987 Elmwood Park Cambridge MA', '18');
insert into User_Location (Location, UserID) values ('123 Pine Ave Boston MA', '30');
insert into User_Location (Location, UserID) values ('321 Maplewood Dr Springfield MA', '28');
insert into User_Location (Location, UserID) values ('123 Pine Ave Boston MA', '33');
insert into User_Location (Location, UserID) values ('098 Chestnut Hill Rd Cambridge MA', '22');
insert into User_Location (Location, UserID) values ('789 Birchwood Ln Springfield MA', '21');
insert into User_Location (Location, UserID) values ('456 Ashland Ave Cambridge MA', '7');
insert into User_Location (Location, UserID) values ('567 Summit Blvd Rivertown MA', '5');
insert into User_Location (Location, UserID) values ('321 Valley Dr Rivertown MA', '25');
insert into User_Location (Location, UserID) values ('123 Pine Ave Boston MA', '32');
insert into User_Location (Location, UserID) values ('765 Elmwood St Cambridge MA', '27');
insert into User_Location (Location, UserID) values ('456 Ash St Boston MA', '10');
insert into User_Location (Location, UserID) values ('098 Pine Hill Rd Rivertown MA', '20');
insert into User_Location (Location, UserID) values ('456 Ashland Ave Cambridge MA', '31');
insert into User_Location (Location, UserID) values ('567 Cedarwood Blvd Somerville MA', '2');
insert into User_Location (Location, UserID) values ('789 Birch St Boston MA', '4');
insert into User_Location (Location, UserID) values ('098 Pine Hill Rd Rivertown MA', '15');
insert into User_Location (Location, UserID) values ('432 Poplarview Cir Springfield MA', '19');
insert into User_Location (Location, UserID) values ('765 Elmwood St Springfield MA', '17');
insert into User_Location (Location, UserID) values ('654 Walnut Grove Ct Springfield MA', '8');
insert into User_Location (Location, UserID) values ('987 Oak Ave Boston MA', '20');
insert into User_Location (Location, UserID) values ('789 Birchwood Ln Springfield MA', '9');
insert into User_Location (Location, UserID) values ('109 Walnut Grove Ln Cambridge MA', '19');
insert into User_Location (Location, UserID) values ('765 Elmwood St Cambridge MA', '6');
insert into User_Location (Location, UserID) values ('789 Pine St Boston MA', '7');
insert into User_Location (Location, UserID) values ('098 Pine Hill Rd Rivertown MA', '32');
insert into User_Location (Location, UserID) values ('987 Brookside Pl Rivertown MA', '23');
insert into User_Location (Location, UserID) values ('321 Valley Dr Rivertown MA', '34');
insert into User_Location (Location, UserID) values ('789 Birch St Boston MA', '30');
insert into User_Location (Location, UserID) values ('234 Pinehurst Rd Springfield MA', '24');
insert into User_Location (Location, UserID) values ('098 Pine Hill Rd Rivertown MA', '4');
insert into User_Location (Location, UserID) values ('098 Pine Hill Rd Rivertown MA', '29');
insert into User_Location (Location, UserID) values ('987 Ashland Pl Somerville MA', '35');
insert into User_Location (Location, UserID) values ('567 Cedarwood Blvd Somerville MA', '21');
insert into User_Location (Location, UserID) values ('876 Maplewood Dr Cambridge MA', '18');
insert into User_Location (Location, UserID) values ('321 Cedar St Boston MA', '13');
insert into User_Location (Location, UserID) values ('432 Riverside Cir Rivertown MA', '26');
insert into User_Location (Location, UserID) values ('234 Pinehurst Rd Somerville MA', '17');
insert into User_Location (Location, UserID) values ('321 Valley Dr Rivertown MA', '33');
insert into User_Location (Location, UserID) values ('654 Poplar St Boston MA', '5');
insert into User_Location (Location, UserID) values ('456 Ash St Boston MA', '16');
insert into User_Location (Location, UserID) values ('456 Chestnut Hill Ave Springfield MA', '27');
insert into User_Location (Location, UserID) values ('321 Maplewood Dr Springfield MA', '10');
insert into User_Location (Location, UserID) values ('321 Cedarhurst Ln Cambridge MA', '28');
insert into User_Location (Location, UserID) values ('543 Maple Ave Rivertown MA', '11');
insert into User_Location (Location, UserID) values ('654 Hillside Ct Rivertown MA', '31');
insert into User_Location (Location, UserID) values ('456 Ash St Boston MA', '15');
insert into User_Location (Location, UserID) values ('876 Maplewood Dr Cambridge MA', '3');
insert into User_Location (Location, UserID) values ('987 Oak Ave Boston MA', '14');
insert into User_Location (Location, UserID) values ('109 Walnut Grove Ln Cambridge MA', '8');
insert into User_Location (Location, UserID) values ('432 Riverside Cir Rivertown MA', '22');
insert into User_Location (Location, UserID) values ('654 Poplar St Boston MA', '2');
insert into User_Location (Location, UserID) values ('234 Pinehurst Rd Somerville MA', '1');
insert into User_Location (Location, UserID) values ('567 Cedarwood Blvd Springfield MA', '12');
insert into User_Location (Location, UserID) values ('765 Elmwood St Springfield MA', '25');
insert into User_Location (Location, UserID) values ('890 Lakeside Way Rivertown MA', '16');
insert into User_Location (Location, UserID) values ('321 Maplewood Dr Somerville MA', '17');
insert into User_Location (Location, UserID) values ('234 Forest Rd Rivertown MA', '5');
insert into User_Location (Location, UserID) values ('654 Oak St Boston MA', '28');
insert into User_Location (Location, UserID) values ('789 Birchwood Ln Springfield MA', '35');
insert into User_Location (Location, UserID) values ('789 Birchwood Ln Springfield MA', '24');
insert into User_Location (Location, UserID) values ('543 Birchwood Ave Cambridge MA', '33');
insert into User_Location (Location, UserID) values ('567 Cedarwood Blvd Springfield MA', '23');
insert into User_Location (Location, UserID) values ('567 Summit Blvd Rivertown MA', '34');
insert into User_Location (Location, UserID) values ('543 Maple Ave Rivertown MA', '14');
insert into User_Location (Location, UserID) values ('456 Ashland Ave Cambridge MA', '8');
insert into User_Location (Location, UserID) values ('456 Elm St Boston MA', '32');
insert into User_Location (Location, UserID) values ('456 Chestnutview Ave Somerville MA', '27');
insert into User_Location (Location, UserID) values ('987 Maple St Boston MA', '4');
insert into User_Location (Location, UserID) values ('234 Pinehurst Rd Somerville MA', '1');
insert into User_Location (Location, UserID) values ('321 Valley Dr Rivertown MA', '25');
insert into User_Location (Location, UserID) values ('432 Riverside Cir Rivertown MA', '18');
insert into User_Location (Location, UserID) values ('321 Cedar St Boston MA', '20');
insert into User_Location (Location, UserID) values ('567 Cedarwood Blvd Somerville MA', '15');
insert into User_Location (Location, UserID) values ('321 Valley Dr Rivertown MA', '2');
insert into User_Location (Location, UserID) values ('567 Cedarwood Blvd Springfield MA', '29');
insert into User_Location (Location, UserID) values ('456 Ash St Boston MA', '3');
insert into User_Location (Location, UserID) values ('789 Birchwood Ln Springfield MA', '11');
insert into User_Location (Location, UserID) values ('123 Elm St Boston MA', '9');
insert into User_Location (Location, UserID) values ('543 Birchwood Ave Cambridge MA', '6');
insert into User_Location (Location, UserID) values ('456 Lakeview Ave Rivertown MA', '7');
insert into User_Location (Location, UserID) values ('123 Walnut St Boston MA', '26');
insert into User_Location (Location, UserID) values ('321 Maplewood Dr Springfield MA', '31');
insert into User_Location (Location, UserID) values ('876 Maplewood Dr Cambridge MA', '22');
insert into User_Location (Location, UserID) values ('234 Pinehurst Rd Somerville MA', '19');
insert into User_Location (Location, UserID) values ('098 Chestnut Hill Rd Cambridge MA', '21');
insert into User_Location (Location, UserID) values ('567 Cedarwood Blvd Somerville MA', '30');
insert into User_Location (Location, UserID) values ('567 Cedarwood Blvd Springfield MA', '10');
insert into User_Location (Location, UserID) values ('432 Poplar Cir Cambridge MA', '12');
insert into User_Location (Location, UserID) values ('123 Walnut St Boston MA', '13');
insert into User_Location (Location, UserID) values ('890 Lakeside Way Rivertown MA', '35');
insert into User_Location (Location, UserID) values ('654 Walnutwood Ct Somerville MA', '7');
insert into User_Location (Location, UserID) values ('987 Cedar St Boston MA', '12');
insert into User_Location (Location, UserID) values ('234 Forest Rd Rivertown MA', '23');
insert into User_Location (Location, UserID) values ('321 Maplewood Dr Somerville MA', '20');
insert into User_Location (Location, UserID) values ('654 Hillside Ct Rivertown MA', '17');
insert into User_Location (Location, UserID) values ('123 Poplarwood Ct Cambridge MA', '9');
insert into User_Location (Location, UserID) values ('123 Elmwood Dr Springfield MA', '33');
insert into User_Location (Location, UserID) values ('789 Pine St Boston MA', '8');
insert into User_Location (Location, UserID) values ('234 Pinehurst Rd Springfield MA', '14');
insert into User_Location (Location, UserID) values ('654 Pineview Rd Cambridge MA', '15');
insert into User_Location (Location, UserID) values ('789 Meadow Ln Rivertown MA', '22');
insert into User_Location (Location, UserID) values ('789 Birchwood Ln Somerville MA', '5');
insert into User_Location (Location, UserID) values ('543 Birchwood Ave Cambridge MA', '2');
insert into User_Location (Location, UserID) values ('234 Forest Rd Rivertown MA', '3');
insert into User_Location (Location, UserID) values ('654 Walnut Grove Ct Springfield MA', '4');
insert into User_Location (Location, UserID) values ('321 Maplewood Dr Somerville MA', '13');
insert into User_Location (Location, UserID) values ('123 Walnut St Boston MA', '18');
insert into User_Location (Location, UserID) values ('456 Lakeview Ave Rivertown MA', '19');
insert into User_Location (Location, UserID) values ('567 Cedarwood Blvd Somerville MA', '1');
insert into User_Location (Location, UserID) values ('567 Cedarwood Blvd Springfield MA', '31');
insert into User_Location (Location, UserID) values ('432 Riverside Cir Rivertown MA', '32');
insert into User_Location (Location, UserID) values ('456 Elm St Boston MA', '16');
insert into User_Location (Location, UserID) values ('654 Poplar St Boston MA', '34');
insert into User_Location (Location, UserID) values ('098 Chestnutwood Rd Springfield MA', '29');
insert into User_Location (Location, UserID) values ('567 Cedarwood Blvd Somerville MA', '21');
insert into User_Location (Location, UserID) values ('789 Birchwood Ln Somerville MA', '24');
insert into User_Location (Location, UserID) values ('567 Cedarwood Blvd Springfield MA', '26');
insert into User_Location (Location, UserID) values ('123 Elmwood Dr Springfield MA', '27');
insert into User_Location (Location, UserID) values ('123 Pine Ave Boston MA', '10');
insert into User_Location (Location, UserID) values ('321 Maplewood Dr Springfield MA', '30');
insert into User_Location (Location, UserID) values ('123 Pine Ave Boston MA', '6');
insert into User_Location (Location, UserID) values ('890 Lakeside Way Rivertown MA', '28');
insert into User_Location (Location, UserID) values ('890 Oakwood Way Springfield MA', '25');
insert into User_Location (Location, UserID) values ('789 Birch St Boston MA', '11');
insert into User_Location (Location, UserID) values ('543 Maple Ave Rivertown MA', '12');
insert into User_Location (Location, UserID) values ('456 Chestnutview Ave Somerville MA', '22');
insert into User_Location (Location, UserID) values ('789 Pine St Boston MA', '32');
insert into User_Location (Location, UserID) values ('321 Pine St Boston MA', '10');
insert into User_Location (Location, UserID) values ('456 Ash St Boston MA', '34');
insert into User_Location (Location, UserID) values ('432 Poplarview Cir Springfield MA', '7');
insert into User_Location (Location, UserID) values ('987 Brookside Pl Rivertown MA', '27');
insert into User_Location (Location, UserID) values ('987 Elmwood Park Cambridge MA', '11');
insert into User_Location (Location, UserID) values ('456 Chestnut Hill Ave Springfield MA', '13');
insert into User_Location (Location, UserID) values ('987 Maple St Boston MA', '20');
insert into User_Location (Location, UserID) values ('543 Birchwood Ave Cambridge MA', '24');
insert into User_Location (Location, UserID) values ('765 Elmwood St Springfield MA', '23');
insert into User_Location (Location, UserID) values ('321 Maplewood Dr Springfield MA', '4');
insert into User_Location (Location, UserID) values ('123 Pine Ave Boston MA', '17');
insert into User_Location (Location, UserID) values ('234 Forest Rd Rivertown MA', '8');
insert into User_Location (Location, UserID) values ('987 Ashland Pl Somerville MA', '3');
insert into User_Location (Location, UserID) values ('987 Ashwood Pl Springfield MA', '33');
insert into User_Location (Location, UserID) values ('654 Pineview Rd Cambridge MA', '19');
insert into User_Location (Location, UserID) values ('789 Pine St Boston MA', '35');
insert into User_Location (Location, UserID) values ('432 Poplar Cir Cambridge MA', '18');
insert into User_Location (Location, UserID) values ('456 Elm St Boston MA', '25');
insert into User_Location (Location, UserID) values ('234 Pinehurst Rd Somerville MA', '2');
insert into User_Location (Location, UserID) values ('789 Birchwood Ln Somerville MA', '15');
insert into User_Location (Location, UserID) values ('654 Pineview Rd Cambridge MA', '1');
insert into User_Location (Location, UserID) values ('890 Lakeside Way Rivertown MA', '9');

/* user_to_activity */
insert into User_to_Activity (UserID, ActivityID) values ('32', '5');
insert into User_to_Activity (UserID, ActivityID) values ('20', '1');
insert into User_to_Activity (UserID, ActivityID) values ('3', '4');
insert into User_to_Activity (UserID, ActivityID) values ('1', '3');
insert into User_to_Activity (UserID, ActivityID) values ('31', '7');
insert into User_to_Activity (UserID, ActivityID) values ('17', '6');
insert into User_to_Activity (UserID, ActivityID) values ('29', '8');
insert into User_to_Activity (UserID, ActivityID) values ('13', '2');
insert into User_to_Activity (UserID, ActivityID) values ('25', '4');
insert into User_to_Activity (UserID, ActivityID) values ('14', '7');
insert into User_to_Activity (UserID, ActivityID) values ('33', '2');
insert into User_to_Activity (UserID, ActivityID) values ('21', '5');
insert into User_to_Activity (UserID, ActivityID) values ('2', '8');
insert into User_to_Activity (UserID, ActivityID) values ('23', '1');
insert into User_to_Activity (UserID, ActivityID) values ('6', '3');
insert into User_to_Activity (UserID, ActivityID) values ('35', '6');
insert into User_to_Activity (UserID, ActivityID) values ('27', '3');
insert into User_to_Activity (UserID, ActivityID) values ('7', '4');
insert into User_to_Activity (UserID, ActivityID) values ('30', '7');
insert into User_to_Activity (UserID, ActivityID) values ('4', '6');
insert into User_to_Activity (UserID, ActivityID) values ('9', '2');
insert into User_to_Activity (UserID, ActivityID) values ('24', '5');
insert into User_to_Activity (UserID, ActivityID) values ('12', '1');
insert into User_to_Activity (UserID, ActivityID) values ('18', '8');
insert into User_to_Activity (UserID, ActivityID) values ('19', '7');
insert into User_to_Activity (UserID, ActivityID) values ('34', '4');
insert into User_to_Activity (UserID, ActivityID) values ('10', '3');
insert into User_to_Activity (UserID, ActivityID) values ('22', '8');
insert into User_to_Activity (UserID, ActivityID) values ('26', '1');
insert into User_to_Activity (UserID, ActivityID) values ('5', '6');
insert into User_to_Activity (UserID, ActivityID) values ('15', '5');
insert into User_to_Activity (UserID, ActivityID) values ('11', '2');
insert into User_to_Activity (UserID, ActivityID) values ('28', '1');
insert into User_to_Activity (UserID, ActivityID) values ('8', '7');
insert into User_to_Activity (UserID, ActivityID) values ('16', '6');
insert into User_to_Activity (UserID, ActivityID) values ('31', '3');
insert into User_to_Activity (UserID, ActivityID) values ('24', '4');
insert into User_to_Activity (UserID, ActivityID) values ('33', '8');
insert into User_to_Activity (UserID, ActivityID) values ('6', '5');
insert into User_to_Activity (UserID, ActivityID) values ('34', '2');
insert into User_to_Activity (UserID, ActivityID) values ('32', '8');
insert into User_to_Activity (UserID, ActivityID) values ('13', '4');
insert into User_to_Activity (UserID, ActivityID) values ('15', '2');
insert into User_to_Activity (UserID, ActivityID) values ('12', '7');
insert into User_to_Activity (UserID, ActivityID) values ('1', '5');
insert into User_to_Activity (UserID, ActivityID) values ('8', '3');
insert into User_to_Activity (UserID, ActivityID) values ('25', '1');
insert into User_to_Activity (UserID, ActivityID) values ('23', '6');
insert into User_to_Activity (UserID, ActivityID) values ('27', '8');
insert into User_to_Activity (UserID, ActivityID) values ('10', '5');
insert into User_to_Activity (UserID, ActivityID) values ('35', '6');
insert into User_to_Activity (UserID, ActivityID) values ('9', '2');
insert into User_to_Activity (UserID, ActivityID) values ('29', '4');
insert into User_to_Activity (UserID, ActivityID) values ('5', '1');
insert into User_to_Activity (UserID, ActivityID) values ('2', '3');
insert into User_to_Activity (UserID, ActivityID) values ('14', '7');
insert into User_to_Activity (UserID, ActivityID) values ('28', '4');
insert into User_to_Activity (UserID, ActivityID) values ('21', '1');
insert into User_to_Activity (UserID, ActivityID) values ('26', '7');
insert into User_to_Activity (UserID, ActivityID) values ('19', '5');
insert into User_to_Activity (UserID, ActivityID) values ('20', '3');
insert into User_to_Activity (UserID, ActivityID) values ('7', '6');
insert into User_to_Activity (UserID, ActivityID) values ('22', '2');
insert into User_to_Activity (UserID, ActivityID) values ('3', '8');
insert into User_to_Activity (UserID, ActivityID) values ('11', '6');
insert into User_to_Activity (UserID, ActivityID) values ('18', '1');
insert into User_to_Activity (UserID, ActivityID) values ('16', '3');
insert into User_to_Activity (UserID, ActivityID) values ('4', '2');
insert into User_to_Activity (UserID, ActivityID) values ('17', '8');
insert into User_to_Activity (UserID, ActivityID) values ('30', '7');
insert into User_to_Activity (UserID, ActivityID) values ('25', '5');
insert into User_to_Activity (UserID, ActivityID) values ('18', '4');
insert into User_to_Activity (UserID, ActivityID) values ('20', '1');
insert into User_to_Activity (UserID, ActivityID) values ('14', '4');
insert into User_to_Activity (UserID, ActivityID) values ('17', '7');
insert into User_to_Activity (UserID, ActivityID) values ('23', '5');
insert into User_to_Activity (UserID, ActivityID) values ('12', '2');
insert into User_to_Activity (UserID, ActivityID) values ('32', '3');
insert into User_to_Activity (UserID, ActivityID) values ('6', '6');
insert into User_to_Activity (UserID, ActivityID) values ('27', '8');
insert into User_to_Activity (UserID, ActivityID) values ('24', '2');
insert into User_to_Activity (UserID, ActivityID) values ('22', '3');
insert into User_to_Activity (UserID, ActivityID) values ('33', '1');
insert into User_to_Activity (UserID, ActivityID) values ('5', '8');
insert into User_to_Activity (UserID, ActivityID) values ('9', '7');
insert into User_to_Activity (UserID, ActivityID) values ('16', '6');
insert into User_to_Activity (UserID, ActivityID) values ('35', '5');
insert into User_to_Activity (UserID, ActivityID) values ('19', '4');
insert into User_to_Activity (UserID, ActivityID) values ('13', '5');
insert into User_to_Activity (UserID, ActivityID) values ('2', '4');
insert into User_to_Activity (UserID, ActivityID) values ('7', '3');
insert into User_to_Activity (UserID, ActivityID) values ('1', '7');
insert into User_to_Activity (UserID, ActivityID) values ('8', '6');
insert into User_to_Activity (UserID, ActivityID) values ('15', '1');
insert into User_to_Activity (UserID, ActivityID) values ('30', '2');
insert into User_to_Activity (UserID, ActivityID) values ('4', '8');
insert into User_to_Activity (UserID, ActivityID) values ('11', '4');
insert into User_to_Activity (UserID, ActivityID) values ('10', '1');
insert into User_to_Activity (UserID, ActivityID) values ('29', '7');
insert into User_to_Activity (UserID, ActivityID) values ('28', '6');
insert into User_to_Activity (UserID, ActivityID) values ('26', '8');
insert into User_to_Activity (UserID, ActivityID) values ('3', '3');
insert into User_to_Activity (UserID, ActivityID) values ('34', '5');
insert into User_to_Activity (UserID, ActivityID) values ('21', '2');
insert into User_to_Activity (UserID, ActivityID) values ('31', '8');
insert into User_to_Activity (UserID, ActivityID) values ('29', '1');
insert into User_to_Activity (UserID, ActivityID) values ('2', '6');
insert into User_to_Activity (UserID, ActivityID) values ('9', '2');
insert into User_to_Activity (UserID, ActivityID) values ('6', '3');
insert into User_to_Activity (UserID, ActivityID) values ('28', '4');
insert into User_to_Activity (UserID, ActivityID) values ('18', '5');
insert into User_to_Activity (UserID, ActivityID) values ('1', '7');
insert into User_to_Activity (UserID, ActivityID) values ('12', '2');
insert into User_to_Activity (UserID, ActivityID) values ('26', '5');
insert into User_to_Activity (UserID, ActivityID) values ('13', '8');
insert into User_to_Activity (UserID, ActivityID) values ('24', '1');
insert into User_to_Activity (UserID, ActivityID) values ('16', '7');
insert into User_to_Activity (UserID, ActivityID) values ('25', '4');
insert into User_to_Activity (UserID, ActivityID) values ('19', '3');
insert into User_to_Activity (UserID, ActivityID) values ('20', '6');
insert into User_to_Activity (UserID, ActivityID) values ('5', '6');
insert into User_to_Activity (UserID, ActivityID) values ('4', '1');
insert into User_to_Activity (UserID, ActivityID) values ('3', '5');
insert into User_to_Activity (UserID, ActivityID) values ('31', '7');
insert into User_to_Activity (UserID, ActivityID) values ('35', '4');
insert into User_to_Activity (UserID, ActivityID) values ('23', '2');
insert into User_to_Activity (UserID, ActivityID) values ('15', '3');
insert into User_to_Activity (UserID, ActivityID) values ('14', '8');
insert into User_to_Activity (UserID, ActivityID) values ('17', '2');
insert into User_to_Activity (UserID, ActivityID) values ('10', '8');
insert into User_to_Activity (UserID, ActivityID) values ('32', '3');
insert into User_to_Activity (UserID, ActivityID) values ('8', '7');
insert into User_to_Activity (UserID, ActivityID) values ('21', '1');
insert into User_to_Activity (UserID, ActivityID) values ('27', '5');
insert into User_to_Activity (UserID, ActivityID) values ('22', '4');
insert into User_to_Activity (UserID, ActivityID) values ('34', '6');
insert into User_to_Activity (UserID, ActivityID) values ('11', '2');
insert into User_to_Activity (UserID, ActivityID) values ('33', '8');
insert into User_to_Activity (UserID, ActivityID) values ('30', '6');
insert into User_to_Activity (UserID, ActivityID) values ('7', '5');
insert into User_to_Activity (UserID, ActivityID) values ('11', '3');
insert into User_to_Activity (UserID, ActivityID) values ('1', '1');
insert into User_to_Activity (UserID, ActivityID) values ('31', '4');
insert into User_to_Activity (UserID, ActivityID) values ('3', '7');
insert into User_to_Activity (UserID, ActivityID) values ('21', '4');
insert into User_to_Activity (UserID, ActivityID) values ('6', '1');
insert into User_to_Activity (UserID, ActivityID) values ('10', '6');
insert into User_to_Activity (UserID, ActivityID) values ('25', '5');
insert into User_to_Activity (UserID, ActivityID) values ('13', '2');
insert into User_to_Activity (UserID, ActivityID) values ('34', '8');
insert into User_to_Activity (UserID, ActivityID) values ('8', '3');
insert into User_to_Activity (UserID, ActivityID) values ('30', '7');
insert into User_to_Activity (UserID, ActivityID) values ('35', '3');
insert into User_to_Activity (UserID, ActivityID) values ('12', '7');
insert into User_to_Activity (UserID, ActivityID) values ('16', '4');
insert into User_to_Activity (UserID, ActivityID) values ('7', '6');
insert into User_to_Activity (UserID, ActivityID) values ('14', '2');
insert into User_to_Activity (UserID, ActivityID) values ('33', '5');
insert into User_to_Activity (UserID, ActivityID) values ('32', '1');
insert into User_to_Activity (UserID, ActivityID) values ('27', '8');
insert into User_to_Activity (UserID, ActivityID) values ('26', '5');
insert into User_to_Activity (UserID, ActivityID) values ('29', '2');
insert into User_to_Activity (UserID, ActivityID) values ('15', '3');
insert into User_to_Activity (UserID, ActivityID) values ('18', '8');
insert into User_to_Activity (UserID, ActivityID) values ('24', '1');
insert into User_to_Activity (UserID, ActivityID) values ('23', '6');
insert into User_to_Activity (UserID, ActivityID) values ('20', '7');
insert into User_to_Activity (UserID, ActivityID) values ('19', '4');
insert into User_to_Activity (UserID, ActivityID) values ('2', '4');
insert into User_to_Activity (UserID, ActivityID) values ('5', '7');
insert into User_to_Activity (UserID, ActivityID) values ('28', '2');
insert into User_to_Activity (UserID, ActivityID) values ('9', '1');
insert into User_to_Activity (UserID, ActivityID) values ('22', '8');
insert into User_to_Activity (UserID, ActivityID) values ('17', '5');
insert into User_to_Activity (UserID, ActivityID) values ('4', '3');
insert into User_to_Activity (UserID, ActivityID) values ('12', '6');
insert into User_to_Activity (UserID, ActivityID) values ('29', '1');
insert into User_to_Activity (UserID, ActivityID) values ('31', '4');
insert into User_to_Activity (UserID, ActivityID) values ('24', '7');
insert into User_to_Activity (UserID, ActivityID) values ('19', '8');
insert into User_to_Activity (UserID, ActivityID) values ('18', '5');
insert into User_to_Activity (UserID, ActivityID) values ('15', '3');
insert into User_to_Activity (UserID, ActivityID) values ('27', '2');
insert into User_to_Activity (UserID, ActivityID) values ('11', '6');
insert into User_to_Activity (UserID, ActivityID) values ('32', '6');
insert into User_to_Activity (UserID, ActivityID) values ('28', '3');
insert into User_to_Activity (UserID, ActivityID) values ('5', '4');
insert into User_to_Activity (UserID, ActivityID) values ('4', '7');
insert into User_to_Activity (UserID, ActivityID) values ('7', '8');
insert into User_to_Activity (UserID, ActivityID) values ('6', '1');
insert into User_to_Activity (UserID, ActivityID) values ('33', '5');
insert into User_to_Activity (UserID, ActivityID) values ('13', '2');
insert into User_to_Activity (UserID, ActivityID) values ('14', '7');
insert into User_to_Activity (UserID, ActivityID) values ('3', '8');
insert into User_to_Activity (UserID, ActivityID) values ('26', '1');
insert into User_to_Activity (UserID, ActivityID) values ('22', '4');
insert into User_to_Activity (UserID, ActivityID) values ('25', '3');
insert into User_to_Activity (UserID, ActivityID) values ('2', '5');
insert into User_to_Activity (UserID, ActivityID) values ('20', '2');
insert into User_to_Activity (UserID, ActivityID) values ('17', '6');

/* Interests/Hobbies */
insert into Interests_Hobbies (InterestHobbiesID ,  Physical , Art , Music, Cooking, UserID) values (1, 'biking', 'Digital art creation', 'Jazz', 'Sauteing', '5');
insert into Interests_Hobbies (InterestHobbiesID ,  Physical , Art , Music, Cooking, UserID) values (2, 'skiing', 'Glassblowing', 'Latin', 'Indonesian', '27');
insert into Interests_Hobbies (InterestHobbiesID ,  Physical , Art , Music, Cooking, UserID) values (3, 'biking', 'Knitting', 'Ska', 'Vietnamese', '8');
insert into Interests_Hobbies (InterestHobbiesID ,  Physical , Art , Music, Cooking, UserID) values (4, 'Surfing', 'Pencil sketching', 'Death metal', 'French', '22');
insert into Interests_Hobbies (InterestHobbiesID ,  Physical , Art , Music, Cooking, UserID) values (5, 'Tennis', 'Quilting', 'Country', 'Vietnamese', '19');
insert into Interests_Hobbies (InterestHobbiesID ,  Physical , Art , Music, Cooking, UserID) values (6, 'fencing', 'Digital art creation', 'Country rock', 'French', '14');
insert into Interests_Hobbies (InterestHobbiesID ,  Physical , Art , Music, Cooking, UserID) values (7, 'fencing', 'Calligraphy', 'Progressive rock', 'Greek', '24');
insert into Interests_Hobbies (InterestHobbiesID ,  Physical , Art , Music, Cooking, UserID) values (8, 'fencing', 'Collage making', 'Ambient', 'Preserving', '18');
insert into Interests_Hobbies (InterestHobbiesID ,  Physical , Art , Music, Cooking, UserID) values (9, 'Surfing', 'Graphic design', 'Jazz', 'Grilling', '16');
insert into Interests_Hobbies (InterestHobbiesID ,  Physical , Art , Music, Cooking, UserID) values (10, 'fencing', 'Jewelry making', 'New wave', 'Moroccan', '28');
insert into Interests_Hobbies (InterestHobbiesID ,  Physical , Art , Music, Cooking, UserID) values (11, 'yoga', 'Woodworking', 'Salsa', 'Turkish', '7');
insert into Interests_Hobbies (InterestHobbiesID ,  Physical , Art , Music, Cooking, UserID) values (12, 'zumba', 'Digital art creation', 'Classical', 'Portuguese', '23');
insert into Interests_Hobbies (InterestHobbiesID ,  Physical , Art , Music, Cooking, UserID) values (13, 'Surfing', 'Painting', 'Dance', 'Preserving', '25');
insert into Interests_Hobbies (InterestHobbiesID ,  Physical , Art , Music, Cooking, UserID) values (14, 'Tennis', 'Watercolor painting', 'Reggae', 'Indonesian', '20');
insert into Interests_Hobbies (InterestHobbiesID ,  Physical , Art , Music, Cooking, UserID) values (15, 'Basketball', 'Pottery', 'Ska', 'Spanish', '30');
insert into Interests_Hobbies (InterestHobbiesID ,  Physical , Art , Music, Cooking, UserID) values (16, 'Golf', 'Woodworking', 'Synth-pop', 'Argentinean', '29');
insert into Interests_Hobbies (InterestHobbiesID ,  Physical , Art , Music, Cooking, UserID) values (17, 'Tennis', 'Crocheting', 'Blues', 'Peruvian', '3');
insert into Interests_Hobbies (InterestHobbiesID ,  Physical , Art , Music, Cooking, UserID) values (18, 'skiing', 'Jewelry making', 'Techno', 'Caribbean', '6');
insert into Interests_Hobbies (InterestHobbiesID ,  Physical , Art , Music, Cooking, UserID) values (19, 'yoga', 'Acrylic painting', 'Ska', 'Peruvian', '32');
insert into Interests_Hobbies (InterestHobbiesID ,  Physical , Art , Music, Cooking, UserID) values (20, 'dance', 'Woodworking', 'Salsa', 'Caribbean', '33');
insert into Interests_Hobbies (InterestHobbiesID ,  Physical , Art , Music, Cooking, UserID) values (21, 'Rock climbing', 'Glassblowing', 'Trance', 'Malaysian', '11');
insert into Interests_Hobbies (InterestHobbiesID ,  Physical , Art , Music, Cooking, UserID) values (22, 'fencing', 'Graphic design', 'Orchestral', 'Portuguese', '10');
insert into Interests_Hobbies (InterestHobbiesID ,  Physical , Art , Music, Cooking, UserID) values (23, 'dance', 'Painting', 'Techno', 'Broiling', '9');
insert into Interests_Hobbies (InterestHobbiesID ,  Physical , Art , Music, Cooking, UserID) values (24, 'dance', 'Calligraphy', 'Acoustic', 'Italian', '31');
insert into Interests_Hobbies (InterestHobbiesID ,  Physical , Art , Music, Cooking, UserID) values (25, 'Hockey', 'Sewing', 'Emo', 'Braising', '34');
insert into Interests_Hobbies (InterestHobbiesID ,  Physical , Art , Music, Cooking, UserID) values (26, 'running', 'Oil painting', 'R&B', 'Broiling', '13');
insert into Interests_Hobbies (InterestHobbiesID ,  Physical , Art , Music, Cooking, UserID) values (27, 'skiing', 'Watercolor painting', 'Death metal', 'Steaming', '17');
insert into Interests_Hobbies (InterestHobbiesID ,  Physical , Art , Music, Cooking, UserID) values (28, 'skiing', 'Quilting', 'Synth-pop', 'Mediterranean', '15');
insert into Interests_Hobbies (InterestHobbiesID ,  Physical , Art , Music, Cooking, UserID) values (29, 'Hockey', 'Pottery', 'Indie', 'Italian', '35');
insert into Interests_Hobbies (InterestHobbiesID ,  Physical , Art , Music, Cooking, UserID) values (30, 'yoga', 'Crocheting', 'Blues', 'Peruvian', '26');

/* payment plan */
insert into PaymentPlan (PaymentID, Paid, PaymentMethod, UserID) values (1, 1, 'Gift Card', '9');
insert into PaymentPlan (PaymentID, Paid, PaymentMethod, UserID) values (2, 0, 'Cash', '4');
insert into PaymentPlan (PaymentID, Paid, PaymentMethod, UserID) values (3, 0, 'Credit Card', '30');
insert into PaymentPlan (PaymentID, Paid, PaymentMethod, UserID) values (4, 0, 'Bitcoin', '3');
insert into PaymentPlan (PaymentID, Paid, PaymentMethod, UserID) values (5, 0, 'Bitcoin', '23');
insert into PaymentPlan (PaymentID, Paid, PaymentMethod, UserID) values (6, 1, 'PayPal', '7');
insert into PaymentPlan (PaymentID, Paid, PaymentMethod, UserID) values (7, 1, 'Cash', '34');
insert into PaymentPlan (PaymentID, Paid, PaymentMethod, UserID) values (8, 1, 'Bank Transfer', '32');
insert into PaymentPlan (PaymentID, Paid, PaymentMethod, UserID) values (9, 1, 'Cash', '1');
insert into PaymentPlan (PaymentID, Paid, PaymentMethod, UserID) values (10, 0, 'PayPal', '27');
insert into PaymentPlan (PaymentID, Paid, PaymentMethod, UserID) values (11, 0, 'Apple Pay', '14');
insert into PaymentPlan (PaymentID, Paid, PaymentMethod, UserID) values (12, 1, 'Apple Pay', '31');
insert into PaymentPlan (PaymentID, Paid, PaymentMethod, UserID) values (13, 0, 'Cash', '29');
insert into PaymentPlan (PaymentID, Paid, PaymentMethod, UserID) values (14, 1, 'Credit Card', '10');
insert into PaymentPlan (PaymentID, Paid, PaymentMethod, UserID) values (15, 1, 'Venmo', '24');
insert into PaymentPlan (PaymentID, Paid, PaymentMethod, UserID) values (16, 1, 'Zelle', '11');
insert into PaymentPlan (PaymentID, Paid, PaymentMethod, UserID) values (17, 1, 'Credit Card', '25');
insert into PaymentPlan (PaymentID, Paid, PaymentMethod, UserID) values (18, 0, 'Bank Transfer', '15');
insert into PaymentPlan (PaymentID, Paid, PaymentMethod, UserID) values (19, 0, 'Apple Pay', '28');
insert into PaymentPlan (PaymentID, Paid, PaymentMethod, UserID) values (20, 0, 'Cash', '33');
insert into PaymentPlan (PaymentID, Paid, PaymentMethod, UserID) values (21, 1, 'Bitcoin', '26');
insert into PaymentPlan (PaymentID, Paid, PaymentMethod, UserID) values (22, 0, 'Bank Transfer', '8');
insert into PaymentPlan (PaymentID, Paid, PaymentMethod, UserID) values (23, 1, 'Gift Card', '13');
insert into PaymentPlan (PaymentID, Paid, PaymentMethod, UserID) values (24, 1, 'Google Pay', '2');
insert into PaymentPlan (PaymentID, Paid, PaymentMethod, UserID) values (25, 1, 'Gift Card', '17');
insert into PaymentPlan (PaymentID, Paid, PaymentMethod, UserID) values (26, 1, 'Bank Transfer', '6');
insert into PaymentPlan (PaymentID, Paid, PaymentMethod, UserID) values (27, 1, 'Cash', '16');
insert into PaymentPlan (PaymentID, Paid, PaymentMethod, UserID) values (28, 0, 'Venmo', '35');
insert into PaymentPlan (PaymentID, Paid, PaymentMethod, UserID) values (29, 1, 'Credit Card', '5');
insert into PaymentPlan (PaymentID, Paid, PaymentMethod, UserID) values (30, 0, 'Venmo', '22');

/* Movies */
insert into Movies (MovieID, Name, OverallRating, Genre, Activity_Type_ID) values (1, 'Galaxy Grandview Cinemas Showcase', 2, 'Science Fiction Drama', '5');
insert into Movies (MovieID, Name, OverallRating, Genre, Activity_Type_ID) values (2, 'Dreamland Dreamplex', 5, 'Techno-Thriller', '5');
insert into Movies (MovieID, Name, OverallRating, Genre, Activity_Type_ID) values (3, 'Cinema Celestial Showcase Lounge Theater', 5, 'Disaster', '5');
insert into Movies (MovieID, Name, OverallRating, Genre, Activity_Type_ID) values (4, 'Movie Magic Multiplex', 1, 'Slasher', '5');
insert into Movies (MovieID, Name, OverallRating, Genre, Activity_Type_ID) values (5, 'Galaxy Heights Theater', 4, 'Teen Comedy', '5');
insert into Movies (MovieID, Name, OverallRating, Genre, Activity_Type_ID) values (6, 'Cinematic Odyssey', 1, 'Political', '5');
insert into Movies (MovieID, Name, OverallRating, Genre, Activity_Type_ID) values (7, 'Regal Cinemacity', 1, 'Spy Comedy', '5');
insert into Movies (MovieID, Name, OverallRating, Genre, Activity_Type_ID) values (8, 'Vista Vista Vista Vista Theaters Lounge Showcase', 3, 'Monster', '5');
insert into Movies (MovieID, Name, OverallRating, Genre, Activity_Type_ID) values (9, 'Cinema Celestial Showcase Lounge Theater', 2, 'Supernatural Drama', '5');
insert into Movies (MovieID, Name, OverallRating, Genre, Activity_Type_ID) values (10, 'Odeon Oasis Theaters', 2, 'Crime', '5');
insert into Movies (MovieID, Name, OverallRating, Genre, Activity_Type_ID) values (11, 'Galaxy Grandview Cinemas Showcase Theater', 3, 'Spy Comedy', '5');
insert into Movies (MovieID, Name, OverallRating, Genre, Activity_Type_ID) values (12, 'Vista Vista Vista Vista Theaters Lounge', 4, 'Medical Drama', '5');
insert into Movies (MovieID, Name, OverallRating, Genre, Activity_Type_ID) values (13, 'Showtime Showcase', 5, 'Mockumentary Comedy', '5');
insert into Movies (MovieID, Name, OverallRating, Genre, Activity_Type_ID) values (14, 'Golden Gate Cinemas', 5, 'Military', '5');
insert into Movies (MovieID, Name, OverallRating, Genre, Activity_Type_ID) values (15, 'Odeon Odyssey Cinemas Lounge Showcase Theater', 5, 'Western Comedy', '5');
insert into Movies (MovieID, Name, OverallRating, Genre, Activity_Type_ID) values (16, 'Starlight Cinematheque', 4, 'Heist', '5');
insert into Movies (MovieID, Name, OverallRating, Genre, Activity_Type_ID) values (17, 'Grandview Cinemas', 2, 'Urban', '5');
insert into Movies (MovieID, Name, OverallRating, Genre, Activity_Type_ID) values (18, 'Dreamland Deluxe Cinemas', 4, 'Psychological Thriller', '5');
insert into Movies (MovieID, Name, OverallRating, Genre, Activity_Type_ID) values (19, 'Golden Gate Cinemas', 1, 'Legal Drama', '5');
insert into Movies (MovieID, Name, OverallRating, Genre, Activity_Type_ID) values (20, 'Starlight Cinematheque', 5, 'Silent', '5');
insert into Movies (MovieID, Name, OverallRating, Genre, Activity_Type_ID) values (21, 'Cinema Celestial Showcase', 3, 'Western', '5');
insert into Movies (MovieID, Name, OverallRating, Genre, Activity_Type_ID) values (22, 'Dreamland Deluxe Movieplex Theater', 5, 'Urban Drama', '5');
insert into Movies (MovieID, Name, OverallRating, Genre, Activity_Type_ID) values (23, 'Harmony Cinematica', 4, 'Musical', '5');
insert into Movies (MovieID, Name, OverallRating, Genre, Activity_Type_ID) values (24, 'Paramount Picture House', 4, 'Romance', '5');
insert into Movies (MovieID, Name, OverallRating, Genre, Activity_Type_ID) values (25, 'Riviera Cinemas', 1, 'Horror', '5');
insert into Movies (MovieID, Name, OverallRating, Genre, Activity_Type_ID) values (26, 'Starlight Stardust Cinema Lounge Showcase', 4, 'Medical Drama', '5');
insert into Movies (MovieID, Name, OverallRating, Genre, Activity_Type_ID) values (27, 'Starlight Cinematheque', 4, 'Military', '5');
insert into Movies (MovieID, Name, OverallRating, Genre, Activity_Type_ID) values (28, 'Galaxy Heights Theater', 3, 'Tragedy', '5');
insert into Movies (MovieID, Name, OverallRating, Genre, Activity_Type_ID) values (29, 'Cinema Celestial Showcase Lounge', 2, 'Fantasy', '5');
insert into Movies (MovieID, Name, OverallRating, Genre, Activity_Type_ID) values (30, 'Vista Vista Vista Theaters', 5, 'Eco-Thriller', '5');
insert into Movies (MovieID, Name, OverallRating, Genre, Activity_Type_ID) values (31, 'Showtime Showcase', 2, 'War Comedy', '5');
insert into Movies (MovieID, Name, OverallRating, Genre, Activity_Type_ID) values (32, 'Harmony Hilltop Theater Lounge Cinema', 2, 'Urban', '5');
insert into Movies (MovieID, Name, OverallRating, Genre, Activity_Type_ID) values (33, 'Velvet Cinema Lounge', 1, 'Satire', '5');
insert into Movies (MovieID, Name, OverallRating, Genre, Activity_Type_ID) values (34, 'Hollywood Heights Theater', 1, 'Buddy Cop', '5');
insert into Movies (MovieID, Name, OverallRating, Genre, Activity_Type_ID) values (35, 'Regal Royale Reel House Cinema', 3, 'Epic', '5');
insert into Movies (MovieID, Name, OverallRating, Genre, Activity_Type_ID) values (36, 'Odeon Oasis Theaters', 3, 'Disaster', '5');
insert into Movies (MovieID, Name, OverallRating, Genre, Activity_Type_ID) values (37, 'Silver Screen Showcase', 5, 'Slasher', '5');
insert into Movies (MovieID, Name, OverallRating, Genre, Activity_Type_ID) values (38, 'Harmony Hill Movie House', 1, 'Teen', '5');
insert into Movies (MovieID, Name, OverallRating, Genre, Activity_Type_ID) values (39, 'Harmony Hilltop Theater', 4, 'Teen Drama', '5');
insert into Movies (MovieID, Name, OverallRating, Genre, Activity_Type_ID) values (40, 'Empire Movie Palace', 2, 'Science Fiction', '5');

/* Movie_location */

insert into Movies_Location (MovieID, Location) values ('28', '77 Cherry Street Boston MA 02108');
insert into Movies_Location (MovieID, Location) values ('20', '20 Cedar Road Quincy MA 02169');
insert into Movies_Location (MovieID, Location) values ('40', '23 Pine Lane Springfield MA 01113');
insert into Movies_Location (MovieID, Location) values ('33', '88 Elmwood Avenue Lowell MA 01851');
insert into Movies_Location (MovieID, Location) values ('22', '7 Hillside Drive Peabody MA 01960');
insert into Movies_Location (MovieID, Location) values ('3', '8 Hillcrest Drive Salem MA 01970');
insert into Movies_Location (MovieID, Location) values ('13', '32 Riverfront Avenue Medford MA 02155');
insert into Movies_Location (MovieID, Location) values ('8', '30 Sunset Boulevard Newton MA 02458');
insert into Movies_Location (MovieID, Location) values ('21', '5 Park Avenue Medford MA 02155');
insert into Movies_Location (MovieID, Location) values ('24', '42 Maple Road Quincy MA 02169');
insert into Movies_Location (MovieID, Location) values ('35', '11 Willow Lane Brockton MA 02301');
insert into Movies_Location (MovieID, Location) values ('16', '32 Riverfront Avenue Medford MA 02155');
insert into Movies_Location (MovieID, Location) values ('30', '25 Highland Drive Attleboro MA 02703');
insert into Movies_Location (MovieID, Location) values ('36', '33 Cedar Drive Somerville MA 02143');
insert into Movies_Location (MovieID, Location) values ('5', '42 Maple Road Quincy MA 02169');
insert into Movies_Location (MovieID, Location) values ('7', '88 Elmwood Avenue Lowell MA 01851');
insert into Movies_Location (MovieID, Location) values ('11', '29 Sunset Road Lynn MA 01905');
insert into Movies_Location (MovieID, Location) values ('18', '7 Hillside Drive Peabody MA 01960');
insert into Movies_Location (MovieID, Location) values ('6', '55 Pine Lane Salem MA 01970');
insert into Movies_Location (MovieID, Location) values ('39', '25 Highland Drive Attleboro MA 02703');
insert into Movies_Location (MovieID, Location) values ('37', '77 Sunset Road Springfield MA 01113');
insert into Movies_Location (MovieID, Location) values ('38', '19 Maple Street Lynn MA 01905');
insert into Movies_Location (MovieID, Location) values ('26', '12 Elm Lane Everett MA 02149');
insert into Movies_Location (MovieID, Location) values ('29', '30 Sunset Boulevard Newton MA 02458');
insert into Movies_Location (MovieID, Location) values ('2', '55 Walnut Avenue Cambridge MA 02138');
insert into Movies_Location (MovieID, Location) values ('34', '50 Forest Lane Haverhill MA 01830');
insert into Movies_Location (MovieID, Location) values ('15', '8 Oak Lane Salem MA 01970');
insert into Movies_Location (MovieID, Location) values ('12', '20 Riverfront Street Framingham MA 01701');
insert into Movies_Location (MovieID, Location) values ('19', '66 Prospect Avenue Revere MA 02151');
insert into Movies_Location (MovieID, Location) values ('32', '14 Oakwood Drive Worcester MA 01608');
insert into Movies_Location (MovieID, Location) values ('27', '21 Cedar Road Framingham MA 01701');
insert into Movies_Location (MovieID, Location) values ('31', '16 Birchwood Lane Newton MA 02458');
insert into Movies_Location (MovieID, Location) values ('14', '55 Walnut Avenue Cambridge MA 02138');
insert into Movies_Location (MovieID, Location) values ('9', '29 Sunset Road Lynn MA 01905');
insert into Movies_Location (MovieID, Location) values ('23', '14 Oakwood Drive Worcester MA 01608');
insert into Movies_Location (MovieID, Location) values ('10', '10 Oakwood Drive Worcester MA 01608');
insert into Movies_Location (MovieID, Location) values ('1', '8 Hillcrest Drive Salem MA 01970');
insert into Movies_Location (MovieID, Location) values ('4', '12 Birchwood Lane Lowell MA 01851');
insert into Movies_Location (MovieID, Location) values ('17', '33 Cedar Drive Somerville MA 02143');
insert into Movies_Location (MovieID, Location) values ('25', '16 Pine Lane Springfield MA 01113');
insert into Movies_Location (MovieID, Location) values ('25', '12 Elm Lane Everett MA 02149');
insert into Movies_Location (MovieID, Location) values ('12', '33 Cedar Drive Somerville MA 02143');
insert into Movies_Location (MovieID, Location) values ('14', '55 Elmwood Terrace Quincy MA 02169');
insert into Movies_Location (MovieID, Location) values ('39', '42 Maple Road Quincy MA 02169');
insert into Movies_Location (MovieID, Location) values ('29', '20 Cedar Road Quincy MA 02169');
insert into Movies_Location (MovieID, Location) values ('9', '42 Maple Road Quincy MA 02169');
insert into Movies_Location (MovieID, Location) values ('23', '10 Oakwood Drive Worcester MA 01608');
insert into Movies_Location (MovieID, Location) values ('13', '32 Riverfront Avenue Medford MA 02155');
insert into Movies_Location (MovieID, Location) values ('3', '20 Riverfront Street Framingham MA 01701');
insert into Movies_Location (MovieID, Location) values ('1', '10 Oakwood Drive Worcester MA 01608');
insert into Movies_Location (MovieID, Location) values ('40', '3 Spring Street Gloucester MA 01930');
insert into Movies_Location (MovieID, Location) values ('35', '55 Walnut Avenue Cambridge MA 02138');
insert into Movies_Location (MovieID, Location) values ('20', '12 Elm Lane Everett MA 02149');
insert into Movies_Location (MovieID, Location) values ('8', '23 Pine Lane Springfield MA 01113');
insert into Movies_Location (MovieID, Location) values ('30', '25 Highland Drive Attleboro MA 02703');
insert into Movies_Location (MovieID, Location) values ('34', '32 Riverfront Avenue Medford MA 02155');
insert into Movies_Location (MovieID, Location) values ('2', '88 Walnut Avenue Cambridge MA 02138');
insert into Movies_Location (MovieID, Location) values ('36', '44 Willow Street Somerville MA 02143');
insert into Movies_Location (MovieID, Location) values ('21', '19 Cherry Street Boston MA 02108');
insert into Movies_Location (MovieID, Location) values ('6', '55 Elmwood Terrace Quincy MA 02169');
insert into Movies_Location (MovieID, Location) values ('7', '19 Maple Street Lynn MA 01905');
insert into Movies_Location (MovieID, Location) values ('16', '29 Sunset Road Lynn MA 01905');
insert into Movies_Location (MovieID, Location) values ('37', '42 Maple Road Quincy MA 02169');
insert into Movies_Location (MovieID, Location) values ('32', '12 Elm Lane Everett MA 02149');
insert into Movies_Location (MovieID, Location) values ('18', '25 Highland Drive Attleboro MA 02703');
insert into Movies_Location (MovieID, Location) values ('27', '16 Birchwood Lane Newton MA 02458');
insert into Movies_Location (MovieID, Location) values ('31', '88 Elmwood Avenue Lowell MA 01851');
insert into Movies_Location (MovieID, Location) values ('24', '8 Highland Drive Brockton MA 02301');
insert into Movies_Location (MovieID, Location) values ('33', '19 Cherry Street Boston MA 02108');
insert into Movies_Location (MovieID, Location) values ('38', '14 Grove Street Taunton MA 02780');
insert into Movies_Location (MovieID, Location) values ('5', '42 Maple Road Quincy MA 02169');
insert into Movies_Location (MovieID, Location) values ('19', '11 Willow Lane Brockton MA 02301');
insert into Movies_Location (MovieID, Location) values ('15', '33 Cedar Drive Somerville MA 02143');
insert into Movies_Location (MovieID, Location) values ('4', '44 Willow Street Somerville MA 02143');
insert into Movies_Location (MovieID, Location) values ('17', '9 Grove Avenue Haverhill MA 01830');
insert into Movies_Location (MovieID, Location) values ('11', '16 Pine Lane Springfield MA 01113');
insert into Movies_Location (MovieID, Location) values ('10', '10 Oakwood Drive Worcester MA 01608');
insert into Movies_Location (MovieID, Location) values ('22', '14 Oakwood Drive Worcester MA 01608');
insert into Movies_Location (MovieID, Location) values ('26', '19 Cherry Street Boston MA 02108');
insert into Movies_Location (MovieID, Location) values ('28', '25 Riverside Drive Lynn MA 01905');
insert into Movies_Location (MovieID, Location) values ('5', '19 Maple Street Lynn MA 01905');
insert into Movies_Location (MovieID, Location) values ('1', '36 Highland Avenue Waltham MA 02451');
insert into Movies_Location (MovieID, Location) values ('6', '17 Oak Street Brookline MA 02445');
insert into Movies_Location (MovieID, Location) values ('14', '44 Willow Street Somerville MA 02143');
insert into Movies_Location (MovieID, Location) values ('37', '16 Birchwood Lane Newton MA 02458');
insert into Movies_Location (MovieID, Location) values ('4', '44 River Drive Malden MA 02148');
insert into Movies_Location (MovieID, Location) values ('28', '16 Birchwood Lane Newton MA 02458');
insert into Movies_Location (MovieID, Location) values ('39', '88 Elmwood Avenue Lowell MA 01851');
insert into Movies_Location (MovieID, Location) values ('10', '42 Maple Road Quincy MA 02169');
insert into Movies_Location (MovieID, Location) values ('38', '16 Pine Lane Springfield MA 01113');
insert into Movies_Location (MovieID, Location) values ('33', '19 Maple Street Lynn MA 01905');
insert into Movies_Location (MovieID, Location) values ('17', '88 Elmwood Avenue Lowell MA 01851');
insert into Movies_Location (MovieID, Location) values ('3', '8 Hillcrest Drive Salem MA 01970');
insert into Movies_Location (MovieID, Location) values ('24', '10 Oakwood Drive Worcester MA 01608');
insert into Movies_Location (MovieID, Location) values ('27', '55 Walnut Avenue Cambridge MA 02138');
insert into Movies_Location (MovieID, Location) values ('18', '8 Hillcrest Drive Salem MA 01970');
insert into Movies_Location (MovieID, Location) values ('31', '7 Hillside Drive Peabody MA 01960');
insert into Movies_Location (MovieID, Location) values ('16', '20 Cedar Road Quincy MA 02169');
insert into Movies_Location (MovieID, Location) values ('23', '30 Sunset Boulevard Newton MA 02458');
insert into Movies_Location (MovieID, Location) values ('19', '21 Cedar Road Framingham MA 01701');
insert into Movies_Location (MovieID, Location) values ('7', '55 Elmwood Terrace Quincy MA 02169');
insert into Movies_Location (MovieID, Location) values ('40', '11 Willow Lane Brockton MA 02301');
insert into Movies_Location (MovieID, Location) values ('8', '20 Cedar Road Quincy MA 02169');
insert into Movies_Location (MovieID, Location) values ('12', '33 Cedar Drive Somerville MA 02143');
insert into Movies_Location (MovieID, Location) values ('35', '33 Elmwood Avenue Newton MA 02458');
insert into Movies_Location (MovieID, Location) values ('9', '25 Highland Drive Attleboro MA 02703');
insert into Movies_Location (MovieID, Location) values ('2', '30 Sunset Boulevard Newton MA 02458');
insert into Movies_Location (MovieID, Location) values ('15', '66 Prospect Avenue Revere MA 02151');
insert into Movies_Location (MovieID, Location) values ('29', '16 Pine Lane Springfield MA 01113');
insert into Movies_Location (MovieID, Location) values ('11', '25 Riverside Drive Lynn MA 01905');
insert into Movies_Location (MovieID, Location) values ('32', '9 Grove Avenue Haverhill MA 01830');
insert into Movies_Location (MovieID, Location) values ('25', '12 Birchwood Lane Lowell MA 01851');
insert into Movies_Location (MovieID, Location) values ('22', '42 Maple Road Quincy MA 02169');
insert into Movies_Location (MovieID, Location) values ('21', '77 Sunset Road Springfield MA 01113');
insert into Movies_Location (MovieID, Location) values ('36', '50 Forest Lane Haverhill MA 01830');
insert into Movies_Location (MovieID, Location) values ('30', '16 Pine Lane Springfield MA 01113');
insert into Movies_Location (MovieID, Location) values ('20', '19 Cherry Street Boston MA 02108');
insert into Movies_Location (MovieID, Location) values ('13', '12 Elm Lane Everett MA 02149');
insert into Movies_Location (MovieID, Location) values ('26', '23 Pine Lane Springfield MA 01113');
insert into Movies_Location (MovieID, Location) values ('34', '14 Grove Street Taunton MA 02780');
insert into Movies_Location (MovieID, Location) values ('30', '20 Riverfront Street Framingham MA 01701');
insert into Movies_Location (MovieID, Location) values ('7', '88 Elmwood Avenue Lowell MA 01851');
insert into Movies_Location (MovieID, Location) values ('17', '20 Riverfront Street Framingham MA 01701');
insert into Movies_Location (MovieID, Location) values ('26', '50 Forest Lane Haverhill MA 01830');
insert into Movies_Location (MovieID, Location) values ('23', '8 Hillcrest Drive Salem MA 01970');
insert into Movies_Location (MovieID, Location) values ('36', '19 Maple Street Lynn MA 01905');
insert into Movies_Location (MovieID, Location) values ('5', '42 Maple Road Quincy MA 02169');
insert into Movies_Location (MovieID, Location) values ('3', '20 Riverfront Street Framingham MA 01701');
insert into Movies_Location (MovieID, Location) values ('39', '12 Elm Lane Everett MA 02149');
insert into Movies_Location (MovieID, Location) values ('11', '11 Willow Lane Brockton MA 02301');
insert into Movies_Location (MovieID, Location) values ('13', '11 Willow Lane Brockton MA 02301');
insert into Movies_Location (MovieID, Location) values ('24', '17 Oak Street Brookline MA 02445');
insert into Movies_Location (MovieID, Location) values ('21', '19 Cherry Street Boston MA 02108');
insert into Movies_Location (MovieID, Location) values ('20', '12 Birchwood Lane Lowell MA 01851');
insert into Movies_Location (MovieID, Location) values ('37', '88 Elmwood Avenue Lowell MA 01851');
insert into Movies_Location (MovieID, Location) values ('22', '44 Willow Street Somerville MA 02143');
insert into Movies_Location (MovieID, Location) values ('4', '33 Cedar Drive Somerville MA 02143');
insert into Movies_Location (MovieID, Location) values ('40', '8 Hillcrest Drive Salem MA 01970');
insert into Movies_Location (MovieID, Location) values ('12', '9 Grove Avenue Haverhill MA 01830');
insert into Movies_Location (MovieID, Location) values ('38', '50 Forest Lane Haverhill MA 01830');
insert into Movies_Location (MovieID, Location) values ('14', '14 Oakwood Drive Worcester MA 01608');
insert into Movies_Location (MovieID, Location) values ('27', '19 Maple Street Lynn MA 01905');
insert into Movies_Location (MovieID, Location) values ('18', '12 Birchwood Lane Lowell MA 01851');
insert into Movies_Location (MovieID, Location) values ('2', '11 Willow Lane Brockton MA 02301');
insert into Movies_Location (MovieID, Location) values ('8', '23 Pine Lane Springfield MA 01113');
insert into Movies_Location (MovieID, Location) values ('28', '42 Maple Road Quincy MA 02169');
insert into Movies_Location (MovieID, Location) values ('16', '19 Cherry Street Boston MA 02108');
insert into Movies_Location (MovieID, Location) values ('33', '12 Elm Lane Everett MA 02149');
insert into Movies_Location (MovieID, Location) values ('25', '20 Riverfront Street Framingham MA 01701');
insert into Movies_Location (MovieID, Location) values ('19', '25 Riverside Drive Lynn MA 01905');
insert into Movies_Location (MovieID, Location) values ('9', '8 Hillcrest Drive Salem MA 01970');
insert into Movies_Location (MovieID, Location) values ('32', '19 Maple Street Lynn MA 01905');
insert into Movies_Location (MovieID, Location) values ('35', '20 Cedar Road Quincy MA 02169');
insert into Movies_Location (MovieID, Location) values ('10', '3 Spring Street Gloucester MA 01930');
insert into Movies_Location (MovieID, Location) values ('1', '42 Maple Road Quincy MA 02169');
insert into Movies_Location (MovieID, Location) values ('15', '14 Oakwood Drive Worcester MA 01608');
insert into Movies_Location (MovieID, Location) values ('31', '42 Maple Road Quincy MA 02169');
insert into Movies_Location (MovieID, Location) values ('6', '23 Pine Lane Springfield MA 01113');
insert into Movies_Location (MovieID, Location) values ('34', '5 Park Avenue Medford MA 02155');
insert into Movies_Location (MovieID, Location) values ('29', '25 Highland Drive Attleboro MA 02703');
insert into Movies_Location (MovieID, Location) values ('38', '29 Sunset Road Lynn MA 01905');
insert into Movies_Location (MovieID, Location) values ('10', '12 Birchwood Lane Lowell MA 01851');
insert into Movies_Location (MovieID, Location) values ('33', '44 River Drive Malden MA 02148');
insert into Movies_Location (MovieID, Location) values ('32', '21 Cedar Road Framingham MA 01701');
insert into Movies_Location (MovieID, Location) values ('40', '12 Birchwood Lane Lowell MA 01851');
insert into Movies_Location (MovieID, Location) values ('29', '9 Grove Avenue Haverhill MA 01830');
insert into Movies_Location (MovieID, Location) values ('1', '11 Willow Lane Brockton MA 02301');
insert into Movies_Location (MovieID, Location) values ('24', '7 Hillside Drive Peabody MA 01960');
insert into Movies_Location (MovieID, Location) values ('15', '77 Cherry Street Boston MA 02108');
insert into Movies_Location (MovieID, Location) values ('26', '20 Cedar Road Quincy MA 02169');
insert into Movies_Location (MovieID, Location) values ('19', '19 Maple Street Lynn MA 01905');
insert into Movies_Location (MovieID, Location) values ('36', '8 Oak Lane Salem MA 01970');
insert into Movies_Location (MovieID, Location) values ('27', '29 Sunset Road Lynn MA 01905');
insert into Movies_Location (MovieID, Location) values ('4', '10 Oakwood Drive Worcester MA 01608');
insert into Movies_Location (MovieID, Location) values ('11', '36 Highland Avenue Waltham MA 02451');
insert into Movies_Location (MovieID, Location) values ('31', '55 Elmwood Terrace Quincy MA 02169');
insert into Movies_Location (MovieID, Location) values ('9', '10 Oakwood Drive Worcester MA 01608');
insert into Movies_Location (MovieID, Location) values ('16', '42 Maple Road Quincy MA 02169');
insert into Movies_Location (MovieID, Location) values ('3', '10 Oakwood Drive Worcester MA 01608');
insert into Movies_Location (MovieID, Location) values ('8', '42 Maple Road Quincy MA 02169');
insert into Movies_Location (MovieID, Location) values ('18', '10 Oakwood Drive Worcester MA 01608');
insert into Movies_Location (MovieID, Location) values ('34', '33 Elmwood Avenue Newton MA 02458');
insert into Movies_Location (MovieID, Location) values ('5', '42 Maple Road Quincy MA 02169');
insert into Movies_Location (MovieID, Location) values ('12', '77 Cherry Street Boston MA 02108');
insert into Movies_Location (MovieID, Location) values ('20', '17 Oak Street Brookline MA 02445');
insert into Movies_Location (MovieID, Location) values ('28', '5 Park Avenue Medford MA 02155');
insert into Movies_Location (MovieID, Location) values ('25', '8 Oak Lane Salem MA 01970');
insert into Movies_Location (MovieID, Location) values ('35', '20 Cedar Road Quincy MA 02169');
insert into Movies_Location (MovieID, Location) values ('37', '42 Maple Road Quincy MA 02169');
insert into Movies_Location (MovieID, Location) values ('7', '25 Highland Drive Attleboro MA 02703');
insert into Movies_Location (MovieID, Location) values ('17', '16 Pine Lane Springfield MA 01113');
insert into Movies_Location (MovieID, Location) values ('13', '32 Riverfront Avenue Medford MA 02155');
insert into Movies_Location (MovieID, Location) values ('6', '55 Pine Lane Salem MA 01970');
insert into Movies_Location (MovieID, Location) values ('39', '88 Walnut Avenue Cambridge MA 02138');
insert into Movies_Location (MovieID, Location) values ('2', '7 Hillside Drive Peabody MA 01960');
insert into Movies_Location (MovieID, Location) values ('14', '5 Park Avenue Medford MA 02155');
insert into Movies_Location (MovieID, Location) values ('22', '25 Riverside Drive Lynn MA 01905');
insert into Movies_Location (MovieID, Location) values ('23', '11 Willow Lane Brockton MA 02301');
insert into Movies_Location (MovieID, Location) values ('21', '55 Pine Lane Salem MA 01970');
insert into Movies_Location (MovieID, Location) values ('30', '44 River Drive Malden MA 02148');


/* Cafes */

insert into Cafes (CafeID , Cuisine, Name, OverallRating, ActivityTypeID, PriceTag) values (1, 'French', 'Java Jive Cafe', 4, '7', '$$$$');
insert into Cafes (CafeID , Cuisine, Name, OverallRating, ActivityTypeID, PriceTag) values (2, 'Swiss', 'The Perk Place Cafe', 2, '7', '$$$$$');
insert into Cafes (CafeID , Cuisine, Name, OverallRating, ActivityTypeID, PriceTag) values (3, 'Moroccan', 'Java Gems Cafe', 5, '7', '$$$$$');
insert into Cafes (CafeID , Cuisine, Name, OverallRating, ActivityTypeID, PriceTag) values (4, 'Middle Eastern', 'Java Joy Cafe', 4, '7', '$');
insert into Cafes (CafeID , Cuisine, Name, OverallRating, ActivityTypeID, PriceTag) values (5, 'Argentinean', 'Brewed Awakening Cafe', 4, '7', '$$$$');
insert into Cafes (CafeID , Cuisine, Name, OverallRating, ActivityTypeID, PriceTag) values (6, 'Brazilian', 'Brewed Delights Cafe', 2, '7', '$');
insert into Cafes (CafeID , Cuisine, Name, OverallRating, ActivityTypeID, PriceTag) values (7, 'Peruvian', 'Cafe Mocha', 5, '7', '$$$$$');
insert into Cafes (CafeID , Cuisine, Name, OverallRating, ActivityTypeID, PriceTag) values (8, 'Spanish', 'Percolate Cafe', 5, '7', '$');
insert into Cafes (CafeID , Cuisine, Name, OverallRating, ActivityTypeID, PriceTag) values (9, 'Greek', 'Aroma Haven Cafe', 3, '7', '$$$');
insert into Cafes (CafeID , Cuisine, Name, OverallRating, ActivityTypeID, PriceTag) values (10, 'Sri Lankan', 'Morning Brew Cafe', 4, '7', '$');
insert into Cafes (CafeID , Cuisine, Name, OverallRating, ActivityTypeID, PriceTag) values (11, 'Peruvian', 'Brewed Bliss Cafe', 3, '7', '$$$$$');
insert into Cafes (CafeID , Cuisine, Name, OverallRating, ActivityTypeID, PriceTag) values (12, 'African', 'Cozy Bean Cafe', 2, '7', '$$$$');
insert into Cafes (CafeID , Cuisine, Name, OverallRating, ActivityTypeID, PriceTag) values (13, 'Mediterranean', 'Sip & Savor Cafe', 2, '7', '$$$$$');
insert into Cafes (CafeID , Cuisine, Name, OverallRating, ActivityTypeID, PriceTag) values (14, 'Italian', 'Aroma Haven Cafe', 4, '7', '$$');
insert into Cafes (CafeID , Cuisine, Name, OverallRating, ActivityTypeID, PriceTag) values (15, 'Turkish', 'Steep & Sip Cafe', 5, '7', '$$');
insert into Cafes (CafeID , Cuisine, Name, OverallRating, ActivityTypeID, PriceTag) values (16, 'British', 'Sunrise Cafe', 5, '7', '$$');
insert into Cafes (CafeID , Cuisine, Name, OverallRating, ActivityTypeID, PriceTag) values (17, 'Chinese', 'Percolate Cafe', 5, '7', '$$$$');
insert into Cafes (CafeID , Cuisine, Name, OverallRating, ActivityTypeID, PriceTag) values (18, 'Nepalese', 'Zenith Coffeehouse', 5, '7', '$$$');
insert into Cafes (CafeID , Cuisine, Name, OverallRating, ActivityTypeID, PriceTag) values (19, 'Middle Eastern', 'The Bean Machine', 2, '7', '$$$$$');
insert into Cafes (CafeID , Cuisine, Name, OverallRating, ActivityTypeID, PriceTag) values (20, 'Irish', 'Frothy Cup Cafe', 2, '7', '$');
insert into Cafes (CafeID , Cuisine, Name, OverallRating, ActivityTypeID, PriceTag) values (21, 'Thai', 'Caffeine Culture', 1, '7', '$$');
insert into Cafes (CafeID , Cuisine, Name, OverallRating, ActivityTypeID, PriceTag) values (22, 'African', 'Steamy Cup Cafe', 3, '7', '$$$$');
insert into Cafes (CafeID , Cuisine, Name, OverallRating, ActivityTypeID, PriceTag) values (23, 'American', 'Chill & Sip Cafe', 5, '7', '$$$$$');
insert into Cafes (CafeID , Cuisine, Name, OverallRating, ActivityTypeID, PriceTag) values (24, 'Indian', 'Cafe Elegance', 3, '7', '$$$');
insert into Cafes (CafeID , Cuisine, Name, OverallRating, ActivityTypeID, PriceTag) values (25, 'Indonesian', 'Brewed Delights Cafe', 3, '7', '$');
insert into Cafes (CafeID , Cuisine, Name, OverallRating, ActivityTypeID, PriceTag) values (26, 'Swedish', 'Java Gems Cafe', 2, '7', '$');
insert into Cafes (CafeID , Cuisine, Name, OverallRating, ActivityTypeID, PriceTag) values (27, 'Peruvian', 'The Perk Place Cafe', 1, '7', '$$');
insert into Cafes (CafeID , Cuisine, Name, OverallRating, ActivityTypeID, PriceTag) values (28, 'Filipino', 'Brewed Delights Cafe', 2, '7', '$$$');
insert into Cafes (CafeID , Cuisine, Name, OverallRating, ActivityTypeID, PriceTag) values (29, 'Portuguese', 'Brewmaster''s Cafe', 2, '7', '$');
insert into Cafes (CafeID , Cuisine, Name, OverallRating, ActivityTypeID, PriceTag) values (30, 'Moroccan', 'Cozy Corner Coffeehouse', 2, '7', '$$$$$');
insert into Cafes (CafeID , Cuisine, Name, OverallRating, ActivityTypeID, PriceTag) values (31, 'Japanese', 'Espresso Emporium', 5, '7', '$');
insert into Cafes (CafeID , Cuisine, Name, OverallRating, ActivityTypeID, PriceTag) values (32, 'Nepalese', 'Cafe Elegance', 1, '7', '$$$$$');
insert into Cafes (CafeID , Cuisine, Name, OverallRating, ActivityTypeID, PriceTag) values (33, 'Filipino', 'Cafe Elegance', 2, '7', '$$');
insert into Cafes (CafeID , Cuisine, Name, OverallRating, ActivityTypeID, PriceTag) values (34, 'British', 'Aroma Haven Cafe', 4, '7', '$$$');
insert into Cafes (CafeID , Cuisine, Name, OverallRating, ActivityTypeID, PriceTag) values (35, 'Moroccan', 'The Daily Grind Cafe', 1, '7', '$$$$');
insert into Cafes (CafeID , Cuisine, Name, OverallRating, ActivityTypeID, PriceTag) values (36, 'Portuguese', 'Brewtopia Cafe', 4, '7', '$$');
insert into Cafes (CafeID , Cuisine, Name, OverallRating, ActivityTypeID, PriceTag) values (37, 'Middle Eastern', 'Steep & Sip Cafe', 2, '7', '$$$');
insert into Cafes (CafeID , Cuisine, Name, OverallRating, ActivityTypeID, PriceTag) values (38, 'Argentinean', 'Bean Town Cafe', 5, '7', '$$$$');
insert into Cafes (CafeID , Cuisine, Name, OverallRating, ActivityTypeID, PriceTag) values (39, 'Swedish', 'Bean Blossom Cafe', 4, '7', '$$$$');
insert into Cafes (CafeID , Cuisine, Name, OverallRating, ActivityTypeID, PriceTag) values (40, 'Irish', 'Bean & Brew Cafe', 2, '7', '$');


/* Cafe_Location */
insert into Cafe_Location (Location, CafeID) values ('50 Forest Lane Haverhill MA 01830', '38');
insert into Cafe_Location (Location, CafeID) values ('50 Forest Lane Haverhill MA 01830', '6');
insert into Cafe_Location (Location, CafeID) values ('16 Birchwood Lane Newton MA 02458', '7');
insert into Cafe_Location (Location, CafeID) values ('30 Sunset Boulevard Newton MA 02458', '3');
insert into Cafe_Location (Location, CafeID) values ('33 Cedar Drive Somerville MA 02143', '17');
insert into Cafe_Location (Location, CafeID) values ('12 Elm Lane Everett MA 02149', '22');
insert into Cafe_Location (Location, CafeID) values ('55 Walnut Avenue Cambridge MA 02138', '23');
insert into Cafe_Location (Location, CafeID) values ('11 Willow Lane Brockton MA 02301', '34');
insert into Cafe_Location (Location, CafeID) values ('14 Grove Street Taunton MA 02780', '32');
insert into Cafe_Location (Location, CafeID) values ('32 Riverfront Avenue Medford MA 02155', '30');
insert into Cafe_Location (Location, CafeID) values ('25 Highland Drive Attleboro MA 02703', '8');
insert into Cafe_Location (Location, CafeID) values ('16 Birchwood Lane Newton MA 02458', '5');
insert into Cafe_Location (Location, CafeID) values ('36 Highland Avenue Waltham MA 02451', '14');
insert into Cafe_Location (Location, CafeID) values ('77 Cherry Street Boston MA 02108', '28');
insert into Cafe_Location (Location, CafeID) values ('12 Elm Lane Everett MA 02149', '11');
insert into Cafe_Location (Location, CafeID) values ('55 Walnut Avenue Cambridge MA 02138', '33');
insert into Cafe_Location (Location, CafeID) values ('20 Riverfront Street Framingham MA 01701', '39');
insert into Cafe_Location (Location, CafeID) values ('33 Cedar Drive Somerville MA 02143', '26');
insert into Cafe_Location (Location, CafeID) values ('29 Sunset Road Lynn MA 01905', '1');
insert into Cafe_Location (Location, CafeID) values ('10 Oakwood Drive Worcester MA 01608', '21');
insert into Cafe_Location (Location, CafeID) values ('55 Elmwood Terrace Quincy MA 02169', '18');
insert into Cafe_Location (Location, CafeID) values ('5 Park Avenue Medford MA 02155', '4');
insert into Cafe_Location (Location, CafeID) values ('12 Birchwood Lane Lowell MA 01851', '29');
insert into Cafe_Location (Location, CafeID) values ('25 Highland Drive Attleboro MA 02703', '13');
insert into Cafe_Location (Location, CafeID) values ('3 Spring Street Gloucester MA 01930', '25');
insert into Cafe_Location (Location, CafeID) values ('50 Forest Lane Haverhill MA 01830', '40');
insert into Cafe_Location (Location, CafeID) values ('19 Maple Street Lynn MA 01905', '16');
insert into Cafe_Location (Location, CafeID) values ('12 Elm Lane Everett MA 02149', '2');
insert into Cafe_Location (Location, CafeID) values ('10 Oakwood Drive Worcester MA 01608', '31');
insert into Cafe_Location (Location, CafeID) values ('8 Oak Lane Salem MA 01970', '24');
insert into Cafe_Location (Location, CafeID) values ('55 Elmwood Terrace Quincy MA 02169', '37');
insert into Cafe_Location (Location, CafeID) values ('77 Cherry Street Boston MA 02108', '9');
insert into Cafe_Location (Location, CafeID) values ('16 Birchwood Lane Newton MA 02458', '20');
insert into Cafe_Location (Location, CafeID) values ('25 Highland Drive Attleboro MA 02703', '35');
insert into Cafe_Location (Location, CafeID) values ('11 Willow Lane Brockton MA 02301', '10');
insert into Cafe_Location (Location, CafeID) values ('19 Maple Street Lynn MA 01905', '12');
insert into Cafe_Location (Location, CafeID) values ('36 Highland Avenue Waltham MA 02451', '27');
insert into Cafe_Location (Location, CafeID) values ('9 Grove Avenue Haverhill MA 01830', '36');
insert into Cafe_Location (Location, CafeID) values ('55 Elmwood Terrace Quincy MA 02169', '19');
insert into Cafe_Location (Location, CafeID) values ('77 Sunset Road Springfield MA 01113', '15');
insert into Cafe_Location (Location, CafeID) values ('14 Oakwood Drive Worcester MA', '26');
insert into Cafe_Location (Location, CafeID) values ('36 Highland Avenue Waltham MA 02451', '27');
insert into Cafe_Location (Location, CafeID) values ('19 Maple Street Lynn MA 01905', '12');
insert into Cafe_Location (Location, CafeID) values ('42 Maple Road Quincy MA 02169', '22');
insert into Cafe_Location (Location, CafeID) values ('7 Hillside Drive Peabody MA 01960', '32');
insert into Cafe_Location (Location, CafeID) values ('77 Cherry Street Boston MA 02108', '35');
insert into Cafe_Location (Location, CafeID) values ('3 Spring Street Gloucester MA 01930', '23');
insert into Cafe_Location (Location, CafeID) values ('55 Walnut Avenue Cambridge MA 02138', '21');
insert into Cafe_Location (Location, CafeID) values ('12 Birchwood Lane Lowell MA 01851', '8');
insert into Cafe_Location (Location, CafeID) values ('11 Willow Lane Brockton MA 02301', '7');
insert into Cafe_Location (Location, CafeID) values ('77 Cherry Street Boston MA 02108', '24');
insert into Cafe_Location (Location, CafeID) values ('55 Elmwood Terrace Quincy MA 02169', '4');
insert into Cafe_Location (Location, CafeID) values ('14 Grove Street Taunton MA 02780', '9');
insert into Cafe_Location (Location, CafeID) values ('77 Sunset Road Springfield MA 01113', '13');
insert into Cafe_Location (Location, CafeID) values ('66 Prospect Avenue Revere MA 02151', '30');
insert into Cafe_Location (Location, CafeID) values ('3 Spring Street Gloucester MA 01930', '10');
insert into Cafe_Location (Location, CafeID) values ('19 Maple Street Lynn MA 01905', '20');
insert into Cafe_Location (Location, CafeID) values ('12 Elm Lane Everett MA 02149', '11');
insert into Cafe_Location (Location, CafeID) values ('33 Cedar Drive Somerville MA 02143', '34');
insert into Cafe_Location (Location, CafeID) values ('11 Willow Lane Brockton MA 02301', '14');
insert into Cafe_Location (Location, CafeID) values ('12 Birchwood Lane Lowell MA 01851', '16');
insert into Cafe_Location (Location, CafeID) values ('55 Walnut Avenue Cambridge MA 02138', '1');
insert into Cafe_Location (Location, CafeID) values ('25 Highland Drive Attleboro MA 02703', '17');
insert into Cafe_Location (Location, CafeID) values ('36 Highland Avenue Waltham MA 02451', '25');
insert into Cafe_Location (Location, CafeID) values ('19 Maple Street Lynn MA 01905', '37');
insert into Cafe_Location (Location, CafeID) values ('30 Sunset Boulevard Newton MA 02458', '38');
insert into Cafe_Location (Location, CafeID) values ('16 Birchwood Lane Newton MA 02458', '39');
insert into Cafe_Location (Location, CafeID) values ('29 Sunset Road Lynn MA 01905', '31');
insert into Cafe_Location (Location, CafeID) values ('14 Grove Street Taunton MA 02780', '6');
insert into Cafe_Location (Location, CafeID) values ('10 Oakwood Drive Worcester MA 01608', '28');
insert into Cafe_Location (Location, CafeID) values ('19 Maple Street Lynn MA 01905', '29');
insert into Cafe_Location (Location, CafeID) values ('77 Sunset Road Springfield MA 01113', '2');
insert into Cafe_Location (Location, CafeID) values ('14 Oakwood Drive Worcester MA', '36');
insert into Cafe_Location (Location, CafeID) values ('88 Elmwood Avenue Lowell MA 01851', '18');
insert into Cafe_Location (Location, CafeID) values ('77 Sunset Road Springfield MA 01113', '19');
insert into Cafe_Location (Location, CafeID) values ('30 Sunset Boulevard Newton MA 02458', '33');
insert into Cafe_Location (Location, CafeID) values ('20 Riverfront Street Framingham MA 01701', '3');
insert into Cafe_Location (Location, CafeID) values ('14 Grove Street Taunton MA 02780', '15');
insert into Cafe_Location (Location, CafeID) values ('8 Oak Lane Salem MA 01970', '40');
insert into Cafe_Location (Location, CafeID) values ('50 Forest Lane Haverhill MA 01830', '5');
insert into Cafe_Location (Location, CafeID) values ('12 Birchwood Lane Lowell MA 01851', '26');
insert into Cafe_Location (Location, CafeID) values ('11 Willow Lane Brockton MA 02301', '37');
insert into Cafe_Location (Location, CafeID) values ('55 Walnut Avenue Cambridge MA 02138', '7');
insert into Cafe_Location (Location, CafeID) values ('3 Spring Street Gloucester MA 01930', '10');
insert into Cafe_Location (Location, CafeID) values ('5 Park Avenue Medford MA 02155', '40');
insert into Cafe_Location (Location, CafeID) values ('16 Birchwood Lane Newton MA 02458', '38');
insert into Cafe_Location (Location, CafeID) values ('17 Oak Street Brookline MA 02445', '8');
insert into Cafe_Location (Location, CafeID) values ('66 Prospect Avenue Revere MA 02151', '20');
insert into Cafe_Location (Location, CafeID) values ('16 Birchwood Lane Newton MA 02458', '31');
insert into Cafe_Location (Location, CafeID) values ('5 Park Avenue Medford MA 02155', '29');
insert into Cafe_Location (Location, CafeID) values ('25 Highland Drive Attleboro MA 02703', '19');
insert into Cafe_Location (Location, CafeID) values ('33 Cedar Drive Somerville MA 02143', '22');
insert into Cafe_Location (Location, CafeID) values ('12 Elm Lane Everett MA 02149', '6');
insert into Cafe_Location (Location, CafeID) values ('29 Sunset Road Lynn MA 01905', '9');
insert into Cafe_Location (Location, CafeID) values ('77 Cherry Street Boston MA 02108', '32');
insert into Cafe_Location (Location, CafeID) values ('8 Oak Lane Salem MA 01970', '13');
insert into Cafe_Location (Location, CafeID) values ('19 Maple Street Lynn MA 01905', '12');
insert into Cafe_Location (Location, CafeID) values ('5 Park Avenue Medford MA 02155', '28');
insert into Cafe_Location (Location, CafeID) values ('33 Cedar Drive Somerville MA 02143', '17');
insert into Cafe_Location (Location, CafeID) values ('42 Maple Road Quincy MA 02169', '23');
insert into Cafe_Location (Location, CafeID) values ('9 Grove Avenue Haverhill MA 01830', '34');
insert into Cafe_Location (Location, CafeID) values ('9 Grove Avenue Haverhill MA 01830', '4');
insert into Cafe_Location (Location, CafeID) values ('21 Cedar Road Framingham MA 01701', '1');
insert into Cafe_Location (Location, CafeID) values ('17 Oak Street Brookline MA 02445', '30');
insert into Cafe_Location (Location, CafeID) values ('55 Elmwood Terrace Quincy MA 02169', '5');
insert into Cafe_Location (Location, CafeID) values ('20 Riverfront Street Framingham MA 01701', '11');
insert into Cafe_Location (Location, CafeID) values ('29 Sunset Road Lynn MA 01905', '27');
insert into Cafe_Location (Location, CafeID) values ('25 Highland Drive Attleboro MA 02703', '3');
insert into Cafe_Location (Location, CafeID) values ('14 Oakwood Drive Worcester MA', '15');
insert into Cafe_Location (Location, CafeID) values ('14 Grove Street Taunton MA 02780', '33');
insert into Cafe_Location (Location, CafeID) values ('19 Maple Street Lynn MA 01905', '14');
insert into Cafe_Location (Location, CafeID) values ('50 Forest Lane Haverhill MA 01830', '35');
insert into Cafe_Location (Location, CafeID) values ('8 Hillcrest Drive Salem MA 01970', '24');
insert into Cafe_Location (Location, CafeID) values ('29 Sunset Road Lynn MA 01905', '16');
insert into Cafe_Location (Location, CafeID) values ('8 Oak Lane Salem MA 01970', '21');
insert into Cafe_Location (Location, CafeID) values ('25 Highland Drive Attleboro MA 02703', '36');
insert into Cafe_Location (Location, CafeID) values ('33 Cedar Drive Somerville MA 02143', '2');
insert into Cafe_Location (Location, CafeID) values ('9 Grove Avenue Haverhill MA 01830', '39');
insert into Cafe_Location (Location, CafeID) values ('12 Elm Lane Everett MA 02149', '25');
insert into Cafe_Location (Location, CafeID) values ('77 Sunset Road Springfield MA 01113', '18');
insert into Cafe_Location (Location, CafeID) values ('44 River Drive Malden MA 02148', '15');
insert into Cafe_Location (Location, CafeID) values ('20 Riverfront Street Framingham MA 01701', '22');
insert into Cafe_Location (Location, CafeID) values ('44 River Drive Malden MA 02148', '14');
insert into Cafe_Location (Location, CafeID) values ('66 Prospect Avenue Revere MA 02151', '28');
insert into Cafe_Location (Location, CafeID) values ('66 Prospect Avenue Revere MA 02151', '30');
insert into Cafe_Location (Location, CafeID) values ('25 Highland Drive Attleboro MA 02703', '9');
insert into Cafe_Location (Location, CafeID) values ('3 Spring Street Gloucester MA 01930', '19');
insert into Cafe_Location (Location, CafeID) values ('44 River Drive Malden MA 02148', '31');
insert into Cafe_Location (Location, CafeID) values ('77 Cherry Street Boston MA 02108', '6');
insert into Cafe_Location (Location, CafeID) values ('21 Cedar Road Framingham MA 01701', '38');
insert into Cafe_Location (Location, CafeID) values ('32 Riverfront Avenue Medford MA 02155', '13');
insert into Cafe_Location (Location, CafeID) values ('8 Hillcrest Drive Salem MA 01970', '8');
insert into Cafe_Location (Location, CafeID) values ('21 Cedar Road Framingham MA 01701', '34');
insert into Cafe_Location (Location, CafeID) values ('88 Elmwood Avenue Lowell MA 01851', '5');
insert into Cafe_Location (Location, CafeID) values ('50 Forest Lane Haverhill MA 01830', '39');
insert into Cafe_Location (Location, CafeID) values ('30 Sunset Boulevard Newton MA 02458', '20');
insert into Cafe_Location (Location, CafeID) values ('19 Maple Street Lynn MA 01905', '4');
insert into Cafe_Location (Location, CafeID) values ('9 Grove Avenue Haverhill MA 01830', '40');
insert into Cafe_Location (Location, CafeID) values ('88 Elmwood Avenue Lowell MA 01851', '18');
insert into Cafe_Location (Location, CafeID) values ('29 Sunset Road Lynn MA 01905', '2');
insert into Cafe_Location (Location, CafeID) values ('10 Oakwood Drive Worcester MA 01608', '36');
insert into Cafe_Location (Location, CafeID) values ('29 Sunset Road Lynn MA 01905', '7');
insert into Cafe_Location (Location, CafeID) values ('25 Highland Drive Attleboro MA 02703', '27');
insert into Cafe_Location (Location, CafeID) values ('33 Cedar Drive Somerville MA 02143', '35');
insert into Cafe_Location (Location, CafeID) values ('77 Sunset Road Springfield MA 01113', '17');
insert into Cafe_Location (Location, CafeID) values ('55 Elmwood Terrace Quincy MA 02169', '25');
insert into Cafe_Location (Location, CafeID) values ('36 Highland Avenue Waltham MA 02451', '21');
insert into Cafe_Location (Location, CafeID) values ('32 Riverfront Avenue Medford MA 02155', '10');
insert into Cafe_Location (Location, CafeID) values ('5 Park Avenue Medford MA 02155', '12');
insert into Cafe_Location (Location, CafeID) values ('32 Riverfront Avenue Medford MA 02155', '33');
insert into Cafe_Location (Location, CafeID) values ('30 Sunset Boulevard Newton MA 02458', '29');
insert into Cafe_Location (Location, CafeID) values ('7 Hillside Drive Peabody MA 01960', '16');
insert into Cafe_Location (Location, CafeID) values ('32 Riverfront Avenue Medford MA 02155', '37');
insert into Cafe_Location (Location, CafeID) values ('8 Oak Lane Salem MA 01970', '11');
insert into Cafe_Location (Location, CafeID) values ('12 Birchwood Lane Lowell MA 01851', '26');
insert into Cafe_Location (Location, CafeID) values ('7 Hillside Drive Peabody MA 01960', '24');
insert into Cafe_Location (Location, CafeID) values ('32 Riverfront Avenue Medford MA 02155', '1');
insert into Cafe_Location (Location, CafeID) values ('3 Spring Street Gloucester MA 01930', '23');
insert into Cafe_Location (Location, CafeID) values ('29 Sunset Road Lynn MA 01905', '3');
insert into Cafe_Location (Location, CafeID) values ('29 Sunset Road Lynn MA 01905', '32');
insert into Cafe_Location (Location, CafeID) values ('16 Birchwood Lane Newton MA 02458', '21');
insert into Cafe_Location (Location, CafeID) values ('23 Pine Lane Springfield MA 01113', '7');
insert into Cafe_Location (Location, CafeID) values ('14 Grove Street Taunton MA 02780', '40');
insert into Cafe_Location (Location, CafeID) values ('12 Elm Lane Everett MA 02149', '37');
insert into Cafe_Location (Location, CafeID) values ('14 Oakwood Drive Worcester MA', '36');
insert into Cafe_Location (Location, CafeID) values ('42 Maple Road Quincy MA 02169', '18');
insert into Cafe_Location (Location, CafeID) values ('66 Prospect Avenue Revere MA 02151', '20');
insert into Cafe_Location (Location, CafeID) values ('88 Elmwood Avenue Lowell MA 01851', '5');
insert into Cafe_Location (Location, CafeID) values ('50 Forest Lane Haverhill MA 01830', '13');
insert into Cafe_Location (Location, CafeID) values ('10 Oakwood Drive Worcester MA 01608', '26');
insert into Cafe_Location (Location, CafeID) values ('42 Maple Road Quincy MA 02169', '3');
insert into Cafe_Location (Location, CafeID) values ('7 Hillside Drive Peabody MA 01960', '17');
insert into Cafe_Location (Location, CafeID) values ('32 Riverfront Avenue Medford MA 02155', '1');
insert into Cafe_Location (Location, CafeID) values ('3 Spring Street Gloucester MA 01930', '25');
insert into Cafe_Location (Location, CafeID) values ('30 Sunset Boulevard Newton MA 02458', '8');
insert into Cafe_Location (Location, CafeID) values ('55 Walnut Avenue Cambridge MA 02138', '35');
insert into Cafe_Location (Location, CafeID) values ('3 Spring Street Gloucester MA 01930', '9');
insert into Cafe_Location (Location, CafeID) values ('44 River Drive Malden MA 02148', '29');
insert into Cafe_Location (Location, CafeID) values ('12 Elm Lane Everett MA 02149', '30');
insert into Cafe_Location (Location, CafeID) values ('16 Birchwood Lane Newton MA 02458', '2');
insert into Cafe_Location (Location, CafeID) values ('7 Hillside Drive Peabody MA 01960', '39');
insert into Cafe_Location (Location, CafeID) values ('17 Oak Street Brookline MA 02445', '27');
insert into Cafe_Location (Location, CafeID) values ('33 Cedar Drive Somerville MA 02143', '22');
insert into Cafe_Location (Location, CafeID) values ('12 Birchwood Lane Lowell MA 01851', '28');
insert into Cafe_Location (Location, CafeID) values ('30 Sunset Boulevard Newton MA 02458', '23');
insert into Cafe_Location (Location, CafeID) values ('42 Maple Road Quincy MA 02169', '16');
insert into Cafe_Location (Location, CafeID) values ('14 Oakwood Drive Worcester MA', '11');
insert into Cafe_Location (Location, CafeID) values ('77 Cherry Street Boston MA 02108', '14');
insert into Cafe_Location (Location, CafeID) values ('16 Birchwood Lane Newton MA 02458', '19');
insert into Cafe_Location (Location, CafeID) values ('9 Grove Avenue Haverhill MA 01830', '15');
insert into Cafe_Location (Location, CafeID) values ('19 Maple Street Lynn MA 01905', '38');
insert into Cafe_Location (Location, CafeID) values ('9 Grove Avenue Haverhill MA 01830', '34');
insert into Cafe_Location (Location, CafeID) values ('10 Oakwood Drive Worcester MA 01608', '24');
insert into Cafe_Location (Location, CafeID) values ('36 Highland Avenue Waltham MA 02451', '33');
insert into Cafe_Location (Location, CafeID) values ('14 Oakwood Drive Worcester MA', '12');
insert into Cafe_Location (Location, CafeID) values ('33 Cedar Drive Somerville MA 02143', '31');
insert into Cafe_Location (Location, CafeID) values ('88 Elmwood Avenue Lowell MA 01851', '6');
insert into Cafe_Location (Location, CafeID) values ('5 Park Avenue Medford MA 02155', '10');
insert into Cafe_Location (Location, CafeID) values ('33 Cedar Drive Somerville MA 02143', '32');
insert into Cafe_Location (Location, CafeID) values ('23 Pine Lane Springfield MA 01113', '4');

/* Destination */

insert into Destination  (Address , Street, Zipcode, City, State, Distance, Proximity) values ('67890 Elm Court Springfield MA 67890', 'Aspen Place', 54321, 'Cambridge', 'Massachusetts', 9256, 'medium');
insert into Destination  (Address , Street, Zipcode, City, State, Distance, Proximity) values ('45678 Birch Road Lowell MA 45678', 'Willow Lane', 23456, 'Newton', 'Massachusetts', 11452, 'medium');
insert into Destination  (Address , Street, Zipcode, City, State, Distance, Proximity) values ('12345 Cedar Way Boston MA 12345', 'Aspen Place', 67890, 'Newton', 'Massachusetts', 10918, 'medium');
insert into Destination  (Address , Street, Zipcode, City, State, Distance, Proximity) values ('23456 Elm Court Quincy MA 23456', 'Birch Road', 87654, 'Newton', 'Massachusetts', 11292, 'medium');
insert into Destination  (Address , Street, Zipcode, City, State, Distance, Proximity) values ('78901 Maplewood Lane Newton MA 78901', 'Sycamore Circle', 34567, 'Brockton', 'Massachusetts', 5364, 'long');
insert into Destination  (Address , Street, Zipcode, City, State, Distance, Proximity) values ('12345 Elmwood Way Boston MA 12345', 'Birch Road', 34567, 'Lynn', 'Massachusetts', 8485, 'long');
insert into Destination  (Address , Street, Zipcode, City, State, Distance, Proximity) values ('87654 Cedarwood Lane Brockton MA 87654', 'Oak Drive', 45678, 'Worcester', 'Massachusetts', 6399, 'long');
insert into Destination  (Address , Street, Zipcode, City, State, Distance, Proximity) values ('45678 Cedarwood Avenue Lowell MA 45678', 'Pine Court', 54321, 'Cambridge', 'Massachusetts', 6487, 'medium');
insert into Destination  (Address , Street, Zipcode, City, State, Distance, Proximity) values ('87654 Cedarwood Court Brockton MA 87654', 'Elm Way', 12345, 'Lowell', 'Massachusetts', 7553, 'long');
insert into Destination  (Address , Street, Zipcode, City, State, Distance, Proximity) values ('67890 Elmwood Avenue Springfield MA 67890', 'Elm Way', 12345, 'Quincy', 'Massachusetts', 1311, 'long');
insert into Destination  (Address , Street, Zipcode, City, State, Distance, Proximity) values ('12345 Elmwood Drive Boston MA 12345', 'Cedar Avenue', 78901, 'Quincy', 'Massachusetts', 12279, 'long');
insert into Destination  (Address , Street, Zipcode, City, State, Distance, Proximity) values ('21098 Cedar Avenue Lynn MA 21098', 'Cedar Avenue', 12345, 'Springfield', 'Massachusetts', 2604, 'long');
insert into Destination  (Address , Street, Zipcode, City, State, Distance, Proximity) values ('23456 Elmwood Lane Quincy MA 23456', 'Sycamore Circle', 67890, 'Boston', 'Massachusetts', 9418, 'medium');
insert into Destination  (Address , Street, Zipcode, City, State, Distance, Proximity) values ('12345 Elmwood Terrace Boston MA 12345', 'Cedar Avenue', 78901, 'Boston', 'Massachusetts', 208, 'long');
insert into Destination  (Address , Street, Zipcode, City, State, Distance, Proximity) values ('34567 Pine Avenue Somerville MA 34567', 'Sycamore Circle', 78901, 'Newton', 'Massachusetts', 6345, 'medium');
insert into Destination  (Address , Street, Zipcode, City, State, Distance, Proximity) values ('54321 Oakwood Lane Cambridge MA 54321', 'Willow Lane', 87654, 'Springfield', 'Massachusetts', 2095, 'short');
insert into Destination  (Address , Street, Zipcode, City, State, Distance, Proximity) values ('34567 Pine Terrace Somerville MA 34567', 'Pine Court', 34567, 'Somerville', 'Massachusetts', 10810, 'short');
insert into Destination  (Address , Street, Zipcode, City, State, Distance, Proximity) values ('23456 Elmwood Way Quincy MA 23456', 'Sycamore Circle', 34567, 'Quincy', 'Massachusetts', 10256, 'long');
insert into Destination  (Address , Street, Zipcode, City, State, Distance, Proximity) values ('78901 Maplewood Lane Newton MA 78901', 'Oak Drive', 98765, 'Lynn', 'Massachusetts', 9514, 'long');
insert into Destination  (Address , Street, Zipcode, City, State, Distance, Proximity) values ('34567 Pine Way Somerville MA 34567', 'Maple Street', 23456, 'Brockton', 'Massachusetts', 1033, 'long');
insert into Destination  (Address , Street, Zipcode, City, State, Distance, Proximity) values ('23456 Elmwood Avenue Quincy MA 23456', 'Maple Street', 34567, 'Lynn', 'Massachusetts', 556, 'long');
insert into Destination  (Address , Street, Zipcode, City, State, Distance, Proximity) values ('21098 Oakwood Way Lynn MA 21098', 'Aspen Place', 98765, 'Brockton', 'Massachusetts', 8180, 'long');
insert into Destination  (Address , Street, Zipcode, City, State, Distance, Proximity) values ('12345 Elm Drive Boston MA 12345', 'Elm Way', 34567, 'Quincy', 'Massachusetts', 12907, 'short');
insert into Destination  (Address , Street, Zipcode, City, State, Distance, Proximity) values ('21098 Oak Avenue Lynn MA 21098', 'Oak Drive', 45678, 'Somerville', 'Massachusetts', 8567, 'short');
insert into Destination  (Address , Street, Zipcode, City, State, Distance, Proximity) values ('98765 Pinewood Lane Worcester MA 98765', 'Oak Drive', 98765, 'Lynn', 'Massachusetts', 6523, 'short');
insert into Destination  (Address , Street, Zipcode, City, State, Distance, Proximity) values ('45678 Birchwood Lane Lowell MA 45678', 'Birch Road', 45678, 'Cambridge', 'Massachusetts', 11754, 'medium');
insert into Destination  (Address , Street, Zipcode, City, State, Distance, Proximity) values ('78901 Maplewood Lane Newton MA 78901', 'Maple Street', 12345, 'Cambridge', 'Massachusetts', 7434, 'short');
insert into Destination  (Address , Street, Zipcode, City, State, Distance, Proximity) values ('45678 Elmwood Court Lowell MA 45678', 'Oak Drive', 98765, 'Lowell', 'Massachusetts', 3335, 'long');
insert into Destination  (Address , Street, Zipcode, City, State, Distance, Proximity) values ('67890 Elm Court Springfield MA 67890', 'Pine Court', 12345, 'Brockton', 'Massachusetts', 11810, 'short');
insert into Destination  (Address , Street, Zipcode, City, State, Distance, Proximity) values ('67890 Oakwood Drive Springfield MA 67890', 'Elm Way', 21098, 'Cambridge', 'Massachusetts', 10563, 'short');
insert into Destination  (Address , Street, Zipcode, City, State, Distance, Proximity) values ('34567 Pine Way Somerville MA 34567', 'Willow Lane', 54321, 'Quincy', 'Massachusetts', 10185, 'short');
insert into Destination  (Address , Street, Zipcode, City, State, Distance, Proximity) values ('78901 Maple Drive Newton MA 78901', 'Birch Road', 54321, 'Newton', 'Massachusetts', 132, 'short');
insert into Destination  (Address , Street, Zipcode, City, State, Distance, Proximity) values ('87654 Cedarwood Drive Brockton MA 87654', 'Oak Drive', 98765, 'Quincy', 'Massachusetts', 8795, 'short');
insert into Destination  (Address , Street, Zipcode, City, State, Distance, Proximity) values ('78901 Maplewood Drive Newton MA 78901', 'Pine Court', 34567, 'Worcester', 'Massachusetts', 104, 'medium');
insert into Destination  (Address , Street, Zipcode, City, State, Distance, Proximity) values ('54321 Cedar Avenue Cambridge MA 54321', 'Pine Court', 98765, 'Somerville', 'Massachusetts', 8831, 'short');
insert into Destination  (Address , Street, Zipcode, City, State, Distance, Proximity) values ('78901 Maple Drive Newton MA 78901', 'Cedar Avenue', 78901, 'Boston', 'Massachusetts', 2485, 'long');
insert into Destination  (Address , Street, Zipcode, City, State, Distance, Proximity) values ('54321 Oak Lane Cambridge MA 54321', 'Aspen Place', 45678, 'Somerville', 'Massachusetts', 1256, 'medium');
insert into Destination  (Address , Street, Zipcode, City, State, Distance, Proximity) values ('23456 Birchwood Avenue Quincy MA 23456', 'Hickory Lane', 45678, 'Lowell', 'Massachusetts', 5187, 'medium');
insert into Destination  (Address , Street, Zipcode, City, State, Distance, Proximity) values ('54321 Oakwood Lane Cambridge MA 54321', 'Elm Way', 45678, 'Boston', 'Massachusetts', 11431, 'short');
insert into Destination  (Address , Street, Zipcode, City, State, Distance, Proximity) values ('78901 Aspen Place Newton MA 78901', 'Pine Court', 54321, 'Worcester', 'Massachusetts', 12380, 'medium');
insert into Destination  (Address , Street, Zipcode, City, State, Distance, Proximity) values ('87654 Cedarwood Court Brockton MA 87654', 'Cedar Avenue', 98765, 'Lowell', 'Massachusetts', 4099, 'short');
insert into Destination  (Address , Street, Zipcode, City, State, Distance, Proximity) values ('87654 Maplewood Drive Brockton MA 87654', 'Oak Drive', 23456, 'Newton', 'Massachusetts', 11973, 'short');
insert into Destination  (Address , Street, Zipcode, City, State, Distance, Proximity) values ('23456 Birchwood Avenue Quincy MA 23456', 'Elm Way', 54321, 'Newton', 'Massachusetts', 7706, 'medium');
insert into Destination  (Address , Street, Zipcode, City, State, Distance, Proximity) values ('34567 Elm Court Somerville MA 34567', 'Oak Drive', 12345, 'Lynn', 'Massachusetts', 10712, 'long');
insert into Destination  (Address , Street, Zipcode, City, State, Distance, Proximity) values ('12345 Elmwood Lane Boston MA 12345', 'Hickory Lane', 12345, 'Somerville', 'Massachusetts', 5975, 'long');
insert into Destination  (Address , Street, Zipcode, City, State, Distance, Proximity) values ('12345 Elmwood Drive Boston MA 12345', 'Cedar Avenue', 98765, 'Cambridge', 'Massachusetts', 7353, 'long');
insert into Destination  (Address , Street, Zipcode, City, State, Distance, Proximity) values ('87654 Cedarwood Lane Brockton MA 87654', 'Birch Road', 23456, 'Lowell', 'Massachusetts', 10645, 'short');
insert into Destination  (Address , Street, Zipcode, City, State, Distance, Proximity) values ('78901 Maplewood Drive Newton MA 78901', 'Oak Drive', 54321, 'Brockton', 'Massachusetts', 12986, 'medium');
insert into Destination  (Address , Street, Zipcode, City, State, Distance, Proximity) values ('12345 Elmwood Lane Boston MA 12345', 'Sycamore Circle', 12345, 'Quincy', 'Massachusetts', 6153, 'medium');
insert into Destination  (Address , Street, Zipcode, City, State, Distance, Proximity) values ('87654 Cedar Lane Brockton MA 87654', 'Pine Court', 45678, 'Brockton', 'Massachusetts', 7869, 'short');
insert into Destination  (Address , Street, Zipcode, City, State, Distance, Proximity) values ('45678 Cedar Lane Lowell MA 45678', 'Willow Lane', 54321, 'Cambridge', 'Massachusetts', 12918, 'medium');
insert into Destination  (Address , Street, Zipcode, City, State, Distance, Proximity) values ('23456 Birch Avenue Quincy MA 23456', 'Elm Way', 98765, 'Springfield', 'Massachusetts', 12008, 'short');
insert into Destination  (Address , Street, Zipcode, City, State, Distance, Proximity) values ('34567 Pine Avenue Somerville MA 34567', 'Elm Way', 54321, 'Lowell', 'Massachusetts', 489, 'medium');
insert into Destination  (Address , Street, Zipcode, City, State, Distance, Proximity) values ('45678 Cedarwood Lane Lowell MA 45678', 'Birch Road', 23456, 'Newton', 'Massachusetts', 1451, 'long');
insert into Destination  (Address , Street, Zipcode, City, State, Distance, Proximity) values ('21098 Oakwood Lane Lynn MA 21098', 'Pine Court', 23456, 'Lowell', 'Massachusetts', 4635, 'medium');
insert into Destination  (Address , Street, Zipcode, City, State, Distance, Proximity) values ('67890 Elmwood Avenue Springfield MA 67890', 'Sycamore Circle', 67890, 'Brockton', 'Massachusetts', 10771, 'medium');
insert into Destination  (Address , Street, Zipcode, City, State, Distance, Proximity) values ('12345 Elmwood Drive Boston MA 12345', 'Pine Court', 87654, 'Worcester', 'Massachusetts', 5650, 'long');
insert into Destination  (Address , Street, Zipcode, City, State, Distance, Proximity) values ('67890 Elmwood Lane Springfield MA 67890', 'Pine Court', 21098, 'Lowell', 'Massachusetts', 8704, 'long');
insert into Destination  (Address , Street, Zipcode, City, State, Distance, Proximity) values ('23456 Elmwood Lane Quincy MA 23456', 'Pine Court', 87654, 'Boston', 'Massachusetts', 2753, 'medium');
insert into Destination  (Address , Street, Zipcode, City, State, Distance, Proximity) values ('23456 Birchwood Avenue Quincy MA 23456', 'Sycamore Circle', 54321, 'Somerville', 'Massachusetts', 3536, 'medium');

/* Destination_to_Transportation */

insert into Destination_to_Transportation  (TransportationID, Address) values ('294', null);
insert into Destination_to_Transportation  (TransportationID, Address) values ('74', null);
insert into Destination_to_Transportation  (TransportationID, Address) values ('114', null);
insert into Destination_to_Transportation  (TransportationID, Address) values ('353', null);
insert into Destination_to_Transportation  (TransportationID, Address) values ('342', null);
insert into Destination_to_Transportation  (TransportationID, Address) values ('876', null);
insert into Destination_to_Transportation  (TransportationID, Address) values ('984', null);
insert into Destination_to_Transportation  (TransportationID, Address) values ('750', null);
insert into Destination_to_Transportation  (TransportationID, Address) values ('756', null);
insert into Destination_to_Transportation  (TransportationID, Address) values ('59', null);
insert into Destination_to_Transportation  (TransportationID, Address) values ('558', null);
insert into Destination_to_Transportation  (TransportationID, Address) values ('814', null);
insert into Destination_to_Transportation  (TransportationID, Address) values ('113', null);
insert into Destination_to_Transportation  (TransportationID, Address) values ('316', null);
insert into Destination_to_Transportation  (TransportationID, Address) values ('954', null);
insert into Destination_to_Transportation  (TransportationID, Address) values ('857', null);
insert into Destination_to_Transportation  (TransportationID, Address) values ('528', null);
insert into Destination_to_Transportation  (TransportationID, Address) values ('997', null);
insert into Destination_to_Transportation  (TransportationID, Address) values ('220', null);
insert into Destination_to_Transportation  (TransportationID, Address) values ('843', null);
insert into Destination_to_Transportation  (TransportationID, Address) values ('837', null);
insert into Destination_to_Transportation  (TransportationID, Address) values ('291', null);
insert into Destination_to_Transportation  (TransportationID, Address) values ('990', null);
insert into Destination_to_Transportation  (TransportationID, Address) values ('237', null);
insert into Destination_to_Transportation  (TransportationID, Address) values ('221', null);
insert into Destination_to_Transportation  (TransportationID, Address) values ('198', null);
insert into Destination_to_Transportation  (TransportationID, Address) values ('218', null);
insert into Destination_to_Transportation  (TransportationID, Address) values ('885', null);
insert into Destination_to_Transportation  (TransportationID, Address) values ('724', null);
insert into Destination_to_Transportation  (TransportationID, Address) values ('659', null);
insert into Destination_to_Transportation  (TransportationID, Address) values ('860', null);
insert into Destination_to_Transportation  (TransportationID, Address) values ('726', null);
insert into Destination_to_Transportation  (TransportationID, Address) values ('378', null);
insert into Destination_to_Transportation  (TransportationID, Address) values ('234', null);
insert into Destination_to_Transportation  (TransportationID, Address) values ('96', null);
insert into Destination_to_Transportation  (TransportationID, Address) values ('598', null);
insert into Destination_to_Transportation  (TransportationID, Address) values ('443', null);
insert into Destination_to_Transportation  (TransportationID, Address) values ('701', null);
insert into Destination_to_Transportation  (TransportationID, Address) values ('574', null);
insert into Destination_to_Transportation  (TransportationID, Address) values ('993', null);
insert into Destination_to_Transportation  (TransportationID, Address) values ('418', null);
insert into Destination_to_Transportation  (TransportationID, Address) values ('516', null);
insert into Destination_to_Transportation  (TransportationID, Address) values ('874', null);
insert into Destination_to_Transportation  (TransportationID, Address) values ('430', null);
insert into Destination_to_Transportation  (TransportationID, Address) values ('931', null);
insert into Destination_to_Transportation  (TransportationID, Address) values ('212', null);
insert into Destination_to_Transportation  (TransportationID, Address) values ('7', null);
insert into Destination_to_Transportation  (TransportationID, Address) values ('61', null);
insert into Destination_to_Transportation  (TransportationID, Address) values ('896', null);
insert into Destination_to_Transportation  (TransportationID, Address) values ('758', null);
insert into Destination_to_Transportation  (TransportationID, Address) values ('42', null);
insert into Destination_to_Transportation  (TransportationID, Address) values ('943', null);
insert into Destination_to_Transportation  (TransportationID, Address) values ('792', null);
insert into Destination_to_Transportation  (TransportationID, Address) values ('132', null);
insert into Destination_to_Transportation  (TransportationID, Address) values ('877', null);
insert into Destination_to_Transportation  (TransportationID, Address) values ('788', null);
insert into Destination_to_Transportation  (TransportationID, Address) values ('928', null);
insert into Destination_to_Transportation  (TransportationID, Address) values ('487', null);
insert into Destination_to_Transportation  (TransportationID, Address) values ('550', null);
insert into Destination_to_Transportation  (TransportationID, Address) values ('620', null);
insert into Destination_to_Transportation  (TransportationID, Address) values ('847', null);
insert into Destination_to_Transportation  (TransportationID, Address) values ('631', null);
insert into Destination_to_Transportation  (TransportationID, Address) values ('811', null);
insert into Destination_to_Transportation  (TransportationID, Address) values ('626', null);
insert into Destination_to_Transportation  (TransportationID, Address) values ('974', null);
insert into Destination_to_Transportation  (TransportationID, Address) values ('35', null);
insert into Destination_to_Transportation  (TransportationID, Address) values ('365', null);
insert into Destination_to_Transportation  (TransportationID, Address) values ('892', null);
insert into Destination_to_Transportation  (TransportationID, Address) values ('775', null);
insert into Destination_to_Transportation  (TransportationID, Address) values ('203', null);
insert into Destination_to_Transportation  (TransportationID, Address) values ('840', null);
insert into Destination_to_Transportation  (TransportationID, Address) values ('741', null);
insert into Destination_to_Transportation  (TransportationID, Address) values ('559', null);
insert into Destination_to_Transportation  (TransportationID, Address) values ('323', null);
insert into Destination_to_Transportation  (TransportationID, Address) values ('176', null);
insert into Destination_to_Transportation  (TransportationID, Address) values ('966', null);
insert into Destination_to_Transportation  (TransportationID, Address) values ('228', null);
insert into Destination_to_Transportation  (TransportationID, Address) values ('249', null);
insert into Destination_to_Transportation  (TransportationID, Address) values ('92', null);
insert into Destination_to_Transportation  (TransportationID, Address) values ('439', null);
insert into Destination_to_Transportation  (TransportationID, Address) values ('65', null);
insert into Destination_to_Transportation  (TransportationID, Address) values ('596', null);
insert into Destination_to_Transportation  (TransportationID, Address) values ('362', null);
insert into Destination_to_Transportation  (TransportationID, Address) values ('328', null);
insert into Destination_to_Transportation  (TransportationID, Address) values ('305', null);
insert into Destination_to_Transportation  (TransportationID, Address) values ('267', null);
insert into Destination_to_Transportation  (TransportationID, Address) values ('79', null);
insert into Destination_to_Transportation  (TransportationID, Address) values ('556', null);
insert into Destination_to_Transportation  (TransportationID, Address) values ('819', null);
insert into Destination_to_Transportation  (TransportationID, Address) values ('569', null);
insert into Destination_to_Transportation  (TransportationID, Address) values ('91', null);
insert into Destination_to_Transportation  (TransportationID, Address) values ('356', null);
insert into Destination_to_Transportation  (TransportationID, Address) values ('858', null);
insert into Destination_to_Transportation  (TransportationID, Address) values ('547', null);
insert into Destination_to_Transportation  (TransportationID, Address) values ('423', null);
insert into Destination_to_Transportation  (TransportationID, Address) values ('747', null);
insert into Destination_to_Transportation  (TransportationID, Address) values ('179', null);
insert into Destination_to_Transportation  (TransportationID, Address) values ('731', null);
insert into Destination_to_Transportation  (TransportationID, Address) values ('100', null);
insert into Destination_to_Transportation  (TransportationID, Address) values ('108', null);
insert into Destination_to_Transportation  (TransportationID, Address) values ('521', null);
insert into Destination_to_Transportation  (TransportationID, Address) values ('209', null);
insert into Destination_to_Transportation  (TransportationID, Address) values ('872', null);
insert into Destination_to_Transportation  (TransportationID, Address) values ('145', null);
insert into Destination_to_Transportation  (TransportationID, Address) values ('578', null);
insert into Destination_to_Transportation  (TransportationID, Address) values ('408', null);
insert into Destination_to_Transportation  (TransportationID, Address) values ('248', null);
insert into Destination_to_Transportation  (TransportationID, Address) values ('85', null);
insert into Destination_to_Transportation  (TransportationID, Address) values ('310', null);
insert into Destination_to_Transportation  (TransportationID, Address) values ('647', null);
insert into Destination_to_Transportation  (TransportationID, Address) values ('850', null);
insert into Destination_to_Transportation  (TransportationID, Address) values ('397', null);
insert into Destination_to_Transportation  (TransportationID, Address) values ('269', null);
insert into Destination_to_Transportation  (TransportationID, Address) values ('777', null);
insert into Destination_to_Transportation  (TransportationID, Address) values ('196', null);
insert into Destination_to_Transportation  (TransportationID, Address) values ('11', null);
insert into Destination_to_Transportation  (TransportationID, Address) values ('338', null);
insert into Destination_to_Transportation  (TransportationID, Address) values ('159', null);
insert into Destination_to_Transportation  (TransportationID, Address) values ('864', null);
insert into Destination_to_Transportation  (TransportationID, Address) values ('575', null);
insert into Destination_to_Transportation  (TransportationID, Address) values ('869', null);
insert into Destination_to_Transportation  (TransportationID, Address) values ('89', null);
insert into Destination_to_Transportation  (TransportationID, Address) values ('388', null);
insert into Destination_to_Transportation  (TransportationID, Address) values ('780', null);
insert into Destination_to_Transportation  (TransportationID, Address) values ('417', null);
insert into Destination_to_Transportation  (TransportationID, Address) values ('999', null);
insert into Destination_to_Transportation  (TransportationID, Address) values ('73', null);
insert into Destination_to_Transportation  (TransportationID, Address) values ('88', null);
insert into Destination_to_Transportation  (TransportationID, Address) values ('118', null);
insert into Destination_to_Transportation  (TransportationID, Address) values ('293', null);
insert into Destination_to_Transportation  (TransportationID, Address) values ('821', null);
insert into Destination_to_Transportation  (TransportationID, Address) values ('478', null);
insert into Destination_to_Transportation  (TransportationID, Address) values ('314', null);
insert into Destination_to_Transportation  (TransportationID, Address) values ('832', null);
insert into Destination_to_Transportation  (TransportationID, Address) values ('404', null);
insert into Destination_to_Transportation  (TransportationID, Address) values ('14', null);
insert into Destination_to_Transportation  (TransportationID, Address) values ('962', null);
insert into Destination_to_Transportation  (TransportationID, Address) values ('542', null);
insert into Destination_to_Transportation  (TransportationID, Address) values ('501', null);
insert into Destination_to_Transportation  (TransportationID, Address) values ('588', null);
insert into Destination_to_Transportation  (TransportationID, Address) values ('965', null);
insert into Destination_to_Transportation  (TransportationID, Address) values ('664', null);
insert into Destination_to_Transportation  (TransportationID, Address) values ('907', null);
insert into Destination_to_Transportation  (TransportationID, Address) values ('689', null);
insert into Destination_to_Transportation  (TransportationID, Address) values ('914', null);
insert into Destination_to_Transportation  (TransportationID, Address) values ('441', null);
insert into Destination_to_Transportation  (TransportationID, Address) values ('940', null);
insert into Destination_to_Transportation  (TransportationID, Address) values ('543', null);
insert into Destination_to_Transportation  (TransportationID, Address) values ('62', null);
insert into Destination_to_Transportation  (TransportationID, Address) values ('121', null);
insert into Destination_to_Transportation  (TransportationID, Address) values ('602', null);
insert into Destination_to_Transportation  (TransportationID, Address) values ('532', null);
insert into Destination_to_Transportation  (TransportationID, Address) values ('856', null);
insert into Destination_to_Transportation  (TransportationID, Address) values ('26', null);
insert into Destination_to_Transportation  (TransportationID, Address) values ('399', null);
insert into Destination_to_Transportation  (TransportationID, Address) values ('734', null);
insert into Destination_to_Transportation  (TransportationID, Address) values ('649', null);
insert into Destination_to_Transportation  (TransportationID, Address) values ('634', null);
insert into Destination_to_Transportation  (TransportationID, Address) values ('891', null);
insert into Destination_to_Transportation  (TransportationID, Address) values ('386', null);
insert into Destination_to_Transportation  (TransportationID, Address) values ('705', null);
insert into Destination_to_Transportation  (TransportationID, Address) values ('629', null);
insert into Destination_to_Transportation  (TransportationID, Address) values ('358', null);
insert into Destination_to_Transportation  (TransportationID, Address) values ('989', null);
insert into Destination_to_Transportation  (TransportationID, Address) values ('633', null);
insert into Destination_to_Transportation  (TransportationID, Address) values ('742', null);
insert into Destination_to_Transportation  (TransportationID, Address) values ('457', null);
insert into Destination_to_Transportation  (TransportationID, Address) values ('98', null);
insert into Destination_to_Transportation  (TransportationID, Address) values ('785', null);
insert into Destination_to_Transportation  (TransportationID, Address) values ('259', null);
insert into Destination_to_Transportation  (TransportationID, Address) values ('214', null);
insert into Destination_to_Transportation  (TransportationID, Address) values ('270', null);
insert into Destination_to_Transportation  (TransportationID, Address) values ('421', null);
insert into Destination_to_Transportation  (TransportationID, Address) values ('752', null);
insert into Destination_to_Transportation  (TransportationID, Address) values ('137', null);
insert into Destination_to_Transportation  (TransportationID, Address) values ('116', null);
insert into Destination_to_Transportation  (TransportationID, Address) values ('905', null);
insert into Destination_to_Transportation  (TransportationID, Address) values ('992', null);
insert into Destination_to_Transportation  (TransportationID, Address) values ('678', null);
insert into Destination_to_Transportation  (TransportationID, Address) values ('327', null);
insert into Destination_to_Transportation  (TransportationID, Address) values ('55', null);
insert into Destination_to_Transportation  (TransportationID, Address) values ('169', null);
insert into Destination_to_Transportation  (TransportationID, Address) values ('335', null);
insert into Destination_to_Transportation  (TransportationID, Address) values ('957', null);
insert into Destination_to_Transportation  (TransportationID, Address) values ('219', null);
insert into Destination_to_Transportation  (TransportationID, Address) values ('117', null);
insert into Destination_to_Transportation  (TransportationID, Address) values ('751', null);
insert into Destination_to_Transportation  (TransportationID, Address) values ('235', null);
insert into Destination_to_Transportation  (TransportationID, Address) values ('104', null);
insert into Destination_to_Transportation  (TransportationID, Address) values ('652', null);
insert into Destination_to_Transportation  (TransportationID, Address) values ('149', null);
insert into Destination_to_Transportation  (TransportationID, Address) values ('786', null);
insert into Destination_to_Transportation  (TransportationID, Address) values ('706', null);
insert into Destination_to_Transportation  (TransportationID, Address) values ('241', null);
insert into Destination_to_Transportation  (TransportationID, Address) values ('466', null);
insert into Destination_to_Transportation  (TransportationID, Address) values ('424', null);
insert into Destination_to_Transportation  (TransportationID, Address) values ('923', null);
insert into Destination_to_Transportation  (TransportationID, Address) values ('981', null);
insert into Destination_to_Transportation  (TransportationID, Address) values ('133', null);
insert into Destination_to_Transportation  (TransportationID, Address) values ('366', null);

/* GroupAct */

insert into GroupAct (Group_Type_ID, Number_of_Friends, Group_Budget, UserID, ActivityID) values (1, 1, 47, '12', '8');
insert into GroupAct (Group_Type_ID, Number_of_Friends, Group_Budget, UserID, ActivityID) values (2, 2, 248, '25', '8');
insert into GroupAct (Group_Type_ID, Number_of_Friends, Group_Budget, UserID, ActivityID) values (3, 3, 90, '6', '8');
insert into GroupAct (Group_Type_ID, Number_of_Friends, Group_Budget, UserID, ActivityID) values (4, 6, 386, '26', '8');
insert into GroupAct (Group_Type_ID, Number_of_Friends, Group_Budget, UserID, ActivityID) values (5, 6, 173, '1', '8');
insert into GroupAct (Group_Type_ID, Number_of_Friends, Group_Budget, UserID, ActivityID) values (6, 9, 305, '24', '8');
insert into GroupAct (Group_Type_ID, Number_of_Friends, Group_Budget, UserID, ActivityID) values (7, 4, 246, '33', '8');
insert into GroupAct (Group_Type_ID, Number_of_Friends, Group_Budget, UserID, ActivityID) values (8, 6, 104, '2', '8');
insert into GroupAct (Group_Type_ID, Number_of_Friends, Group_Budget, UserID, ActivityID) values (9, 3, 99, '32', '8');
insert into GroupAct (Group_Type_ID, Number_of_Friends, Group_Budget, UserID, ActivityID) values (10, 3, 432, '7', '8');
insert into GroupAct (Group_Type_ID, Number_of_Friends, Group_Budget, UserID, ActivityID) values (11, 4, 191, '13', '8');
insert into GroupAct (Group_Type_ID, Number_of_Friends, Group_Budget, UserID, ActivityID) values (12, 2, 73, '28', '8');
insert into GroupAct (Group_Type_ID, Number_of_Friends, Group_Budget, UserID, ActivityID) values (13, 10, 233, '14', '8');
insert into GroupAct (Group_Type_ID, Number_of_Friends, Group_Budget, UserID, ActivityID) values (14, 9, 178, '18', '8');
insert into GroupAct (Group_Type_ID, Number_of_Friends, Group_Budget, UserID, ActivityID) values (15, 7, 120, '23', '8');
insert into GroupAct (Group_Type_ID, Number_of_Friends, Group_Budget, UserID, ActivityID) values (16, 8, 224, '16', '8');
insert into GroupAct (Group_Type_ID, Number_of_Friends, Group_Budget, UserID, ActivityID) values (17, 7, 125, '22', '8');
insert into GroupAct (Group_Type_ID, Number_of_Friends, Group_Budget, UserID, ActivityID) values (18, 8, 122, '20', '8');
insert into GroupAct (Group_Type_ID, Number_of_Friends, Group_Budget, UserID, ActivityID) values (19, 3, 399, '11', '8');
insert into GroupAct (Group_Type_ID, Number_of_Friends, Group_Budget, UserID, ActivityID) values (20, 7, 473, '3', '8');
insert into GroupAct (Group_Type_ID, Number_of_Friends, Group_Budget, UserID, ActivityID) values (21, 2, 222, '17', '8');
insert into GroupAct (Group_Type_ID, Number_of_Friends, Group_Budget, UserID, ActivityID) values (22, 3, 120, '8', '8');
insert into GroupAct (Group_Type_ID, Number_of_Friends, Group_Budget, UserID, ActivityID) values (23, 4, 428, '5', '8');
insert into GroupAct (Group_Type_ID, Number_of_Friends, Group_Budget, UserID, ActivityID) values (24, 5, 244, '34', '8');
insert into GroupAct (Group_Type_ID, Number_of_Friends, Group_Budget, UserID, ActivityID) values (25, 8, 206, '15', '8');
insert into GroupAct (Group_Type_ID, Number_of_Friends, Group_Budget, UserID, ActivityID) values (26, 6, 98, '35', '8');
insert into GroupAct (Group_Type_ID, Number_of_Friends, Group_Budget, UserID, ActivityID) values (27, 10, 24, '10', '8');
insert into GroupAct (Group_Type_ID, Number_of_Friends, Group_Budget, UserID, ActivityID) values (28, 5, 407, '31', '8');
insert into GroupAct (Group_Type_ID, Number_of_Friends, Group_Budget, UserID, ActivityID) values (29, 4, 189, '27', '8');
insert into GroupAct (Group_Type_ID, Number_of_Friends, Group_Budget, UserID, ActivityID) values (30, 3, 209, '29', '8');
insert into GroupAct (Group_Type_ID, Number_of_Friends, Group_Budget, UserID, ActivityID) values (31, 3, 201, '19', '8');
insert into GroupAct (Group_Type_ID, Number_of_Friends, Group_Budget, UserID, ActivityID) values (32, 8, 6, '9', '8');
insert into GroupAct (Group_Type_ID, Number_of_Friends, Group_Budget, UserID, ActivityID) values (33, 8, 289, '21', '8');
insert into GroupAct (Group_Type_ID, Number_of_Friends, Group_Budget, UserID, ActivityID) values (34, 1, 120, '30', '8');
insert into GroupAct (Group_Type_ID, Number_of_Friends, Group_Budget, UserID, ActivityID) values (35, 10, 417, '4', '8');
insert into GroupAct (Group_Type_ID, Number_of_Friends, Group_Budget, UserID, ActivityID) values (36, 5, 332, '22', '8');
insert into GroupAct (Group_Type_ID, Number_of_Friends, Group_Budget, UserID, ActivityID) values (37, 1, 358, '24', '8');
insert into GroupAct (Group_Type_ID, Number_of_Friends, Group_Budget, UserID, ActivityID) values (38, 3, 264, '14', '8');
insert into GroupAct (Group_Type_ID, Number_of_Friends, Group_Budget, UserID, ActivityID) values (39, 9, 157, '10', '8');
insert into GroupAct (Group_Type_ID, Number_of_Friends, Group_Budget, UserID, ActivityID) values (40, 8, 50, '32', '8');
insert into GroupAct (Group_Type_ID, Number_of_Friends, Group_Budget, UserID, ActivityID) values (41, 8, 424, '21', '8');
insert into GroupAct (Group_Type_ID, Number_of_Friends, Group_Budget, UserID, ActivityID) values (42, 4, 193, '7', '8');
insert into GroupAct (Group_Type_ID, Number_of_Friends, Group_Budget, UserID, ActivityID) values (43, 4, 168, '15', '8');
insert into GroupAct (Group_Type_ID, Number_of_Friends, Group_Budget, UserID, ActivityID) values (44, 2, 496, '4', '8');
insert into GroupAct (Group_Type_ID, Number_of_Friends, Group_Budget, UserID, ActivityID) values (45, 4, 291, '28', '8');
insert into GroupAct (Group_Type_ID, Number_of_Friends, Group_Budget, UserID, ActivityID) values (46, 1, 21, '11', '8');
insert into GroupAct (Group_Type_ID, Number_of_Friends, Group_Budget, UserID, ActivityID) values (47, 3, 149, '12', '8');
insert into GroupAct (Group_Type_ID, Number_of_Friends, Group_Budget, UserID, ActivityID) values (48, 1, 24, '34', '8');
insert into GroupAct (Group_Type_ID, Number_of_Friends, Group_Budget, UserID, ActivityID) values (49, 4, 476, '6', '8');
insert into GroupAct (Group_Type_ID, Number_of_Friends, Group_Budget, UserID, ActivityID) values (50, 7, 54, '26', '8');
insert into GroupAct (Group_Type_ID, Number_of_Friends, Group_Budget, UserID, ActivityID) values (51, 3, 315, '9', '8');
insert into GroupAct (Group_Type_ID, Number_of_Friends, Group_Budget, UserID, ActivityID) values (52, 3, 305, '20', '8');
insert into GroupAct (Group_Type_ID, Number_of_Friends, Group_Budget, UserID, ActivityID) values (53, 1, 106, '16', '8');
insert into GroupAct (Group_Type_ID, Number_of_Friends, Group_Budget, UserID, ActivityID) values (54, 9, 309, '18', '8');
insert into GroupAct (Group_Type_ID, Number_of_Friends, Group_Budget, UserID, ActivityID) values (55, 9, 265, '2', '8');
insert into GroupAct (Group_Type_ID, Number_of_Friends, Group_Budget, UserID, ActivityID) values (56, 9, 462, '23', '8');
insert into GroupAct (Group_Type_ID, Number_of_Friends, Group_Budget, UserID, ActivityID) values (57, 9, 277, '29', '8');
insert into GroupAct (Group_Type_ID, Number_of_Friends, Group_Budget, UserID, ActivityID) values (58, 7, 22, '17', '8');
insert into GroupAct (Group_Type_ID, Number_of_Friends, Group_Budget, UserID, ActivityID) values (59, 4, 286, '25', '8');
insert into GroupAct (Group_Type_ID, Number_of_Friends, Group_Budget, UserID, ActivityID) values (60, 8, 235, '5', '8');

/* Group_Meeting */
insert into Group_Meeting (Meeting_Time, Group_Type_ID) values ('5:18 PM', null);
insert into Group_Meeting (Meeting_Time, Group_Type_ID) values ('11:09 PM', null);
insert into Group_Meeting (Meeting_Time, Group_Type_ID) values ('1:07 PM', null);
insert into Group_Meeting (Meeting_Time, Group_Type_ID) values ('10:44 AM', null);
insert into Group_Meeting (Meeting_Time, Group_Type_ID) values ('10:08 AM', null);
insert into Group_Meeting (Meeting_Time, Group_Type_ID) values ('7:02 PM', null);
insert into Group_Meeting (Meeting_Time, Group_Type_ID) values ('2:30 PM', null);
insert into Group_Meeting (Meeting_Time, Group_Type_ID) values ('9:33 AM', null);
insert into Group_Meeting (Meeting_Time, Group_Type_ID) values ('11:40 PM', null);
insert into Group_Meeting (Meeting_Time, Group_Type_ID) values ('10:34 PM', null);
insert into Group_Meeting (Meeting_Time, Group_Type_ID) values ('1:17 PM', null);
insert into Group_Meeting (Meeting_Time, Group_Type_ID) values ('7:54 PM', null);
insert into Group_Meeting (Meeting_Time, Group_Type_ID) values ('5:21 AM', null);
insert into Group_Meeting (Meeting_Time, Group_Type_ID) values ('3:19 AM', null);
insert into Group_Meeting (Meeting_Time, Group_Type_ID) values ('10:04 AM', null);
insert into Group_Meeting (Meeting_Time, Group_Type_ID) values ('8:16 AM', null);
insert into Group_Meeting (Meeting_Time, Group_Type_ID) values ('10:08 AM', null);
insert into Group_Meeting (Meeting_Time, Group_Type_ID) values ('8:38 PM', null);
insert into Group_Meeting (Meeting_Time, Group_Type_ID) values ('10:46 AM', null);
insert into Group_Meeting (Meeting_Time, Group_Type_ID) values ('12:07 AM', null);
insert into Group_Meeting (Meeting_Time, Group_Type_ID) values ('8:01 PM', null);
insert into Group_Meeting (Meeting_Time, Group_Type_ID) values ('8:59 PM', null);
insert into Group_Meeting (Meeting_Time, Group_Type_ID) values ('1:24 PM', null);
insert into Group_Meeting (Meeting_Time, Group_Type_ID) values ('6:37 PM', null);
insert into Group_Meeting (Meeting_Time, Group_Type_ID) values ('8:27 PM', null);
insert into Group_Meeting (Meeting_Time, Group_Type_ID) values ('2:42 PM', null);
insert into Group_Meeting (Meeting_Time, Group_Type_ID) values ('9:26 AM', null);
insert into Group_Meeting (Meeting_Time, Group_Type_ID) values ('1:21 AM', null);
insert into Group_Meeting (Meeting_Time, Group_Type_ID) values ('4:46 AM', null);
insert into Group_Meeting (Meeting_Time, Group_Type_ID) values ('8:18 PM', null);
insert into Group_Meeting (Meeting_Time, Group_Type_ID) values ('1:39 PM', null);
insert into Group_Meeting (Meeting_Time, Group_Type_ID) values ('5:51 PM', null);
insert into Group_Meeting (Meeting_Time, Group_Type_ID) values ('4:54 PM', null);
insert into Group_Meeting (Meeting_Time, Group_Type_ID) values ('5:44 AM', null);
insert into Group_Meeting (Meeting_Time, Group_Type_ID) values ('3:48 AM', null);
insert into Group_Meeting (Meeting_Time, Group_Type_ID) values ('10:39 PM', null);
insert into Group_Meeting (Meeting_Time, Group_Type_ID) values ('8:00 PM', null);
insert into Group_Meeting (Meeting_Time, Group_Type_ID) values ('6:56 PM', null);
insert into Group_Meeting (Meeting_Time, Group_Type_ID) values ('11:41 PM', null);
insert into Group_Meeting (Meeting_Time, Group_Type_ID) values ('11:46 AM', null);
insert into Group_Meeting (Meeting_Time, Group_Type_ID) values ('5:01 PM', null);
insert into Group_Meeting (Meeting_Time, Group_Type_ID) values ('7:48 PM', null);
insert into Group_Meeting (Meeting_Time, Group_Type_ID) values ('3:27 PM', null);
insert into Group_Meeting (Meeting_Time, Group_Type_ID) values ('5:08 AM', null);
insert into Group_Meeting (Meeting_Time, Group_Type_ID) values ('3:46 AM', null);
insert into Group_Meeting (Meeting_Time, Group_Type_ID) values ('5:35 AM', null);
insert into Group_Meeting (Meeting_Time, Group_Type_ID) values ('1:07 PM', null);
insert into Group_Meeting (Meeting_Time, Group_Type_ID) values ('9:24 AM', null);
insert into Group_Meeting (Meeting_Time, Group_Type_ID) values ('3:27 AM', null);
insert into Group_Meeting (Meeting_Time, Group_Type_ID) values ('3:21 AM', null);
insert into Group_Meeting (Meeting_Time, Group_Type_ID) values ('7:39 PM', null);
insert into Group_Meeting (Meeting_Time, Group_Type_ID) values ('2:06 AM', null);
insert into Group_Meeting (Meeting_Time, Group_Type_ID) values ('11:15 PM', null);
insert into Group_Meeting (Meeting_Time, Group_Type_ID) values ('6:50 AM', null);
insert into Group_Meeting (Meeting_Time, Group_Type_ID) values ('8:30 AM', null);
insert into Group_Meeting (Meeting_Time, Group_Type_ID) values ('11:09 PM', null);
insert into Group_Meeting (Meeting_Time, Group_Type_ID) values ('4:42 AM', null);
insert into Group_Meeting (Meeting_Time, Group_Type_ID) values ('1:07 AM', null);
insert into Group_Meeting (Meeting_Time, Group_Type_ID) values ('3:20 AM', null);
insert into Group_Meeting (Meeting_Time, Group_Type_ID) values ('1:41 AM', null);
insert into Group_Meeting (Meeting_Time, Group_Type_ID) values ('6:56 PM', null);
insert into Group_Meeting (Meeting_Time, Group_Type_ID) values ('10:53 PM', null);
insert into Group_Meeting (Meeting_Time, Group_Type_ID) values ('2:58 AM', null);
insert into Group_Meeting (Meeting_Time, Group_Type_ID) values ('1:11 AM', null);
insert into Group_Meeting (Meeting_Time, Group_Type_ID) values ('11:30 AM', null);
insert into Group_Meeting (Meeting_Time, Group_Type_ID) values ('10:06 PM', null);
insert into Group_Meeting (Meeting_Time, Group_Type_ID) values ('7:06 AM', null);
insert into Group_Meeting (Meeting_Time, Group_Type_ID) values ('12:02 PM', null);
insert into Group_Meeting (Meeting_Time, Group_Type_ID) values ('1:27 AM', null);
insert into Group_Meeting (Meeting_Time, Group_Type_ID) values ('7:00 AM', null);
insert into Group_Meeting (Meeting_Time, Group_Type_ID) values ('8:02 PM', null);
insert into Group_Meeting (Meeting_Time, Group_Type_ID) values ('9:31 AM', null);
insert into Group_Meeting (Meeting_Time, Group_Type_ID) values ('10:07 PM', null);
insert into Group_Meeting (Meeting_Time, Group_Type_ID) values ('6:31 PM', null);
insert into Group_Meeting (Meeting_Time, Group_Type_ID) values ('11:30 AM', null);
insert into Group_Meeting (Meeting_Time, Group_Type_ID) values ('10:28 PM', null);
insert into Group_Meeting (Meeting_Time, Group_Type_ID) values ('8:50 AM', null);
insert into Group_Meeting (Meeting_Time, Group_Type_ID) values ('9:50 AM', null);
insert into Group_Meeting (Meeting_Time, Group_Type_ID) values ('3:45 AM', null);
insert into Group_Meeting (Meeting_Time, Group_Type_ID) values ('9:24 AM', null);
insert into Group_Meeting (Meeting_Time, Group_Type_ID) values ('6:55 AM', null);
insert into Group_Meeting (Meeting_Time, Group_Type_ID) values ('11:55 AM', null);
insert into Group_Meeting (Meeting_Time, Group_Type_ID) values ('2:38 AM', null);
insert into Group_Meeting (Meeting_Time, Group_Type_ID) values ('6:39 AM', null);
insert into Group_Meeting (Meeting_Time, Group_Type_ID) values ('7:08 PM', null);
insert into Group_Meeting (Meeting_Time, Group_Type_ID) values ('4:52 PM', null);
insert into Group_Meeting (Meeting_Time, Group_Type_ID) values ('12:43 AM', null);
insert into Group_Meeting (Meeting_Time, Group_Type_ID) values ('2:05 PM', null);
insert into Group_Meeting (Meeting_Time, Group_Type_ID) values ('5:39 AM', null);
insert into Group_Meeting (Meeting_Time, Group_Type_ID) values ('8:17 PM', null);
insert into Group_Meeting (Meeting_Time, Group_Type_ID) values ('9:25 PM', null);
insert into Group_Meeting (Meeting_Time, Group_Type_ID) values ('1:18 PM', null);
insert into Group_Meeting (Meeting_Time, Group_Type_ID) values ('12:18 AM', null);
insert into Group_Meeting (Meeting_Time, Group_Type_ID) values ('5:46 AM', null);
insert into Group_Meeting (Meeting_Time, Group_Type_ID) values ('10:57 PM', null);
insert into Group_Meeting (Meeting_Time, Group_Type_ID) values ('9:22 PM', null);
insert into Group_Meeting (Meeting_Time, Group_Type_ID) values ('8:30 AM', null);
insert into Group_Meeting (Meeting_Time, Group_Type_ID) values ('6:36 AM', null);
insert into Group_Meeting (Meeting_Time, Group_Type_ID) values ('3:20 PM', null);
insert into Group_Meeting (Meeting_Time, Group_Type_ID) values ('4:27 PM', null);
insert into Group_Meeting (Meeting_Time, Group_Type_ID) values ('7:27 PM', null);
insert into Group_Meeting (Meeting_Time, Group_Type_ID) values ('2:04 AM', null);
insert into Group_Meeting (Meeting_Time, Group_Type_ID) values ('8:41 AM', null);
insert into Group_Meeting (Meeting_Time, Group_Type_ID) values ('3:29 AM', null);
insert into Group_Meeting (Meeting_Time, Group_Type_ID) values ('2:36 AM', null);
insert into Group_Meeting (Meeting_Time, Group_Type_ID) values ('4:58 PM', null);
insert into Group_Meeting (Meeting_Time, Group_Type_ID) values ('2:03 PM', null);
insert into Group_Meeting (Meeting_Time, Group_Type_ID) values ('7:29 PM', null);
insert into Group_Meeting (Meeting_Time, Group_Type_ID) values ('11:35 PM', null);
insert into Group_Meeting (Meeting_Time, Group_Type_ID) values ('12:00 AM', null);
insert into Group_Meeting (Meeting_Time, Group_Type_ID) values ('8:15 AM', null);
insert into Group_Meeting (Meeting_Time, Group_Type_ID) values ('1:01 AM', null);
insert into Group_Meeting (Meeting_Time, Group_Type_ID) values ('7:04 AM', null);
insert into Group_Meeting (Meeting_Time, Group_Type_ID) values ('10:21 PM', null);
insert into Group_Meeting (Meeting_Time, Group_Type_ID) values ('2:28 PM', null);
insert into Group_Meeting (Meeting_Time, Group_Type_ID) values ('5:48 AM', null);
insert into Group_Meeting (Meeting_Time, Group_Type_ID) values ('7:27 AM', null);
insert into Group_Meeting (Meeting_Time, Group_Type_ID) values ('9:51 AM', null);
insert into Group_Meeting (Meeting_Time, Group_Type_ID) values ('1:31 PM', null);
insert into Group_Meeting (Meeting_Time, Group_Type_ID) values ('5:00 PM', null);
insert into Group_Meeting (Meeting_Time, Group_Type_ID) values ('1:10 AM', null);
insert into Group_Meeting (Meeting_Time, Group_Type_ID) values ('1:25 AM', null);
insert into Group_Meeting (Meeting_Time, Group_Type_ID) values ('12:07 PM', null);
insert into Group_Meeting (Meeting_Time, Group_Type_ID) values ('2:03 PM', null);
insert into Group_Meeting (Meeting_Time, Group_Type_ID) values ('5:38 AM', null);
insert into Group_Meeting (Meeting_Time, Group_Type_ID) values ('1:41 PM', null);
insert into Group_Meeting (Meeting_Time, Group_Type_ID) values ('7:09 AM', null);
insert into Group_Meeting (Meeting_Time, Group_Type_ID) values ('2:59 AM', null);
insert into Group_Meeting (Meeting_Time, Group_Type_ID) values ('2:02 AM', null);
insert into Group_Meeting (Meeting_Time, Group_Type_ID) values ('8:29 AM', null);
insert into Group_Meeting (Meeting_Time, Group_Type_ID) values ('3:02 AM', null);
insert into Group_Meeting (Meeting_Time, Group_Type_ID) values ('10:45 PM', null);
insert into Group_Meeting (Meeting_Time, Group_Type_ID) values ('5:00 AM', null);
insert into Group_Meeting (Meeting_Time, Group_Type_ID) values ('5:33 PM', null);
insert into Group_Meeting (Meeting_Time, Group_Type_ID) values ('5:46 PM', null);
insert into Group_Meeting (Meeting_Time, Group_Type_ID) values ('1:55 AM', null);
insert into Group_Meeting (Meeting_Time, Group_Type_ID) values ('4:02 PM', null);
insert into Group_Meeting (Meeting_Time, Group_Type_ID) values ('5:03 AM', null);
insert into Group_Meeting (Meeting_Time, Group_Type_ID) values ('4:24 PM', null);
insert into Group_Meeting (Meeting_Time, Group_Type_ID) values ('8:03 AM', null);
insert into Group_Meeting (Meeting_Time, Group_Type_ID) values ('10:08 PM', null);
insert into Group_Meeting (Meeting_Time, Group_Type_ID) values ('11:33 PM', null);
insert into Group_Meeting (Meeting_Time, Group_Type_ID) values ('2:35 AM', null);
insert into Group_Meeting (Meeting_Time, Group_Type_ID) values ('6:01 AM', null);
insert into Group_Meeting (Meeting_Time, Group_Type_ID) values ('5:05 PM', null);
insert into Group_Meeting (Meeting_Time, Group_Type_ID) values ('11:25 PM', null);
insert into Group_Meeting (Meeting_Time, Group_Type_ID) values ('2:42 AM', null);
insert into Group_Meeting (Meeting_Time, Group_Type_ID) values ('4:26 PM', null);
insert into Group_Meeting (Meeting_Time, Group_Type_ID) values ('3:10 AM', null);
insert into Group_Meeting (Meeting_Time, Group_Type_ID) values ('1:17 PM', null);
insert into Group_Meeting (Meeting_Time, Group_Type_ID) values ('12:25 AM', null);
insert into Group_Meeting (Meeting_Time, Group_Type_ID) values ('11:42 AM', null);
insert into Group_Meeting (Meeting_Time, Group_Type_ID) values ('9:34 PM', null);
insert into Group_Meeting (Meeting_Time, Group_Type_ID) values ('1:23 PM', null);
insert into Group_Meeting (Meeting_Time, Group_Type_ID) values ('11:17 PM', null);
insert into Group_Meeting (Meeting_Time, Group_Type_ID) values ('11:00 PM', null);
insert into Group_Meeting (Meeting_Time, Group_Type_ID) values ('8:52 PM', null);
insert into Group_Meeting (Meeting_Time, Group_Type_ID) values ('1:50 PM', null);
insert into Group_Meeting (Meeting_Time, Group_Type_ID) values ('6:31 PM', null);
insert into Group_Meeting (Meeting_Time, Group_Type_ID) values ('6:55 PM', null);
insert into Group_Meeting (Meeting_Time, Group_Type_ID) values ('6:29 AM', null);
insert into Group_Meeting (Meeting_Time, Group_Type_ID) values ('4:14 PM', null);
insert into Group_Meeting (Meeting_Time, Group_Type_ID) values ('8:27 PM', null);
insert into Group_Meeting (Meeting_Time, Group_Type_ID) values ('9:50 AM', null);
insert into Group_Meeting (Meeting_Time, Group_Type_ID) values ('2:07 PM', null);
insert into Group_Meeting (Meeting_Time, Group_Type_ID) values ('10:41 AM', null);
insert into Group_Meeting (Meeting_Time, Group_Type_ID) values ('6:25 AM', null);
insert into Group_Meeting (Meeting_Time, Group_Type_ID) values ('12:42 AM', null);
insert into Group_Meeting (Meeting_Time, Group_Type_ID) values ('5:05 PM', null);
insert into Group_Meeting (Meeting_Time, Group_Type_ID) values ('1:04 AM', null);
insert into Group_Meeting (Meeting_Time, Group_Type_ID) values ('3:08 PM', null);
insert into Group_Meeting (Meeting_Time, Group_Type_ID) values ('9:06 AM', null);
insert into Group_Meeting (Meeting_Time, Group_Type_ID) values ('6:58 PM', null);
insert into Group_Meeting (Meeting_Time, Group_Type_ID) values ('7:35 PM', null);
insert into Group_Meeting (Meeting_Time, Group_Type_ID) values ('4:50 AM', null);
insert into Group_Meeting (Meeting_Time, Group_Type_ID) values ('6:31 PM', null);
insert into Group_Meeting (Meeting_Time, Group_Type_ID) values ('2:01 PM', null);
insert into Group_Meeting (Meeting_Time, Group_Type_ID) values ('1:21 AM', null);
insert into Group_Meeting (Meeting_Time, Group_Type_ID) values ('1:39 AM', null);
insert into Group_Meeting (Meeting_Time, Group_Type_ID) values ('3:12 AM', null);
insert into Group_Meeting (Meeting_Time, Group_Type_ID) values ('12:53 PM', null);
insert into Group_Meeting (Meeting_Time, Group_Type_ID) values ('12:01 AM', null);
insert into Group_Meeting (Meeting_Time, Group_Type_ID) values ('1:29 PM', null);
insert into Group_Meeting (Meeting_Time, Group_Type_ID) values ('7:17 AM', null);
insert into Group_Meeting (Meeting_Time, Group_Type_ID) values ('5:54 AM', null);
insert into Group_Meeting (Meeting_Time, Group_Type_ID) values ('1:50 AM', null);
insert into Group_Meeting (Meeting_Time, Group_Type_ID) values ('9:09 PM', null);
insert into Group_Meeting (Meeting_Time, Group_Type_ID) values ('4:36 AM', null);
insert into Group_Meeting (Meeting_Time, Group_Type_ID) values ('9:09 PM', null);
insert into Group_Meeting (Meeting_Time, Group_Type_ID) values ('6:27 AM', null);
insert into Group_Meeting (Meeting_Time, Group_Type_ID) values ('10:39 PM', null);
insert into Group_Meeting (Meeting_Time, Group_Type_ID) values ('7:12 PM', null);
insert into Group_Meeting (Meeting_Time, Group_Type_ID) values ('7:17 AM', null);
insert into Group_Meeting (Meeting_Time, Group_Type_ID) values ('12:26 AM', null);
insert into Group_Meeting (Meeting_Time, Group_Type_ID) values ('10:05 AM', null);
insert into Group_Meeting (Meeting_Time, Group_Type_ID) values ('12:05 AM', null);
insert into Group_Meeting (Meeting_Time, Group_Type_ID) values ('1:14 PM', null);
insert into Group_Meeting (Meeting_Time, Group_Type_ID) values ('8:55 AM', null);
insert into Group_Meeting (Meeting_Time, Group_Type_ID) values ('11:05 PM', null);
insert into Group_Meeting (Meeting_Time, Group_Type_ID) values ('2:27 PM', null);

/* Shopping */

insert into Shopping (ShoppingID, Name, PriceTag, Shopping_Area_Size, OverallRating, ActivityTypeID) values (1, 'Town Center Plaza', '$$$$', 'small', 2, '4');
insert into Shopping (ShoppingID, Name, PriceTag, Shopping_Area_Size, OverallRating, ActivityTypeID) values (2, 'City Plaza', '$$$$$', 'big', 4, '4');
insert into Shopping (ShoppingID, Name, PriceTag, Shopping_Area_Size, OverallRating, ActivityTypeID) values (3, 'Metropolitan Mall', '$$$$', 'large', 2, '4');
insert into Shopping (ShoppingID, Name, PriceTag, Shopping_Area_Size, OverallRating, ActivityTypeID) values (4, 'City Plaza', '$$', 'large', 5, '4');
insert into Shopping (ShoppingID, Name, PriceTag, Shopping_Area_Size, OverallRating, ActivityTypeID) values (5, 'Spring Valley Shopping Centre', '$$$$$', 'big', 5, '4');
insert into Shopping (ShoppingID, Name, PriceTag, Shopping_Area_Size, OverallRating, ActivityTypeID) values (6, 'Fountain Square', '$$$', 'large', 5, '4');
insert into Shopping (ShoppingID, Name, PriceTag, Shopping_Area_Size, OverallRating, ActivityTypeID) values (7, 'Central Plaza', '$$$$$', 'large', 1, '4');
insert into Shopping (ShoppingID, Name, PriceTag, Shopping_Area_Size, OverallRating, ActivityTypeID) values (8, 'Fashion Square', '$$$$$', 'small', 2, '4');
insert into Shopping (ShoppingID, Name, PriceTag, Shopping_Area_Size, OverallRating, ActivityTypeID) values (9, 'Emerald City Mall', '$$$', 'big', 1, '4');
insert into Shopping (ShoppingID, Name, PriceTag, Shopping_Area_Size, OverallRating, ActivityTypeID) values (10, 'Magnolia Mall', '$$', 'small', 5, '4');
insert into Shopping (ShoppingID, Name, PriceTag, Shopping_Area_Size, OverallRating, ActivityTypeID) values (11, 'Crystal Gardens Mall', '$$$$', 'large', 3, '4');
insert into Shopping (ShoppingID, Name, PriceTag, Shopping_Area_Size, OverallRating, ActivityTypeID) values (12, 'Fountain Square', '$$$$$', 'large', 3, '4');
insert into Shopping (ShoppingID, Name, PriceTag, Shopping_Area_Size, OverallRating, ActivityTypeID) values (13, 'Meadowbrook Mall', '$$$$', 'small', 5, '4');
insert into Shopping (ShoppingID, Name, PriceTag, Shopping_Area_Size, OverallRating, ActivityTypeID) values (14, 'Grand Arcade', '$$$', 'big', 4, '4');
insert into Shopping (ShoppingID, Name, PriceTag, Shopping_Area_Size, OverallRating, ActivityTypeID) values (15, 'Fashion Square', '$$$$$', 'large', 3, '4');
insert into Shopping (ShoppingID, Name, PriceTag, Shopping_Area_Size, OverallRating, ActivityTypeID) values (16, 'Pacific Place', '$', 'large', 1, '4');
insert into Shopping (ShoppingID, Name, PriceTag, Shopping_Area_Size, OverallRating, ActivityTypeID) values (17, 'Lakeside Shopping Centre', '$$', 'large', 3, '4');
insert into Shopping (ShoppingID, Name, PriceTag, Shopping_Area_Size, OverallRating, ActivityTypeID) values (18, 'Crystal Gardens Mall', '$$$', 'large', 1, '4');
insert into Shopping (ShoppingID, Name, PriceTag, Shopping_Area_Size, OverallRating, ActivityTypeID) values (19, 'Maple Grove Mall', '$$$', 'big', 5, '4');
insert into Shopping (ShoppingID, Name, PriceTag, Shopping_Area_Size, OverallRating, ActivityTypeID) values (20, 'Crystal Gardens Mall', '$$$$', 'large', 5, '4');
insert into Shopping (ShoppingID, Name, PriceTag, Shopping_Area_Size, OverallRating, ActivityTypeID) values (21, 'Palm Springs Mall', '$', 'large', 5, '4');
insert into Shopping (ShoppingID, Name, PriceTag, Shopping_Area_Size, OverallRating, ActivityTypeID) values (22, 'Oasis Center', '$', 'large', 3, '4');
insert into Shopping (ShoppingID, Name, PriceTag, Shopping_Area_Size, OverallRating, ActivityTypeID) values (23, 'Maple Grove Mall', '$$$$', 'big', 3, '4');
insert into Shopping (ShoppingID, Name, PriceTag, Shopping_Area_Size, OverallRating, ActivityTypeID) values (24, 'Oasis Center', '$$', 'small', 5, '4');
insert into Shopping (ShoppingID, Name, PriceTag, Shopping_Area_Size, OverallRating, ActivityTypeID) values (25, 'City Plaza', '$', 'small', 3, '4');
insert into Shopping (ShoppingID, Name, PriceTag, Shopping_Area_Size, OverallRating, ActivityTypeID) values (26, 'Galaxy Mall', '$', 'big', 1, '4');
insert into Shopping (ShoppingID, Name, PriceTag, Shopping_Area_Size, OverallRating, ActivityTypeID) values (27, 'Palm Springs Mall', '$$', 'big', 1, '4');
insert into Shopping (ShoppingID, Name, PriceTag, Shopping_Area_Size, OverallRating, ActivityTypeID) values (28, 'Fashion Square', '$$$$$', 'large', 1, '4');
insert into Shopping (ShoppingID, Name, PriceTag, Shopping_Area_Size, OverallRating, ActivityTypeID) values (29, 'Southpoint Mall', '$$', 'large', 5, '4');
insert into Shopping (ShoppingID, Name, PriceTag, Shopping_Area_Size, OverallRating, ActivityTypeID) values (30, 'Lakeside Shopping Centre', '$$', 'big', 4, '4');
insert into Shopping (ShoppingID, Name, PriceTag, Shopping_Area_Size, OverallRating, ActivityTypeID) values (31, 'Fountain Square', '$', 'big', 5, '4');
insert into Shopping (ShoppingID, Name, PriceTag, Shopping_Area_Size, OverallRating, ActivityTypeID) values (32, 'Paradise Valley Mall', '$$$$', 'big', 3, '4');
insert into Shopping (ShoppingID, Name, PriceTag, Shopping_Area_Size, OverallRating, ActivityTypeID) values (33, 'Emerald City Mall', '$', 'big', 1, '4');
insert into Shopping (ShoppingID, Name, PriceTag, Shopping_Area_Size, OverallRating, ActivityTypeID) values (34, 'Summit Shopping Center', '$', 'large', 5, '4');
insert into Shopping (ShoppingID, Name, PriceTag, Shopping_Area_Size, OverallRating, ActivityTypeID) values (35, 'Crystal Gardens Mall', '$$', 'small', 4, '4');
insert into Shopping (ShoppingID, Name, PriceTag, Shopping_Area_Size, OverallRating, ActivityTypeID) values (36, 'Sunflower Plaza', '$$', 'big', 3, '4');
insert into Shopping (ShoppingID, Name, PriceTag, Shopping_Area_Size, OverallRating, ActivityTypeID) values (37, 'Oakwood Mall', '$$$$', 'small', 4, '4');
insert into Shopping (ShoppingID, Name, PriceTag, Shopping_Area_Size, OverallRating, ActivityTypeID) values (38, 'Central Plaza', '$', 'small', 4, '4');
insert into Shopping (ShoppingID, Name, PriceTag, Shopping_Area_Size, OverallRating, ActivityTypeID) values (39, 'Capital Mall', '$$$$$', 'small', 2, '4');
insert into Shopping (ShoppingID, Name, PriceTag, Shopping_Area_Size, OverallRating, ActivityTypeID) values (40, 'Silver Lake Mall', '$$', 'large', 3, '4');

/* Shopping_Location */
insert into Shopping_Location (Location, ShoppingID) values ('6868 Walnut Avenue', null);
insert into Shopping_Location (Location, ShoppingID) values ('6767 Pine Court', null);
insert into Shopping_Location (Location, ShoppingID) values ('18888 Hawthorn Street', null);
insert into Shopping_Location (Location, ShoppingID) values ('8888 Sycamore Drive', null);
insert into Shopping_Location (Location, ShoppingID) values ('2121 Birch Road', null);
insert into Shopping_Location (Location, ShoppingID) values ('202 Maple Drive', null);
insert into Shopping_Location (Location, ShoppingID) values ('12424 Pine Court', null);
insert into Shopping_Location (Location, ShoppingID) values ('18484 Willow Drive', null);
insert into Shopping_Location (Location, ShoppingID) values ('9191 Birch Road', null);
insert into Shopping_Location (Location, ShoppingID) values ('14040 Spruce Avenue', null);
insert into Shopping_Location (Location, ShoppingID) values ('3030 Chestnut Court', null);
insert into Shopping_Location (Location, ShoppingID) values ('16868 Spruce Avenue', null);
insert into Shopping_Location (Location, ShoppingID) values ('13434 Birch Court', null);
insert into Shopping_Location (Location, ShoppingID) values ('13838 Pine Road', null);
insert into Shopping_Location (Location, ShoppingID) values ('5454 Walnut Road', null);
insert into Shopping_Location (Location, ShoppingID) values ('11919 Cedar Court', null);
insert into Shopping_Location (Location, ShoppingID) values ('1313 Spruce Lane', null);
insert into Shopping_Location (Location, ShoppingID) values ('15252 Pine Court', null);
insert into Shopping_Location (Location, ShoppingID) values ('11818 Hawthorn Avenue', null);
insert into Shopping_Location (Location, ShoppingID) values ('1212 Walnut Road', null);
insert into Shopping_Location (Location, ShoppingID) values ('1414 Ash Avenue', null);
insert into Shopping_Location (Location, ShoppingID) values ('5555 Spruce Lane', null);
insert into Shopping_Location (Location, ShoppingID) values ('16868 Spruce Avenue', null);
insert into Shopping_Location (Location, ShoppingID) values ('19898 Willow Drive', null);
insert into Shopping_Location (Location, ShoppingID) values ('2323 Oak Street', null);
insert into Shopping_Location (Location, ShoppingID) values ('15757 Chestnut Court', null);
insert into Shopping_Location (Location, ShoppingID) values ('6363 Birch Road', null);
insert into Shopping_Location (Location, ShoppingID) values ('789 Oak Lane', null);
insert into Shopping_Location (Location, ShoppingID) values ('13939 Walnut Lane', null);
insert into Shopping_Location (Location, ShoppingID) values ('17878 Oak Street', null);
insert into Shopping_Location (Location, ShoppingID) values ('1717 Poplar Lane', null);
insert into Shopping_Location (Location, ShoppingID) values ('19595 Walnut Lane', null);
insert into Shopping_Location (Location, ShoppingID) values ('3030 Chestnut Court', null);
insert into Shopping_Location (Location, ShoppingID) values ('1818 Sycamore Drive', null);
insert into Shopping_Location (Location, ShoppingID) values ('1414 Ash Avenue', null);
insert into Shopping_Location (Location, ShoppingID) values ('4444 Chestnut Court', null);
insert into Shopping_Location (Location, ShoppingID) values ('8080 Maple Street', null);
insert into Shopping_Location (Location, ShoppingID) values ('4949 Birch Road', null);
insert into Shopping_Location (Location, ShoppingID) values ('16161 Cedar Drive', null);
insert into Shopping_Location (Location, ShoppingID) values ('17171 Chestnut Court', null);
insert into Shopping_Location (Location, ShoppingID) values ('5959 Poplar Lane', null);
insert into Shopping_Location (Location, ShoppingID) values ('16565 Maple Street', null);
insert into Shopping_Location (Location, ShoppingID) values ('4646 Sycamore Drive', null);
insert into Shopping_Location (Location, ShoppingID) values ('5757 Willow Street', null);
insert into Shopping_Location (Location, ShoppingID) values ('7878 Elm Avenue', null);
insert into Shopping_Location (Location, ShoppingID) values ('11515 Chestnut Court', null);
insert into Shopping_Location (Location, ShoppingID) values ('3232 Sycamore Lane', null);
insert into Shopping_Location (Location, ShoppingID) values ('3838 Maple Street', null);
insert into Shopping_Location (Location, ShoppingID) values ('19898 Willow Drive', null);
insert into Shopping_Location (Location, ShoppingID) values ('18686 Poplar Avenue', null);
insert into Shopping_Location (Location, ShoppingID) values ('2626 Walnut Avenue', null);
insert into Shopping_Location (Location, ShoppingID) values ('8888 Sycamore Drive', null);
insert into Shopping_Location (Location, ShoppingID) values ('18888 Hawthorn Street', null);
insert into Shopping_Location (Location, ShoppingID) values ('12929 Chestnut Court', null);
insert into Shopping_Location (Location, ShoppingID) values ('16565 Maple Street', null);
insert into Shopping_Location (Location, ShoppingID) values ('19999 Chestnut Court', null);
insert into Shopping_Location (Location, ShoppingID) values ('1919 Hawthorn Avenue', null);
insert into Shopping_Location (Location, ShoppingID) values ('16666 Pine Road', null);
insert into Shopping_Location (Location, ShoppingID) values ('3131 Poplar Avenue', null);
insert into Shopping_Location (Location, ShoppingID) values ('15050 Oak Street', null);
insert into Shopping_Location (Location, ShoppingID) values ('2525 Pine Court', null);
insert into Shopping_Location (Location, ShoppingID) values ('3737 Oak Lane', null);
insert into Shopping_Location (Location, ShoppingID) values ('14747 Cedar Court', null);
insert into Shopping_Location (Location, ShoppingID) values ('8686 Chestnut Court', null);
insert into Shopping_Location (Location, ShoppingID) values ('5959 Poplar Lane', null);
insert into Shopping_Location (Location, ShoppingID) values ('9797 Spruce Road', null);
insert into Shopping_Location (Location, ShoppingID) values ('9292 Elm Lane', null);
insert into Shopping_Location (Location, ShoppingID) values ('5353 Pine Court', null);
insert into Shopping_Location (Location, ShoppingID) values ('8787 Poplar Lane', null);
insert into Shopping_Location (Location, ShoppingID) values ('5353 Pine Court', null);
insert into Shopping_Location (Location, ShoppingID) values ('18787 Sycamore Lane', null);
insert into Shopping_Location (Location, ShoppingID) values ('13838 Pine Road', null);
insert into Shopping_Location (Location, ShoppingID) values ('333 Hawthorn Avenue', null);
insert into Shopping_Location (Location, ShoppingID) values ('10606 Birch Court', null);
insert into Shopping_Location (Location, ShoppingID) values ('13131 Sycamore Lane', null);
insert into Shopping_Location (Location, ShoppingID) values ('666 Elm Court', null);
insert into Shopping_Location (Location, ShoppingID) values ('1313 Spruce Lane', null);
insert into Shopping_Location (Location, ShoppingID) values ('606 Spruce Avenue', null);
insert into Shopping_Location (Location, ShoppingID) values ('8989 Hawthorn Avenue', null);
insert into Shopping_Location (Location, ShoppingID) values ('17373 Sycamore Drive', null);
insert into Shopping_Location (Location, ShoppingID) values ('1717 Poplar Lane', null);
insert into Shopping_Location (Location, ShoppingID) values ('5454 Walnut Road', null);
insert into Shopping_Location (Location, ShoppingID) values ('19898 Willow Drive', null);
insert into Shopping_Location (Location, ShoppingID) values ('13636 Oak Lane', null);
insert into Shopping_Location (Location, ShoppingID) values ('6868 Walnut Avenue', null);
insert into Shopping_Location (Location, ShoppingID) values ('13636 Oak Lane', null);
insert into Shopping_Location (Location, ShoppingID) values ('18383 Ash Lane', null);
insert into Shopping_Location (Location, ShoppingID) values ('6969 Spruce Road', null);
insert into Shopping_Location (Location, ShoppingID) values ('111 Poplar Lane', null);
insert into Shopping_Location (Location, ShoppingID) values ('7474 Sycamore Lane', null);
insert into Shopping_Location (Location, ShoppingID) values ('5252 Maple Drive', null);
insert into Shopping_Location (Location, ShoppingID) values ('5454 Walnut Road', null);
insert into Shopping_Location (Location, ShoppingID) values ('5050 Elm Lane', null);
insert into Shopping_Location (Location, ShoppingID) values ('6161 Hawthorn Avenue', null);
insert into Shopping_Location (Location, ShoppingID) values ('14747 Cedar Court', null);
insert into Shopping_Location (Location, ShoppingID) values ('7979 Oak Lane', null);
insert into Shopping_Location (Location, ShoppingID) values ('16767 Walnut Lane', null);
insert into Shopping_Location (Location, ShoppingID) values ('12424 Pine Court', null);
insert into Shopping_Location (Location, ShoppingID) values ('8686 Chestnut Court', null);
insert into Shopping_Location (Location, ShoppingID) values ('13333 Cedar Drive', null);
insert into Shopping_Location (Location, ShoppingID) values ('1515 Willow Street', null);
insert into Shopping_Location (Location, ShoppingID) values ('505 Walnut Lane', null);
insert into Shopping_Location (Location, ShoppingID) values ('16161 Cedar Drive', null);
insert into Shopping_Location (Location, ShoppingID) values ('3939 Pine Road', null);
insert into Shopping_Location (Location, ShoppingID) values ('7171 Willow Drive', null);
insert into Shopping_Location (Location, ShoppingID) values ('9494 Maple Drive', null);
insert into Shopping_Location (Location, ShoppingID) values ('2525 Pine Court', null);
insert into Shopping_Location (Location, ShoppingID) values ('123 Main Street', null);
insert into Shopping_Location (Location, ShoppingID) values ('5353 Pine Court', null);
insert into Shopping_Location (Location, ShoppingID) values ('9898 Ash Lane', null);
insert into Shopping_Location (Location, ShoppingID) values ('3333 Hawthorn Street', null);
insert into Shopping_Location (Location, ShoppingID) values ('14646 Hawthorn Avenue', null);
insert into Shopping_Location (Location, ShoppingID) values ('19292 Oak Lane', null);
insert into Shopping_Location (Location, ShoppingID) values ('777 Oak Drive', null);
insert into Shopping_Location (Location, ShoppingID) values ('8686 Chestnut Court', null);
insert into Shopping_Location (Location, ShoppingID) values ('8686 Chestnut Court', null);
insert into Shopping_Location (Location, ShoppingID) values ('11919 Cedar Court', null);
insert into Shopping_Location (Location, ShoppingID) values ('17373 Sycamore Drive', null);
insert into Shopping_Location (Location, ShoppingID) values ('505 Walnut Lane', null);
insert into Shopping_Location (Location, ShoppingID) values ('11313 Ash Street', null);
insert into Shopping_Location (Location, ShoppingID) values ('12020 Birch Road', null);
insert into Shopping_Location (Location, ShoppingID) values ('2020 Cedar Court', null);
insert into Shopping_Location (Location, ShoppingID) values ('13232 Hawthorn Street', null);
insert into Shopping_Location (Location, ShoppingID) values ('18181 Walnut Avenue', null);
insert into Shopping_Location (Location, ShoppingID) values ('808 Willow Drive', null);
insert into Shopping_Location (Location, ShoppingID) values ('16464 Oak Lane', null);
insert into Shopping_Location (Location, ShoppingID) values ('5959 Poplar Lane', null);
insert into Shopping_Location (Location, ShoppingID) values ('16363 Elm Avenue', null);
insert into Shopping_Location (Location, ShoppingID) values ('10707 Elm Avenue', null);
insert into Shopping_Location (Location, ShoppingID) values ('888 Maple Lane', null);
insert into Shopping_Location (Location, ShoppingID) values ('13636 Oak Lane', null);
insert into Shopping_Location (Location, ShoppingID) values ('2929 Willow Drive', null);
insert into Shopping_Location (Location, ShoppingID) values ('101 Pine Street', null);
insert into Shopping_Location (Location, ShoppingID) values ('4343 Willow Drive', null);
insert into Shopping_Location (Location, ShoppingID) values ('5656 Ash Avenue', null);
insert into Shopping_Location (Location, ShoppingID) values ('18181 Walnut Avenue', null);
insert into Shopping_Location (Location, ShoppingID) values ('11717 Sycamore Drive', null);
insert into Shopping_Location (Location, ShoppingID) values ('6262 Cedar Court', null);
insert into Shopping_Location (Location, ShoppingID) values ('3333 Hawthorn Street', null);
insert into Shopping_Location (Location, ShoppingID) values ('6767 Pine Court', null);
insert into Shopping_Location (Location, ShoppingID) values ('505 Walnut Lane', null);
insert into Shopping_Location (Location, ShoppingID) values ('18383 Ash Lane', null);
insert into Shopping_Location (Location, ShoppingID) values ('555 Birch Street', null);
insert into Shopping_Location (Location, ShoppingID) values ('7979 Oak Lane', null);
insert into Shopping_Location (Location, ShoppingID) values ('6767 Pine Court', null);
insert into Shopping_Location (Location, ShoppingID) values ('15757 Chestnut Court', null);
insert into Shopping_Location (Location, ShoppingID) values ('4242 Ash Street', null);
insert into Shopping_Location (Location, ShoppingID) values ('14848 Birch Road', null);
insert into Shopping_Location (Location, ShoppingID) values ('14747 Cedar Court', null);
insert into Shopping_Location (Location, ShoppingID) values ('333 Hawthorn Avenue', null);
insert into Shopping_Location (Location, ShoppingID) values ('19393 Maple Street', null);
insert into Shopping_Location (Location, ShoppingID) values ('4444 Chestnut Court', null);
insert into Shopping_Location (Location, ShoppingID) values ('16565 Maple Street', null);
insert into Shopping_Location (Location, ShoppingID) values ('303 Cedar Court', null);
insert into Shopping_Location (Location, ShoppingID) values ('13838 Pine Road', null);
insert into Shopping_Location (Location, ShoppingID) values ('12323 Maple Drive', null);
insert into Shopping_Location (Location, ShoppingID) values ('19696 Spruce Avenue', null);
insert into Shopping_Location (Location, ShoppingID) values ('15050 Oak Street', null);
insert into Shopping_Location (Location, ShoppingID) values ('7878 Elm Avenue', null);
insert into Shopping_Location (Location, ShoppingID) values ('19292 Oak Lane', null);
insert into Shopping_Location (Location, ShoppingID) values ('6060 Sycamore Drive', null);
insert into Shopping_Location (Location, ShoppingID) values ('6969 Spruce Road', null);
insert into Shopping_Location (Location, ShoppingID) values ('6464 Elm Lane', null);
insert into Shopping_Location (Location, ShoppingID) values ('3131 Poplar Avenue', null);
insert into Shopping_Location (Location, ShoppingID) values ('18888 Hawthorn Street', null);
insert into Shopping_Location (Location, ShoppingID) values ('18686 Poplar Avenue', null);
insert into Shopping_Location (Location, ShoppingID) values ('19595 Walnut Lane', null);
insert into Shopping_Location (Location, ShoppingID) values ('7878 Elm Avenue', null);
insert into Shopping_Location (Location, ShoppingID) values ('17979 Maple Drive', null);
insert into Shopping_Location (Location, ShoppingID) values ('5555 Spruce Lane', null);
insert into Shopping_Location (Location, ShoppingID) values ('3737 Oak Lane', null);
insert into Shopping_Location (Location, ShoppingID) values ('8383 Spruce Avenue', null);
insert into Shopping_Location (Location, ShoppingID) values ('101 Pine Street', null);
insert into Shopping_Location (Location, ShoppingID) values ('10101 Chestnut Court', null);
insert into Shopping_Location (Location, ShoppingID) values ('14141 Ash Street', null);
insert into Shopping_Location (Location, ShoppingID) values ('1515 Willow Street', null);
insert into Shopping_Location (Location, ShoppingID) values ('9696 Walnut Avenue', null);
insert into Shopping_Location (Location, ShoppingID) values ('5555 Spruce Lane', null);
insert into Shopping_Location (Location, ShoppingID) values ('9797 Spruce Road', null);
insert into Shopping_Location (Location, ShoppingID) values ('18181 Walnut Avenue', null);
insert into Shopping_Location (Location, ShoppingID) values ('4949 Birch Road', null);
insert into Shopping_Location (Location, ShoppingID) values ('8080 Maple Street', null);
insert into Shopping_Location (Location, ShoppingID) values ('12626 Spruce Road', null);
insert into Shopping_Location (Location, ShoppingID) values ('12828 Willow Drive', null);
insert into Shopping_Location (Location, ShoppingID) values ('808 Willow Drive', null);
insert into Shopping_Location (Location, ShoppingID) values ('6565 Oak Street', null);
insert into Shopping_Location (Location, ShoppingID) values ('15858 Poplar Avenue', null);
insert into Shopping_Location (Location, ShoppingID) values ('1313 Spruce Lane', null);
insert into Shopping_Location (Location, ShoppingID) values ('6868 Walnut Avenue', null);
insert into Shopping_Location (Location, ShoppingID) values ('6666 Maple Drive', null);
insert into Shopping_Location (Location, ShoppingID) values ('5353 Pine Court', null);
insert into Shopping_Location (Location, ShoppingID) values ('13535 Elm Avenue', null);
insert into Shopping_Location (Location, ShoppingID) values ('3737 Oak Lane', null);
insert into Shopping_Location (Location, ShoppingID) values ('17070 Willow Drive', null);
insert into Shopping_Location (Location, ShoppingID) values ('4040 Walnut Lane', null);
insert into Shopping_Location (Location, ShoppingID) values ('9191 Birch Road', null);
insert into Shopping_Location (Location, ShoppingID) values ('16666 Pine Road', null);
insert into Shopping_Location (Location, ShoppingID) values ('7070 Ash Lane', null);
insert into Shopping_Location (Location, ShoppingID) values ('4747 Hawthorn Avenue', null);
insert into Shopping_Location (Location, ShoppingID) values ('16969 Ash Street', null);
