
/* INSERT STATEMENTS */

USE 'GoMass';

/* Activity */
insert into Activity  (ActivityID) values (1);
insert into Activity  (ActivityID) values (2);
insert into Activity  (ActivityID) values (3);
insert into Activity  (ActivityID) values (4);
insert into Activity  (ActivityID) values (5);
insert into Activity  (ActivityID) values (6);
insert into Activity  (ActivityID) values (7);
insert into Activity  (ActivityID) values (8);

/* User */
insert into User (UserID, Age, Name,  Occupation, gender, Hometown, Dislikes, Likes, DietaryRestrictions, PaymentID, Balance, PaymentMethod, Budget) values (1, 4, 'Timothee Chalamet', 'student', 'male', '321 Maple Dr Riverdale GA', 'funny movies', 'adventure movies', 'none', 1, 200, 'Apple Pay', 203);
insert into User (UserID, Age, Name,  Occupation, gender, Hometown, Dislikes, Likes, DietaryRestrictions, PaymentID, Balance, PaymentMethod, Budget) values (2, 26, 'Cherlyn Bernolet', 'unemployed', 'Female', '321 Walnut Ave Springfield MO', 'adventure movies', 'quiet areas', 'vegan', 2, 187, 'Credit Card', 227);
insert into User (UserID, Age, Name,  Occupation, gender, Hometown, Dislikes, Likes, DietaryRestrictions, PaymentID, Balance, PaymentMethod, Budget) values (3, 32, 'Stephanus Bonds', 'student', 'Male', '789 Ash Dr Cincinnati OH', 'good study areas', 'good study areas', 'none', 3, 400, 'Debit Card', 222);
insert into User (UserID, Age, Name,  Occupation, gender, Hometown, Dislikes, Likes, DietaryRestrictions, PaymentID, Balance, PaymentMethod, Budget) values (4, 47, 'Bennie Bollon', 'baker', 'Male', '321 Oak St Seattle WA', 'loud areas', 'funny movies', 'gluten free', 4, 425, 'Paypal', 80);
insert into User (UserID, Age, Name,  Occupation, gender, Hometown, Dislikes, Likes, DietaryRestrictions, PaymentID, Balance, PaymentMethod, Budget) values (5, 44, 'Melitta Stoller', 'fire fighter', 'Genderqueer', '987 Maple St Nashville TN', 'romance movies', 'Thai restaurant', 'vegan', 5, 92, 'Venmo', 247);
insert into User (UserID, Age, Name,  Occupation, gender, Hometown, Dislikes, Likes, DietaryRestrictions, PaymentID, Balance, PaymentMethod, Budget) values (6, 54, 'Sukey Younglove', 'teacher', 'Female', '987 Cedar Ave Boise ID', 'adventure movies', 'loud areas', 'paleo', 6, 225, 'Debit Card', 50);
insert into User (UserID, Age, Name,  Occupation, gender, Hometown, Dislikes, Likes, DietaryRestrictions, PaymentID, Balance, PaymentMethod, Budget) values (7, 9, 'Doloritas Gonzales', 'unemployed', 'Female', '654 Poplar St Baltimore MD', 'quiet areas', 'savory food', 'vegetarian', 7, 406, 'Paypal', 28);
insert into User (UserID, Age, Name,  Occupation, gender, Hometown, Dislikes, Likes, DietaryRestrictions, PaymentID, Balance, PaymentMethod, Budget) values (8, 11, 'Jereme Tams', 'unemployed', 'Male', '789 Elm Dr Philadelphia PA', 'savory food', 'quiet areas', 'none', 8, 53, 'Debit Card', 115);
insert into User (UserID, Age, Name,  Occupation, gender, Hometown, Dislikes, Likes, DietaryRestrictions, PaymentID, Balance, PaymentMethod, Budget) values (9, 32, 'Derk Toulch', 'unemployed', 'Male', '321 Oak St Seattle WA', 'quiet areas', 'romance movies', 'kosher', 9, 373, 'Venmo', 257);
insert into User (UserID, Age, Name,  Occupation, gender, Hometown, Dislikes, Likes, DietaryRestrictions, PaymentID, Balance, PaymentMethod, Budget) values (10, 16, 'Rupert Relph', 'unemployed', 'Male', '123 Ash St Denver CO', 'expensive places', 'Thai restaurant', 'vegetarian', 10, 479, 'Credit Card', 293);
insert into User (UserID, Age, Name,  Occupation, gender, Hometown, Dislikes, Likes, DietaryRestrictions, PaymentID, Balance, PaymentMethod, Budget) values (11, 2, 'Ferguson Holleran', 'teacher', 'Male', '321 Birch Ave Orlando FL', 'good study areas', 'adventure movies', 'none', 11, 191, 'Paypal', 219);
insert into User (UserID, Age, Name,  Occupation, gender, Hometown, Dislikes, Likes, DietaryRestrictions, PaymentID, Balance, PaymentMethod, Budget) values (12, 14, 'Romy Brood', 'teacher', 'Female', '456 Elm St St. Louis MO', 'Thai restaurant', 'loud areas', 'none', 12, 108, 'Debit Card', 179);
insert into User (UserID, Age, Name,  Occupation, gender, Hometown, Dislikes, Likes, DietaryRestrictions, PaymentID, Balance, PaymentMethod, Budget) values (13, 21, 'Zacherie Pendrid', 'unemployed', 'Male', '789 Elm Dr Philadelphia PA', 'funny movies', 'Thai restaurant', 'vegan', 13, 418, 'Paypal', 17);
insert into User (UserID, Age, Name,  Occupation, gender, Hometown, Dislikes, Likes, DietaryRestrictions, PaymentID, Balance, PaymentMethod, Budget) values (14, 54, 'Twyla Mein', 'unemployed', 'Female', '456 Elm St Springfield IL', 'romance movies', 'spicy food', 'lactose intolerance', 14, 363, 'Paypal', 223);
insert into User (UserID, Age, Name,  Occupation, gender, Hometown, Dislikes, Likes, DietaryRestrictions, PaymentID, Balance, PaymentMethod, Budget) values (15, 4, 'Sherlock Durrad', 'data scientist', 'Male', '321 Oak Ave Oklahoma City OK', 'Chinese restaurant', 'romance movies', 'vegetarian', 15, 317, 'Credit Card', 267);
insert into User (UserID, Age, Name,  Occupation, gender, Hometown, Dislikes, Likes, DietaryRestrictions, PaymentID, Balance, PaymentMethod, Budget) values (16, 36, 'Leela Heynel', 'data scientist', 'Female', '654 Poplar St Baltimore MD', 'sweet food', 'good study areas', 'none', 16, 384, 'Apple Pay', 201);
insert into User (UserID, Age, Name,  Occupation, gender, Hometown, Dislikes, Likes, DietaryRestrictions, PaymentID, Balance, PaymentMethod, Budget) values (17, 37, 'Chrystal Siman', 'police officer', 'Female', '321 Walnut Ave Springfield MO', 'spicy food', 'cheap places', 'gluten free', 17, 141, 'Apple Pay', 90);
insert into User (UserID, Age, Name,  Occupation, gender, Hometown, Dislikes, Likes, DietaryRestrictions, PaymentID, Balance, PaymentMethod, Budget) values (18, 38, 'Emalee Soldan', 'police officer', 'Female', '456 Elm Dr Minneapolis MN', 'spicy food', 'quiet areas', 'vegetarian', 18, 376, 'Venmo', 299);
insert into User (UserID, Age, Name,  Occupation, gender, Hometown, Dislikes, Likes, DietaryRestrictions, PaymentID, Balance, PaymentMethod, Budget) values (19, 38, 'Veda Robardet', 'baker', 'Female', '987 Oak Ave Charlotte NC', 'Thai restaurant', 'Thai restaurant', 'none', 19, 441, 'Credit Card', 221);
insert into User (UserID, Age, Name,  Occupation, gender, Hometown, Dislikes, Likes, DietaryRestrictions, PaymentID, Balance, PaymentMethod, Budget) values (20, 51, 'Dede Scudamore', 'police officer', 'Non-binary', '321 Main Ave Dallas TX', 'Chinese restaurant', 'Thai restaurant', 'none', 20, 442, 'Debit Card', 159);
insert into User (UserID, Age, Name,  Occupation, gender, Hometown, Dislikes, Likes, DietaryRestrictions, PaymentID, Balance, PaymentMethod, Budget) values (21, 51, 'Glen Sawforde', 'professor', 'Male', '987 Oak St Phoenix AZ', 'savory food', 'savory food', 'paleo', 21, 354, 'Credit Card', 279);
insert into User (UserID, Age, Name,  Occupation, gender, Hometown, Dislikes, Likes, DietaryRestrictions, PaymentID, Balance, PaymentMethod, Budget) values (22, 19, 'Nathanil Walbrook', 'unemployed', 'Male', '987 Oak Ave Charlotte NC', 'loud areas', 'adventure movies', 'none', 22, 313, 'Venmo', 18);
insert into User (UserID, Age, Name,  Occupation, gender, Hometown, Dislikes, Likes, DietaryRestrictions, PaymentID, Balance, PaymentMethod, Budget) values (23, 24, 'Wallie Allitt', 'unemployed', 'Male', '987 Elm St Raleigh NC', 'adventure movies', 'funny movies', 'none', 23, 67, 'Venmo', 108);
insert into User (UserID, Age, Name,  Occupation, gender, Hometown, Dislikes, Likes, DietaryRestrictions, PaymentID, Balance, PaymentMethod, Budget) values (24, 50, 'Che Lafayette', 'data scientist', 'Male', '987 Oak St Phoenix AZ', 'good study areas', 'romance movies', 'none', 24, 107, 'Venmo', 126);
insert into User (UserID, Age, Name,  Occupation, gender, Hometown, Dislikes, Likes, DietaryRestrictions, PaymentID, Balance, PaymentMethod, Budget) values (25, 55, 'Freedman Rhelton', 'unemployed', 'Male', '321 Ash St Madison WI', 'quiet areas', 'expensive places', 'vegan', 25, 257, 'Debit Card', 151);
insert into User (UserID, Age, Name,  Occupation, gender, Hometown, Dislikes, Likes, DietaryRestrictions, PaymentID, Balance, PaymentMethod, Budget) values (26, 17, 'Ephrem Commusso', 'fire fighter', 'Male', '789 Walnut St Cleveland OH', 'quiet areas', 'quiet areas', 'gluten free', 26, 163, 'Apple Pay', 158);
insert into User (UserID, Age, Name,  Occupation, gender, Hometown, Dislikes, Likes, DietaryRestrictions, PaymentID, Balance, PaymentMethod, Budget) values (27, 23, 'Carleen Merigon', 'unemployed', 'Female', '987 Oak Ave Charlotte NC', 'Thai restaurant', 'adventure movies', 'none', 27, 440, 'Apple Pay', 194);
insert into User (UserID, Age, Name,  Occupation, gender, Hometown, Dislikes, Likes, DietaryRestrictions, PaymentID, Balance, PaymentMethod, Budget) values (28, 31, 'Biddie Vaux', 'unemployed', 'Female', '456 Elm St Springfield IL', 'music', 'romance movies', 'gluten free', 28, 196, 'Paypal', 207);
insert into User (UserID, Age, Name,  Occupation, gender, Hometown, Dislikes, Likes, DietaryRestrictions, PaymentID, Balance, PaymentMethod, Budget) values (29, 40, 'Theodore Devenport', 'police officer', 'Male', '456 Elm St St. Louis MO', 'quiet areas', 'adventure movies', 'none', 29, 367, 'Venmo', 121);
insert into User (UserID, Age, Name,  Occupation, gender, Hometown, Dislikes, Likes, DietaryRestrictions, PaymentID, Balance, PaymentMethod, Budget) values (30, 15, 'Marjorie McGowan', 'teacher', 'Female', '654 Ash Dr San Diego CA', 'sweet food', 'savory food', 'lactose intolerance', 30, 96, 'Debit Card', 16);
insert into User (UserID, Age, Name,  Occupation, gender, Hometown, Dislikes, Likes, DietaryRestrictions, PaymentID, Balance, PaymentMethod, Budget) values (31, 29, 'Drugi Dickins', 'police officer', 'Male', '789 Walnut St Cleveland OH', 'loud areas', 'sweet food', 'gluten free', 31, 486, 'Apple Pay', 65);
insert into User (UserID, Age, Name,  Occupation, gender, Hometown, Dislikes, Likes, DietaryRestrictions, PaymentID, Balance, PaymentMethod, Budget) values (32, 6, 'Jeanette Dinzey', 'fire fighter', 'Female', '321 Cedar St Indianapolis IN', 'Thai restaurant', 'spicy food', 'kosher', 32, 82, 'Credit Card', 52);
insert into User (UserID, Age, Name,  Occupation, gender, Hometown, Dislikes, Likes, DietaryRestrictions, PaymentID, Balance, PaymentMethod, Budget) values (33, 34, 'Johnette Bramich', 'unemployed', 'Female', '321 Birch Ave Orlando FL', 'sweet food', 'sweet food', 'gluten free', 33, 274, 'Debit Card', 75);
insert into User (UserID, Age, Name,  Occupation, gender, Hometown, Dislikes, Likes, DietaryRestrictions, PaymentID, Balance, PaymentMethod, Budget) values (34, 13, 'Nowell Sange', 'data scientist', 'Male', '789 Pine Dr Boston MA', 'romance movies', 'loud areas', 'none', 34, 75, 'Venmo', 167);
insert into User (UserID, Age, Name,  Occupation, gender, Hometown, Dislikes, Likes, DietaryRestrictions, PaymentID, Balance, PaymentMethod, Budget) values (35, 48, 'Vance Gawkroge', 'unemployed', 'Male', '789 Elm Dr Philadelphia PA', 'spicy food', 'sweet food', 'vegan', 35, 92, 'Paypal', 286);

/* user location */
insert into User_Location (Location, UserID) values ('789 Birch St Boston MA', '15');
insert into User_Location (Location, UserID) values ('321 Cedar St Boston MA', '9');
insert into User_Location (Location, UserID) values ('456 Elm St Boston MA', '32');
insert into User_Location (Location, UserID) values ('654 Walnutwood Ct Somerville MA', '12');
insert into User_Location (Location, UserID) values ('654 Walnutwood Ct Somerville MA', '28');
insert into User_Location (Location, UserID) values ('321 Maplewood Dr Somerville MA', '4');
insert into User_Location (Location, UserID) values ('789 Walnut St Boston MA', '22');
insert into User_Location (Location, UserID) values ('456 Elm St Boston MA', '6');
insert into User_Location (Location, UserID) values ('765 Park St Rivertown MA', '24');
insert into User_Location (Location, UserID) values ('456 Elm St Boston MA', '21');
insert into User_Location (Location, UserID) values ('123 Elm St Boston MA', '10');
insert into User_Location (Location, UserID) values ('543 Birchwood Ave Cambridge MA', '18');
insert into User_Location (Location, UserID) values ('321 Cedar St Boston MA', '33');
insert into User_Location (Location, UserID) values ('654 Walnut Grove Ct Springfield MA', '25');
insert into User_Location (Location, UserID) values ('654 Walnutwood Ct Somerville MA', '2');
insert into User_Location (Location, UserID) values ('789 Birchwood Ln Springfield MA', '17');
insert into User_Location (Location, UserID) values ('567 Cedarwood Blvd Somerville MA', '27');
insert into User_Location (Location, UserID) values ('321 Maplewood Dr Springfield MA', '8');
insert into User_Location (Location, UserID) values ('321 Cedarhurst Ln Cambridge MA', '29');
insert into User_Location (Location, UserID) values ('234 Forest Rd Rivertown MA', '13');
insert into User_Location (Location, UserID) values ('654 Pineview Rd Cambridge MA', '26');
insert into User_Location (Location, UserID) values ('432 Riverside Cir Rivertown MA', '7');
insert into User_Location (Location, UserID) values ('543 Birchwood Ave Cambridge MA', '20');
insert into User_Location (Location, UserID) values ('098 Chestnutwood Rd Springfield MA', '30');
insert into User_Location (Location, UserID) values ('321 Maplewood Dr Springfield MA', '3');
insert into User_Location (Location, UserID) values ('789 Pine St Boston MA', '31');
insert into User_Location (Location, UserID) values ('765 Elmwood St Cambridge MA', '14');
insert into User_Location (Location, UserID) values ('543 Birchwood Ave Cambridge MA', '1');
insert into User_Location (Location, UserID) values ('789 Meadow Ln Rivertown MA', '23');
insert into User_Location (Location, UserID) values ('234 Pinehurst Rd Somerville MA', '19');
insert into User_Location (Location, UserID) values ('321 Maplewood Dr Springfield MA', '11');
insert into User_Location (Location, UserID) values ('789 Pine St Boston MA', '16');
insert into User_Location (Location, UserID) values ('567 Cedarwood Blvd Springfield MA', '34');
insert into User_Location (Location, UserID) values ('098 Chestnutwood Rd Springfield MA', '35');
insert into User_Location (Location, UserID) values ('987 Oak Ave Boston MA', '5');
insert into User_Location (Location, UserID) values ('789 Meadow Ln Rivertown MA', '24');
insert into User_Location (Location, UserID) values ('321 Valley Dr Rivertown MA', '35');
insert into User_Location (Location, UserID) values ('987 Elmwood Park Cambridge MA', '11');
insert into User_Location (Location, UserID) values ('098 Pine Hill Rd Rivertown MA', '13');
insert into User_Location (Location, UserID) values ('567 Cedarwood Blvd Somerville MA', '1');
insert into User_Location (Location, UserID) values ('456 Lakeview Ave Rivertown MA', '34');
insert into User_Location (Location, UserID) values ('567 Cedarwood Blvd Somerville MA', '12');
insert into User_Location (Location, UserID) values ('456 Chestnutview Ave Somerville MA', '23');
insert into User_Location (Location, UserID) values ('321 Cedar St Boston MA', '3');
insert into User_Location (Location, UserID) values ('654 Ash St Boston MA', '9');
insert into User_Location (Location, UserID) values ('654 Poplar St Boston MA', '26');
insert into User_Location (Location, UserID) values ('890 Lakeside Way Rivertown MA', '14');
insert into User_Location (Location, UserID) values ('789 Meadow Ln Rivertown MA', '29');
insert into User_Location (Location, UserID) values ('654 Walnutwood Ct Somerville MA', '6');
insert into User_Location (Location, UserID) values ('432 Poplarview Cir Springfield MA', '16');
insert into User_Location (Location, UserID) values ('987 Elmwood Park Cambridge MA', '18');
insert into User_Location (Location, UserID) values ('123 Pine Ave Boston MA', '30');
insert into User_Location (Location, UserID) values ('321 Maplewood Dr Springfield MA', '28');
insert into User_Location (Location, UserID) values ('123 Pine Ave Boston MA', '33');
insert into User_Location (Location, UserID) values ('098 Chestnut Hill Rd Cambridge MA', '22');
insert into User_Location (Location, UserID) values ('789 Birchwood Ln Springfield MA', '21');
insert into User_Location (Location, UserID) values ('456 Ashland Ave Cambridge MA', '7');
insert into User_Location (Location, UserID) values ('567 Summit Blvd Rivertown MA', '5');
insert into User_Location (Location, UserID) values ('321 Valley Dr Rivertown MA', '25');
insert into User_Location (Location, UserID) values ('123 Pine Ave Boston MA', '32');
insert into User_Location (Location, UserID) values ('765 Elmwood St Cambridge MA', '27');
insert into User_Location (Location, UserID) values ('456 Ash St Boston MA', '10');
insert into User_Location (Location, UserID) values ('098 Pine Hill Rd Rivertown MA', '20');
insert into User_Location (Location, UserID) values ('456 Ashland Ave Cambridge MA', '31');
insert into User_Location (Location, UserID) values ('567 Cedarwood Blvd Somerville MA', '2');
insert into User_Location (Location, UserID) values ('789 Birch St Boston MA', '4');
insert into User_Location (Location, UserID) values ('098 Pine Hill Rd Rivertown MA', '15');
insert into User_Location (Location, UserID) values ('432 Poplarview Cir Springfield MA', '19');
insert into User_Location (Location, UserID) values ('765 Elmwood St Springfield MA', '17');
insert into User_Location (Location, UserID) values ('654 Walnut Grove Ct Springfield MA', '8');
insert into User_Location (Location, UserID) values ('987 Oak Ave Boston MA', '20');
insert into User_Location (Location, UserID) values ('789 Birchwood Ln Springfield MA', '9');
insert into User_Location (Location, UserID) values ('109 Walnut Grove Ln Cambridge MA', '19');
insert into User_Location (Location, UserID) values ('765 Elmwood St Cambridge MA', '6');
insert into User_Location (Location, UserID) values ('789 Pine St Boston MA', '7');
insert into User_Location (Location, UserID) values ('098 Pine Hill Rd Rivertown MA', '32');
insert into User_Location (Location, UserID) values ('987 Brookside Pl Rivertown MA', '23');
insert into User_Location (Location, UserID) values ('321 Valley Dr Rivertown MA', '34');
insert into User_Location (Location, UserID) values ('789 Birch St Boston MA', '30');
insert into User_Location (Location, UserID) values ('234 Pinehurst Rd Springfield MA', '24');
insert into User_Location (Location, UserID) values ('098 Pine Hill Rd Rivertown MA', '4');
insert into User_Location (Location, UserID) values ('098 Pine Hill Rd Rivertown MA', '29');
insert into User_Location (Location, UserID) values ('987 Ashland Pl Somerville MA', '35');
insert into User_Location (Location, UserID) values ('567 Cedarwood Blvd Somerville MA', '21');
insert into User_Location (Location, UserID) values ('876 Maplewood Dr Cambridge MA', '18');
insert into User_Location (Location, UserID) values ('321 Cedar St Boston MA', '13');
insert into User_Location (Location, UserID) values ('432 Riverside Cir Rivertown MA', '26');
insert into User_Location (Location, UserID) values ('234 Pinehurst Rd Somerville MA', '17');
insert into User_Location (Location, UserID) values ('321 Valley Dr Rivertown MA', '33');
insert into User_Location (Location, UserID) values ('654 Poplar St Boston MA', '5');
insert into User_Location (Location, UserID) values ('456 Ash St Boston MA', '16');
insert into User_Location (Location, UserID) values ('456 Chestnut Hill Ave Springfield MA', '27');
insert into User_Location (Location, UserID) values ('321 Maplewood Dr Springfield MA', '10');
insert into User_Location (Location, UserID) values ('321 Cedarhurst Ln Cambridge MA', '28');
insert into User_Location (Location, UserID) values ('543 Maple Ave Rivertown MA', '11');
insert into User_Location (Location, UserID) values ('654 Hillside Ct Rivertown MA', '31');
insert into User_Location (Location, UserID) values ('456 Ash St Boston MA', '15');
insert into User_Location (Location, UserID) values ('876 Maplewood Dr Cambridge MA', '3');
insert into User_Location (Location, UserID) values ('987 Oak Ave Boston MA', '14');
insert into User_Location (Location, UserID) values ('109 Walnut Grove Ln Cambridge MA', '8');
insert into User_Location (Location, UserID) values ('432 Riverside Cir Rivertown MA', '22');
insert into User_Location (Location, UserID) values ('654 Poplar St Boston MA', '2');
insert into User_Location (Location, UserID) values ('234 Pinehurst Rd Somerville MA', '1');
insert into User_Location (Location, UserID) values ('567 Cedarwood Blvd Springfield MA', '12');
insert into User_Location (Location, UserID) values ('765 Elmwood St Springfield MA', '25');
insert into User_Location (Location, UserID) values ('890 Lakeside Way Rivertown MA', '16');
insert into User_Location (Location, UserID) values ('321 Maplewood Dr Somerville MA', '17');
insert into User_Location (Location, UserID) values ('234 Forest Rd Rivertown MA', '5');
insert into User_Location (Location, UserID) values ('654 Oak St Boston MA', '28');
insert into User_Location (Location, UserID) values ('789 Birchwood Ln Springfield MA', '35');
insert into User_Location (Location, UserID) values ('789 Birchwood Ln Springfield MA', '24');
insert into User_Location (Location, UserID) values ('543 Birchwood Ave Cambridge MA', '33');
insert into User_Location (Location, UserID) values ('567 Cedarwood Blvd Springfield MA', '23');
insert into User_Location (Location, UserID) values ('567 Summit Blvd Rivertown MA', '34');
insert into User_Location (Location, UserID) values ('543 Maple Ave Rivertown MA', '14');
insert into User_Location (Location, UserID) values ('456 Ashland Ave Cambridge MA', '8');
insert into User_Location (Location, UserID) values ('456 Elm St Boston MA', '32');
insert into User_Location (Location, UserID) values ('456 Chestnutview Ave Somerville MA', '27');
insert into User_Location (Location, UserID) values ('987 Maple St Boston MA', '4');
insert into User_Location (Location, UserID) values ('234 Pinehurst Rd Somerville MA', '1');
insert into User_Location (Location, UserID) values ('321 Valley Dr Rivertown MA', '25');
insert into User_Location (Location, UserID) values ('432 Riverside Cir Rivertown MA', '18');
insert into User_Location (Location, UserID) values ('321 Cedar St Boston MA', '20');
insert into User_Location (Location, UserID) values ('567 Cedarwood Blvd Somerville MA', '15');
insert into User_Location (Location, UserID) values ('321 Valley Dr Rivertown MA', '2');
insert into User_Location (Location, UserID) values ('567 Cedarwood Blvd Springfield MA', '29');
insert into User_Location (Location, UserID) values ('456 Ash St Boston MA', '3');
insert into User_Location (Location, UserID) values ('789 Birchwood Ln Springfield MA', '11');
insert into User_Location (Location, UserID) values ('123 Elm St Boston MA', '9');
insert into User_Location (Location, UserID) values ('543 Birchwood Ave Cambridge MA', '6');
insert into User_Location (Location, UserID) values ('456 Lakeview Ave Rivertown MA', '7');
insert into User_Location (Location, UserID) values ('123 Walnut St Boston MA', '26');
insert into User_Location (Location, UserID) values ('321 Maplewood Dr Springfield MA', '31');
insert into User_Location (Location, UserID) values ('876 Maplewood Dr Cambridge MA', '22');
insert into User_Location (Location, UserID) values ('234 Pinehurst Rd Somerville MA', '19');
insert into User_Location (Location, UserID) values ('098 Chestnut Hill Rd Cambridge MA', '21');
insert into User_Location (Location, UserID) values ('567 Cedarwood Blvd Somerville MA', '30');
insert into User_Location (Location, UserID) values ('567 Cedarwood Blvd Springfield MA', '10');
insert into User_Location (Location, UserID) values ('432 Poplar Cir Cambridge MA', '12');
insert into User_Location (Location, UserID) values ('123 Walnut St Boston MA', '13');
insert into User_Location (Location, UserID) values ('890 Lakeside Way Rivertown MA', '35');
insert into User_Location (Location, UserID) values ('654 Walnutwood Ct Somerville MA', '7');
insert into User_Location (Location, UserID) values ('987 Cedar St Boston MA', '12');
insert into User_Location (Location, UserID) values ('234 Forest Rd Rivertown MA', '23');
insert into User_Location (Location, UserID) values ('321 Maplewood Dr Somerville MA', '20');
insert into User_Location (Location, UserID) values ('654 Hillside Ct Rivertown MA', '17');
insert into User_Location (Location, UserID) values ('123 Poplarwood Ct Cambridge MA', '9');
insert into User_Location (Location, UserID) values ('123 Elmwood Dr Springfield MA', '33');
insert into User_Location (Location, UserID) values ('789 Pine St Boston MA', '8');
insert into User_Location (Location, UserID) values ('234 Pinehurst Rd Springfield MA', '14');
insert into User_Location (Location, UserID) values ('654 Pineview Rd Cambridge MA', '15');
insert into User_Location (Location, UserID) values ('789 Meadow Ln Rivertown MA', '22');
insert into User_Location (Location, UserID) values ('789 Birchwood Ln Somerville MA', '5');
insert into User_Location (Location, UserID) values ('543 Birchwood Ave Cambridge MA', '2');
insert into User_Location (Location, UserID) values ('234 Forest Rd Rivertown MA', '3');
insert into User_Location (Location, UserID) values ('654 Walnut Grove Ct Springfield MA', '4');
insert into User_Location (Location, UserID) values ('321 Maplewood Dr Somerville MA', '13');
insert into User_Location (Location, UserID) values ('123 Walnut St Boston MA', '18');
insert into User_Location (Location, UserID) values ('456 Lakeview Ave Rivertown MA', '19');
insert into User_Location (Location, UserID) values ('567 Cedarwood Blvd Somerville MA', '1');
insert into User_Location (Location, UserID) values ('567 Cedarwood Blvd Springfield MA', '31');
insert into User_Location (Location, UserID) values ('432 Riverside Cir Rivertown MA', '32');
insert into User_Location (Location, UserID) values ('456 Elm St Boston MA', '16');
insert into User_Location (Location, UserID) values ('654 Poplar St Boston MA', '34');
insert into User_Location (Location, UserID) values ('098 Chestnutwood Rd Springfield MA', '29');
insert into User_Location (Location, UserID) values ('567 Cedarwood Blvd Somerville MA', '21');
insert into User_Location (Location, UserID) values ('789 Birchwood Ln Somerville MA', '24');
insert into User_Location (Location, UserID) values ('567 Cedarwood Blvd Springfield MA', '26');
insert into User_Location (Location, UserID) values ('123 Elmwood Dr Springfield MA', '27');
insert into User_Location (Location, UserID) values ('123 Pine Ave Boston MA', '10');
insert into User_Location (Location, UserID) values ('321 Maplewood Dr Springfield MA', '30');
insert into User_Location (Location, UserID) values ('123 Pine Ave Boston MA', '6');
insert into User_Location (Location, UserID) values ('890 Lakeside Way Rivertown MA', '28');
insert into User_Location (Location, UserID) values ('890 Oakwood Way Springfield MA', '25');
insert into User_Location (Location, UserID) values ('789 Birch St Boston MA', '11');
insert into User_Location (Location, UserID) values ('543 Maple Ave Rivertown MA', '12');
insert into User_Location (Location, UserID) values ('456 Chestnutview Ave Somerville MA', '22');
insert into User_Location (Location, UserID) values ('789 Pine St Boston MA', '32');
insert into User_Location (Location, UserID) values ('321 Pine St Boston MA', '10');
insert into User_Location (Location, UserID) values ('456 Ash St Boston MA', '34');
insert into User_Location (Location, UserID) values ('432 Poplarview Cir Springfield MA', '7');
insert into User_Location (Location, UserID) values ('987 Brookside Pl Rivertown MA', '27');
insert into User_Location (Location, UserID) values ('987 Elmwood Park Cambridge MA', '11');
insert into User_Location (Location, UserID) values ('456 Chestnut Hill Ave Springfield MA', '13');
insert into User_Location (Location, UserID) values ('987 Maple St Boston MA', '20');
insert into User_Location (Location, UserID) values ('543 Birchwood Ave Cambridge MA', '24');
insert into User_Location (Location, UserID) values ('765 Elmwood St Springfield MA', '23');
insert into User_Location (Location, UserID) values ('321 Maplewood Dr Springfield MA', '4');
insert into User_Location (Location, UserID) values ('123 Pine Ave Boston MA', '17');
insert into User_Location (Location, UserID) values ('234 Forest Rd Rivertown MA', '8');
insert into User_Location (Location, UserID) values ('987 Ashland Pl Somerville MA', '3');
insert into User_Location (Location, UserID) values ('987 Ashwood Pl Springfield MA', '33');
insert into User_Location (Location, UserID) values ('654 Pineview Rd Cambridge MA', '19');
insert into User_Location (Location, UserID) values ('789 Pine St Boston MA', '35');
insert into User_Location (Location, UserID) values ('432 Poplar Cir Cambridge MA', '18');
insert into User_Location (Location, UserID) values ('456 Elm St Boston MA', '25');
insert into User_Location (Location, UserID) values ('234 Pinehurst Rd Somerville MA', '2');
insert into User_Location (Location, UserID) values ('789 Birchwood Ln Somerville MA', '15');
insert into User_Location (Location, UserID) values ('654 Pineview Rd Cambridge MA', '1');
insert into User_Location (Location, UserID) values ('890 Lakeside Way Rivertown MA', '9');

/* user_to_activity */
insert into User_to_Activity (UserID, ActivityID) values ('32', '5');
insert into User_to_Activity (UserID, ActivityID) values ('20', '1');
insert into User_to_Activity (UserID, ActivityID) values ('3', '4');
insert into User_to_Activity (UserID, ActivityID) values ('1', '3');
insert into User_to_Activity (UserID, ActivityID) values ('31', '7');
insert into User_to_Activity (UserID, ActivityID) values ('17', '6');
insert into User_to_Activity (UserID, ActivityID) values ('29', '8');
insert into User_to_Activity (UserID, ActivityID) values ('13', '2');
insert into User_to_Activity (UserID, ActivityID) values ('25', '4');
insert into User_to_Activity (UserID, ActivityID) values ('14', '7');
insert into User_to_Activity (UserID, ActivityID) values ('33', '2');
insert into User_to_Activity (UserID, ActivityID) values ('21', '5');
insert into User_to_Activity (UserID, ActivityID) values ('2', '8');
insert into User_to_Activity (UserID, ActivityID) values ('23', '1');
insert into User_to_Activity (UserID, ActivityID) values ('6', '3');
insert into User_to_Activity (UserID, ActivityID) values ('35', '6');
insert into User_to_Activity (UserID, ActivityID) values ('27', '3');
insert into User_to_Activity (UserID, ActivityID) values ('7', '4');
insert into User_to_Activity (UserID, ActivityID) values ('30', '7');
insert into User_to_Activity (UserID, ActivityID) values ('4', '6');
insert into User_to_Activity (UserID, ActivityID) values ('9', '2');
insert into User_to_Activity (UserID, ActivityID) values ('24', '5');
insert into User_to_Activity (UserID, ActivityID) values ('12', '1');
insert into User_to_Activity (UserID, ActivityID) values ('18', '8');
insert into User_to_Activity (UserID, ActivityID) values ('19', '7');
insert into User_to_Activity (UserID, ActivityID) values ('34', '4');
insert into User_to_Activity (UserID, ActivityID) values ('10', '3');
insert into User_to_Activity (UserID, ActivityID) values ('22', '8');
insert into User_to_Activity (UserID, ActivityID) values ('26', '1');
insert into User_to_Activity (UserID, ActivityID) values ('5', '6');
insert into User_to_Activity (UserID, ActivityID) values ('15', '5');
insert into User_to_Activity (UserID, ActivityID) values ('11', '2');
insert into User_to_Activity (UserID, ActivityID) values ('28', '1');
insert into User_to_Activity (UserID, ActivityID) values ('8', '7');
insert into User_to_Activity (UserID, ActivityID) values ('16', '6');
insert into User_to_Activity (UserID, ActivityID) values ('31', '3');
insert into User_to_Activity (UserID, ActivityID) values ('24', '4');
insert into User_to_Activity (UserID, ActivityID) values ('33', '8');
insert into User_to_Activity (UserID, ActivityID) values ('6', '5');
insert into User_to_Activity (UserID, ActivityID) values ('34', '2');
insert into User_to_Activity (UserID, ActivityID) values ('32', '8');
insert into User_to_Activity (UserID, ActivityID) values ('13', '4');
insert into User_to_Activity (UserID, ActivityID) values ('15', '2');
insert into User_to_Activity (UserID, ActivityID) values ('12', '7');
insert into User_to_Activity (UserID, ActivityID) values ('1', '5');
insert into User_to_Activity (UserID, ActivityID) values ('8', '3');
insert into User_to_Activity (UserID, ActivityID) values ('25', '1');
insert into User_to_Activity (UserID, ActivityID) values ('23', '6');
insert into User_to_Activity (UserID, ActivityID) values ('27', '8');
insert into User_to_Activity (UserID, ActivityID) values ('10', '5');
insert into User_to_Activity (UserID, ActivityID) values ('35', '6');
insert into User_to_Activity (UserID, ActivityID) values ('9', '2');
insert into User_to_Activity (UserID, ActivityID) values ('29', '4');
insert into User_to_Activity (UserID, ActivityID) values ('5', '1');
insert into User_to_Activity (UserID, ActivityID) values ('2', '3');
insert into User_to_Activity (UserID, ActivityID) values ('14', '7');
insert into User_to_Activity (UserID, ActivityID) values ('28', '4');
insert into User_to_Activity (UserID, ActivityID) values ('21', '1');
insert into User_to_Activity (UserID, ActivityID) values ('26', '7');
insert into User_to_Activity (UserID, ActivityID) values ('19', '5');
insert into User_to_Activity (UserID, ActivityID) values ('20', '3');
insert into User_to_Activity (UserID, ActivityID) values ('7', '6');
insert into User_to_Activity (UserID, ActivityID) values ('22', '2');
insert into User_to_Activity (UserID, ActivityID) values ('3', '8');
insert into User_to_Activity (UserID, ActivityID) values ('11', '6');
insert into User_to_Activity (UserID, ActivityID) values ('18', '1');
insert into User_to_Activity (UserID, ActivityID) values ('16', '3');
insert into User_to_Activity (UserID, ActivityID) values ('4', '2');
insert into User_to_Activity (UserID, ActivityID) values ('17', '8');
insert into User_to_Activity (UserID, ActivityID) values ('30', '7');
insert into User_to_Activity (UserID, ActivityID) values ('25', '5');
insert into User_to_Activity (UserID, ActivityID) values ('18', '4');
insert into User_to_Activity (UserID, ActivityID) values ('20', '1');
insert into User_to_Activity (UserID, ActivityID) values ('14', '4');
insert into User_to_Activity (UserID, ActivityID) values ('17', '7');
insert into User_to_Activity (UserID, ActivityID) values ('23', '5');
insert into User_to_Activity (UserID, ActivityID) values ('12', '2');
insert into User_to_Activity (UserID, ActivityID) values ('32', '3');
insert into User_to_Activity (UserID, ActivityID) values ('6', '6');
insert into User_to_Activity (UserID, ActivityID) values ('27', '8');
insert into User_to_Activity (UserID, ActivityID) values ('24', '2');
insert into User_to_Activity (UserID, ActivityID) values ('22', '3');
insert into User_to_Activity (UserID, ActivityID) values ('33', '1');
insert into User_to_Activity (UserID, ActivityID) values ('5', '8');
insert into User_to_Activity (UserID, ActivityID) values ('9', '7');
insert into User_to_Activity (UserID, ActivityID) values ('16', '6');
insert into User_to_Activity (UserID, ActivityID) values ('35', '5');
insert into User_to_Activity (UserID, ActivityID) values ('19', '4');
insert into User_to_Activity (UserID, ActivityID) values ('13', '5');
insert into User_to_Activity (UserID, ActivityID) values ('2', '4');
insert into User_to_Activity (UserID, ActivityID) values ('7', '3');
insert into User_to_Activity (UserID, ActivityID) values ('1', '7');
insert into User_to_Activity (UserID, ActivityID) values ('8', '6');
insert into User_to_Activity (UserID, ActivityID) values ('15', '1');
insert into User_to_Activity (UserID, ActivityID) values ('30', '2');
insert into User_to_Activity (UserID, ActivityID) values ('4', '8');
insert into User_to_Activity (UserID, ActivityID) values ('11', '4');
insert into User_to_Activity (UserID, ActivityID) values ('10', '1');
insert into User_to_Activity (UserID, ActivityID) values ('29', '7');
insert into User_to_Activity (UserID, ActivityID) values ('28', '6');
insert into User_to_Activity (UserID, ActivityID) values ('26', '8');
insert into User_to_Activity (UserID, ActivityID) values ('3', '3');
insert into User_to_Activity (UserID, ActivityID) values ('34', '5');
insert into User_to_Activity (UserID, ActivityID) values ('21', '2');
insert into User_to_Activity (UserID, ActivityID) values ('31', '8');
insert into User_to_Activity (UserID, ActivityID) values ('29', '1');
insert into User_to_Activity (UserID, ActivityID) values ('2', '6');
insert into User_to_Activity (UserID, ActivityID) values ('9', '2');
insert into User_to_Activity (UserID, ActivityID) values ('6', '3');
insert into User_to_Activity (UserID, ActivityID) values ('28', '4');
insert into User_to_Activity (UserID, ActivityID) values ('18', '5');
insert into User_to_Activity (UserID, ActivityID) values ('1', '7');
insert into User_to_Activity (UserID, ActivityID) values ('12', '2');
insert into User_to_Activity (UserID, ActivityID) values ('26', '5');
insert into User_to_Activity (UserID, ActivityID) values ('13', '8');
insert into User_to_Activity (UserID, ActivityID) values ('24', '1');
insert into User_to_Activity (UserID, ActivityID) values ('16', '7');
insert into User_to_Activity (UserID, ActivityID) values ('25', '4');
insert into User_to_Activity (UserID, ActivityID) values ('19', '3');
insert into User_to_Activity (UserID, ActivityID) values ('20', '6');
insert into User_to_Activity (UserID, ActivityID) values ('5', '6');
insert into User_to_Activity (UserID, ActivityID) values ('4', '1');
insert into User_to_Activity (UserID, ActivityID) values ('3', '5');
insert into User_to_Activity (UserID, ActivityID) values ('31', '7');
insert into User_to_Activity (UserID, ActivityID) values ('35', '4');
insert into User_to_Activity (UserID, ActivityID) values ('23', '2');
insert into User_to_Activity (UserID, ActivityID) values ('15', '3');
insert into User_to_Activity (UserID, ActivityID) values ('14', '8');
insert into User_to_Activity (UserID, ActivityID) values ('17', '2');
insert into User_to_Activity (UserID, ActivityID) values ('10', '8');
insert into User_to_Activity (UserID, ActivityID) values ('32', '3');
insert into User_to_Activity (UserID, ActivityID) values ('8', '7');
insert into User_to_Activity (UserID, ActivityID) values ('21', '1');
insert into User_to_Activity (UserID, ActivityID) values ('27', '5');
insert into User_to_Activity (UserID, ActivityID) values ('22', '4');
insert into User_to_Activity (UserID, ActivityID) values ('34', '6');
insert into User_to_Activity (UserID, ActivityID) values ('11', '2');
insert into User_to_Activity (UserID, ActivityID) values ('33', '8');
insert into User_to_Activity (UserID, ActivityID) values ('30', '6');
insert into User_to_Activity (UserID, ActivityID) values ('7', '5');
insert into User_to_Activity (UserID, ActivityID) values ('11', '3');
insert into User_to_Activity (UserID, ActivityID) values ('1', '1');
insert into User_to_Activity (UserID, ActivityID) values ('31', '4');
insert into User_to_Activity (UserID, ActivityID) values ('3', '7');
insert into User_to_Activity (UserID, ActivityID) values ('21', '4');
insert into User_to_Activity (UserID, ActivityID) values ('6', '1');
insert into User_to_Activity (UserID, ActivityID) values ('10', '6');
insert into User_to_Activity (UserID, ActivityID) values ('25', '5');
insert into User_to_Activity (UserID, ActivityID) values ('13', '2');
insert into User_to_Activity (UserID, ActivityID) values ('34', '8');
insert into User_to_Activity (UserID, ActivityID) values ('8', '3');
insert into User_to_Activity (UserID, ActivityID) values ('30', '7');
insert into User_to_Activity (UserID, ActivityID) values ('35', '3');
insert into User_to_Activity (UserID, ActivityID) values ('12', '7');
insert into User_to_Activity (UserID, ActivityID) values ('16', '4');
insert into User_to_Activity (UserID, ActivityID) values ('7', '6');
insert into User_to_Activity (UserID, ActivityID) values ('14', '2');
insert into User_to_Activity (UserID, ActivityID) values ('33', '5');
insert into User_to_Activity (UserID, ActivityID) values ('32', '1');
insert into User_to_Activity (UserID, ActivityID) values ('27', '8');
insert into User_to_Activity (UserID, ActivityID) values ('26', '5');
insert into User_to_Activity (UserID, ActivityID) values ('29', '2');
insert into User_to_Activity (UserID, ActivityID) values ('15', '3');
insert into User_to_Activity (UserID, ActivityID) values ('18', '8');
insert into User_to_Activity (UserID, ActivityID) values ('24', '1');
insert into User_to_Activity (UserID, ActivityID) values ('23', '6');
insert into User_to_Activity (UserID, ActivityID) values ('20', '7');
insert into User_to_Activity (UserID, ActivityID) values ('19', '4');
insert into User_to_Activity (UserID, ActivityID) values ('2', '4');
insert into User_to_Activity (UserID, ActivityID) values ('5', '7');
insert into User_to_Activity (UserID, ActivityID) values ('28', '2');
insert into User_to_Activity (UserID, ActivityID) values ('9', '1');
insert into User_to_Activity (UserID, ActivityID) values ('22', '8');
insert into User_to_Activity (UserID, ActivityID) values ('17', '5');
insert into User_to_Activity (UserID, ActivityID) values ('4', '3');
insert into User_to_Activity (UserID, ActivityID) values ('12', '6');
insert into User_to_Activity (UserID, ActivityID) values ('29', '1');
insert into User_to_Activity (UserID, ActivityID) values ('31', '4');
insert into User_to_Activity (UserID, ActivityID) values ('24', '7');
insert into User_to_Activity (UserID, ActivityID) values ('19', '8');
insert into User_to_Activity (UserID, ActivityID) values ('18', '5');
insert into User_to_Activity (UserID, ActivityID) values ('15', '3');
insert into User_to_Activity (UserID, ActivityID) values ('27', '2');
insert into User_to_Activity (UserID, ActivityID) values ('11', '6');
insert into User_to_Activity (UserID, ActivityID) values ('32', '6');
insert into User_to_Activity (UserID, ActivityID) values ('28', '3');
insert into User_to_Activity (UserID, ActivityID) values ('5', '4');
insert into User_to_Activity (UserID, ActivityID) values ('4', '7');
insert into User_to_Activity (UserID, ActivityID) values ('7', '8');
insert into User_to_Activity (UserID, ActivityID) values ('6', '1');
insert into User_to_Activity (UserID, ActivityID) values ('33', '5');
insert into User_to_Activity (UserID, ActivityID) values ('13', '2');
insert into User_to_Activity (UserID, ActivityID) values ('14', '7');
insert into User_to_Activity (UserID, ActivityID) values ('3', '8');
insert into User_to_Activity (UserID, ActivityID) values ('26', '1');
insert into User_to_Activity (UserID, ActivityID) values ('22', '4');
insert into User_to_Activity (UserID, ActivityID) values ('25', '3');
insert into User_to_Activity (UserID, ActivityID) values ('2', '5');
insert into User_to_Activity (UserID, ActivityID) values ('20', '2');
insert into User_to_Activity (UserID, ActivityID) values ('17', '6');

/* Interests/Hobbies */
insert into Interests_Hobbies (InterestHobbiesID ,  Physical , Art , Music, Cooking, UserID) values (1, 'biking', 'Digital art creation', 'Jazz', 'Sauteing', '5');
insert into Interests_Hobbies (InterestHobbiesID ,  Physical , Art , Music, Cooking, UserID) values (2, 'skiing', 'Glassblowing', 'Latin', 'Indonesian', '27');
insert into Interests_Hobbies (InterestHobbiesID ,  Physical , Art , Music, Cooking, UserID) values (3, 'biking', 'Knitting', 'Ska', 'Vietnamese', '8');
insert into Interests_Hobbies (InterestHobbiesID ,  Physical , Art , Music, Cooking, UserID) values (4, 'Surfing', 'Pencil sketching', 'Death metal', 'French', '22');
insert into Interests_Hobbies (InterestHobbiesID ,  Physical , Art , Music, Cooking, UserID) values (5, 'Tennis', 'Quilting', 'Country', 'Vietnamese', '19');
insert into Interests_Hobbies (InterestHobbiesID ,  Physical , Art , Music, Cooking, UserID) values (6, 'fencing', 'Digital art creation', 'Country rock', 'French', '14');
insert into Interests_Hobbies (InterestHobbiesID ,  Physical , Art , Music, Cooking, UserID) values (7, 'fencing', 'Calligraphy', 'Progressive rock', 'Greek', '24');
insert into Interests_Hobbies (InterestHobbiesID ,  Physical , Art , Music, Cooking, UserID) values (8, 'fencing', 'Collage making', 'Ambient', 'Preserving', '18');
insert into Interests_Hobbies (InterestHobbiesID ,  Physical , Art , Music, Cooking, UserID) values (9, 'Surfing', 'Graphic design', 'Jazz', 'Grilling', '16');
insert into Interests_Hobbies (InterestHobbiesID ,  Physical , Art , Music, Cooking, UserID) values (10, 'fencing', 'Jewelry making', 'New wave', 'Moroccan', '28');
insert into Interests_Hobbies (InterestHobbiesID ,  Physical , Art , Music, Cooking, UserID) values (11, 'yoga', 'Woodworking', 'Salsa', 'Turkish', '7');
insert into Interests_Hobbies (InterestHobbiesID ,  Physical , Art , Music, Cooking, UserID) values (12, 'zumba', 'Digital art creation', 'Classical', 'Portuguese', '23');
insert into Interests_Hobbies (InterestHobbiesID ,  Physical , Art , Music, Cooking, UserID) values (13, 'Surfing', 'Painting', 'Dance', 'Preserving', '25');
insert into Interests_Hobbies (InterestHobbiesID ,  Physical , Art , Music, Cooking, UserID) values (14, 'Tennis', 'Watercolor painting', 'Reggae', 'Indonesian', '20');
insert into Interests_Hobbies (InterestHobbiesID ,  Physical , Art , Music, Cooking, UserID) values (15, 'Basketball', 'Pottery', 'Ska', 'Spanish', '30');
insert into Interests_Hobbies (InterestHobbiesID ,  Physical , Art , Music, Cooking, UserID) values (16, 'Golf', 'Woodworking', 'Synth-pop', 'Argentinean', '29');
insert into Interests_Hobbies (InterestHobbiesID ,  Physical , Art , Music, Cooking, UserID) values (17, 'Tennis', 'Crocheting', 'Blues', 'Peruvian', '3');
insert into Interests_Hobbies (InterestHobbiesID ,  Physical , Art , Music, Cooking, UserID) values (18, 'skiing', 'Jewelry making', 'Techno', 'Caribbean', '6');
insert into Interests_Hobbies (InterestHobbiesID ,  Physical , Art , Music, Cooking, UserID) values (19, 'yoga', 'Acrylic painting', 'Ska', 'Peruvian', '32');
insert into Interests_Hobbies (InterestHobbiesID ,  Physical , Art , Music, Cooking, UserID) values (20, 'dance', 'Woodworking', 'Salsa', 'Caribbean', '33');
insert into Interests_Hobbies (InterestHobbiesID ,  Physical , Art , Music, Cooking, UserID) values (21, 'Rock climbing', 'Glassblowing', 'Trance', 'Malaysian', '11');
insert into Interests_Hobbies (InterestHobbiesID ,  Physical , Art , Music, Cooking, UserID) values (22, 'fencing', 'Graphic design', 'Orchestral', 'Portuguese', '10');
insert into Interests_Hobbies (InterestHobbiesID ,  Physical , Art , Music, Cooking, UserID) values (23, 'dance', 'Painting', 'Techno', 'Broiling', '9');
insert into Interests_Hobbies (InterestHobbiesID ,  Physical , Art , Music, Cooking, UserID) values (24, 'dance', 'Calligraphy', 'Acoustic', 'Italian', '31');
insert into Interests_Hobbies (InterestHobbiesID ,  Physical , Art , Music, Cooking, UserID) values (25, 'Hockey', 'Sewing', 'Emo', 'Braising', '34');
insert into Interests_Hobbies (InterestHobbiesID ,  Physical , Art , Music, Cooking, UserID) values (26, 'running', 'Oil painting', 'R&B', 'Broiling', '13');
insert into Interests_Hobbies (InterestHobbiesID ,  Physical , Art , Music, Cooking, UserID) values (27, 'skiing', 'Watercolor painting', 'Death metal', 'Steaming', '17');
insert into Interests_Hobbies (InterestHobbiesID ,  Physical , Art , Music, Cooking, UserID) values (28, 'skiing', 'Quilting', 'Synth-pop', 'Mediterranean', '15');
insert into Interests_Hobbies (InterestHobbiesID ,  Physical , Art , Music, Cooking, UserID) values (29, 'Hockey', 'Pottery', 'Indie', 'Italian', '35');
insert into Interests_Hobbies (InterestHobbiesID ,  Physical , Art , Music, Cooking, UserID) values (30, 'yoga', 'Crocheting', 'Blues', 'Peruvian', '26');

/* payment plan */
insert into PaymentPlan (PaymentID, Paid, PaymentMethod, UserID) values (1, 1, 'Gift Card', '9');
insert into PaymentPlan (PaymentID, Paid, PaymentMethod, UserID) values (2, 0, 'Cash', '4');
insert into PaymentPlan (PaymentID, Paid, PaymentMethod, UserID) values (3, 0, 'Credit Card', '30');
insert into PaymentPlan (PaymentID, Paid, PaymentMethod, UserID) values (4, 0, 'Bitcoin', '3');
insert into PaymentPlan (PaymentID, Paid, PaymentMethod, UserID) values (5, 0, 'Bitcoin', '23');
insert into PaymentPlan (PaymentID, Paid, PaymentMethod, UserID) values (6, 1, 'PayPal', '7');
insert into PaymentPlan (PaymentID, Paid, PaymentMethod, UserID) values (7, 1, 'Cash', '34');
insert into PaymentPlan (PaymentID, Paid, PaymentMethod, UserID) values (8, 1, 'Bank Transfer', '32');
insert into PaymentPlan (PaymentID, Paid, PaymentMethod, UserID) values (9, 1, 'Cash', '1');
insert into PaymentPlan (PaymentID, Paid, PaymentMethod, UserID) values (10, 0, 'PayPal', '27');
insert into PaymentPlan (PaymentID, Paid, PaymentMethod, UserID) values (11, 0, 'Apple Pay', '14');
insert into PaymentPlan (PaymentID, Paid, PaymentMethod, UserID) values (12, 1, 'Apple Pay', '31');
insert into PaymentPlan (PaymentID, Paid, PaymentMethod, UserID) values (13, 0, 'Cash', '29');
insert into PaymentPlan (PaymentID, Paid, PaymentMethod, UserID) values (14, 1, 'Credit Card', '10');
insert into PaymentPlan (PaymentID, Paid, PaymentMethod, UserID) values (15, 1, 'Venmo', '24');
insert into PaymentPlan (PaymentID, Paid, PaymentMethod, UserID) values (16, 1, 'Zelle', '11');
insert into PaymentPlan (PaymentID, Paid, PaymentMethod, UserID) values (17, 1, 'Credit Card', '25');
insert into PaymentPlan (PaymentID, Paid, PaymentMethod, UserID) values (18, 0, 'Bank Transfer', '15');
insert into PaymentPlan (PaymentID, Paid, PaymentMethod, UserID) values (19, 0, 'Apple Pay', '28');
insert into PaymentPlan (PaymentID, Paid, PaymentMethod, UserID) values (20, 0, 'Cash', '33');
insert into PaymentPlan (PaymentID, Paid, PaymentMethod, UserID) values (21, 1, 'Bitcoin', '26');
insert into PaymentPlan (PaymentID, Paid, PaymentMethod, UserID) values (22, 0, 'Bank Transfer', '8');
insert into PaymentPlan (PaymentID, Paid, PaymentMethod, UserID) values (23, 1, 'Gift Card', '13');
insert into PaymentPlan (PaymentID, Paid, PaymentMethod, UserID) values (24, 1, 'Google Pay', '2');
insert into PaymentPlan (PaymentID, Paid, PaymentMethod, UserID) values (25, 1, 'Gift Card', '17');
insert into PaymentPlan (PaymentID, Paid, PaymentMethod, UserID) values (26, 1, 'Bank Transfer', '6');
insert into PaymentPlan (PaymentID, Paid, PaymentMethod, UserID) values (27, 1, 'Cash', '16');
insert into PaymentPlan (PaymentID, Paid, PaymentMethod, UserID) values (28, 0, 'Venmo', '35');
insert into PaymentPlan (PaymentID, Paid, PaymentMethod, UserID) values (29, 1, 'Credit Card', '5');
insert into PaymentPlan (PaymentID, Paid, PaymentMethod, UserID) values (30, 0, 'Venmo', '22');

/* Movies */
insert into Movies (MovieID, Name, OverallRating, Genre, Activity_Type_ID) values (1, 'Galaxy Grandview Cinemas Showcase', 2, 'Science Fiction Drama', '5');
insert into Movies (MovieID, Name, OverallRating, Genre, Activity_Type_ID) values (2, 'Dreamland Dreamplex', 5, 'Techno-Thriller', '5');
insert into Movies (MovieID, Name, OverallRating, Genre, Activity_Type_ID) values (3, 'Cinema Celestial Showcase Lounge Theater', 5, 'Disaster', '5');
insert into Movies (MovieID, Name, OverallRating, Genre, Activity_Type_ID) values (4, 'Movie Magic Multiplex', 1, 'Slasher', '5');
insert into Movies (MovieID, Name, OverallRating, Genre, Activity_Type_ID) values (5, 'Galaxy Heights Theater', 4, 'Teen Comedy', '5');
insert into Movies (MovieID, Name, OverallRating, Genre, Activity_Type_ID) values (6, 'Cinematic Odyssey', 1, 'Political', '5');
insert into Movies (MovieID, Name, OverallRating, Genre, Activity_Type_ID) values (7, 'Regal Cinemacity', 1, 'Spy Comedy', '5');
insert into Movies (MovieID, Name, OverallRating, Genre, Activity_Type_ID) values (8, 'Vista Vista Vista Vista Theaters Lounge Showcase', 3, 'Monster', '5');
insert into Movies (MovieID, Name, OverallRating, Genre, Activity_Type_ID) values (9, 'Cinema Celestial Showcase Lounge Theater', 2, 'Supernatural Drama', '5');
insert into Movies (MovieID, Name, OverallRating, Genre, Activity_Type_ID) values (10, 'Odeon Oasis Theaters', 2, 'Crime', '5');
insert into Movies (MovieID, Name, OverallRating, Genre, Activity_Type_ID) values (11, 'Galaxy Grandview Cinemas Showcase Theater', 3, 'Spy Comedy', '5');
insert into Movies (MovieID, Name, OverallRating, Genre, Activity_Type_ID) values (12, 'Vista Vista Vista Vista Theaters Lounge', 4, 'Medical Drama', '5');
insert into Movies (MovieID, Name, OverallRating, Genre, Activity_Type_ID) values (13, 'Showtime Showcase', 5, 'Mockumentary Comedy', '5');
insert into Movies (MovieID, Name, OverallRating, Genre, Activity_Type_ID) values (14, 'Golden Gate Cinemas', 5, 'Military', '5');
insert into Movies (MovieID, Name, OverallRating, Genre, Activity_Type_ID) values (15, 'Odeon Odyssey Cinemas Lounge Showcase Theater', 5, 'Western Comedy', '5');
insert into Movies (MovieID, Name, OverallRating, Genre, Activity_Type_ID) values (16, 'Starlight Cinematheque', 4, 'Heist', '5');
insert into Movies (MovieID, Name, OverallRating, Genre, Activity_Type_ID) values (17, 'Grandview Cinemas', 2, 'Urban', '5');
insert into Movies (MovieID, Name, OverallRating, Genre, Activity_Type_ID) values (18, 'Dreamland Deluxe Cinemas', 4, 'Psychological Thriller', '5');
insert into Movies (MovieID, Name, OverallRating, Genre, Activity_Type_ID) values (19, 'Golden Gate Cinemas', 1, 'Legal Drama', '5');
insert into Movies (MovieID, Name, OverallRating, Genre, Activity_Type_ID) values (20, 'Starlight Cinematheque', 5, 'Silent', '5');
insert into Movies (MovieID, Name, OverallRating, Genre, Activity_Type_ID) values (21, 'Cinema Celestial Showcase', 3, 'Western', '5');
insert into Movies (MovieID, Name, OverallRating, Genre, Activity_Type_ID) values (22, 'Dreamland Deluxe Movieplex Theater', 5, 'Urban Drama', '5');
insert into Movies (MovieID, Name, OverallRating, Genre, Activity_Type_ID) values (23, 'Harmony Cinematica', 4, 'Musical', '5');
insert into Movies (MovieID, Name, OverallRating, Genre, Activity_Type_ID) values (24, 'Paramount Picture House', 4, 'Romance', '5');
insert into Movies (MovieID, Name, OverallRating, Genre, Activity_Type_ID) values (25, 'Riviera Cinemas', 1, 'Horror', '5');
insert into Movies (MovieID, Name, OverallRating, Genre, Activity_Type_ID) values (26, 'Starlight Stardust Cinema Lounge Showcase', 4, 'Medical Drama', '5');
insert into Movies (MovieID, Name, OverallRating, Genre, Activity_Type_ID) values (27, 'Starlight Cinematheque', 4, 'Military', '5');
insert into Movies (MovieID, Name, OverallRating, Genre, Activity_Type_ID) values (28, 'Galaxy Heights Theater', 3, 'Tragedy', '5');
insert into Movies (MovieID, Name, OverallRating, Genre, Activity_Type_ID) values (29, 'Cinema Celestial Showcase Lounge', 2, 'Fantasy', '5');
insert into Movies (MovieID, Name, OverallRating, Genre, Activity_Type_ID) values (30, 'Vista Vista Vista Theaters', 5, 'Eco-Thriller', '5');
insert into Movies (MovieID, Name, OverallRating, Genre, Activity_Type_ID) values (31, 'Showtime Showcase', 2, 'War Comedy', '5');
insert into Movies (MovieID, Name, OverallRating, Genre, Activity_Type_ID) values (32, 'Harmony Hilltop Theater Lounge Cinema', 2, 'Urban', '5');
insert into Movies (MovieID, Name, OverallRating, Genre, Activity_Type_ID) values (33, 'Velvet Cinema Lounge', 1, 'Satire', '5');
insert into Movies (MovieID, Name, OverallRating, Genre, Activity_Type_ID) values (34, 'Hollywood Heights Theater', 1, 'Buddy Cop', '5');
insert into Movies (MovieID, Name, OverallRating, Genre, Activity_Type_ID) values (35, 'Regal Royale Reel House Cinema', 3, 'Epic', '5');
insert into Movies (MovieID, Name, OverallRating, Genre, Activity_Type_ID) values (36, 'Odeon Oasis Theaters', 3, 'Disaster', '5');
insert into Movies (MovieID, Name, OverallRating, Genre, Activity_Type_ID) values (37, 'Silver Screen Showcase', 5, 'Slasher', '5');
insert into Movies (MovieID, Name, OverallRating, Genre, Activity_Type_ID) values (38, 'Harmony Hill Movie House', 1, 'Teen', '5');
insert into Movies (MovieID, Name, OverallRating, Genre, Activity_Type_ID) values (39, 'Harmony Hilltop Theater', 4, 'Teen Drama', '5');
insert into Movies (MovieID, Name, OverallRating, Genre, Activity_Type_ID) values (40, 'Empire Movie Palace', 2, 'Science Fiction', '5');

/* Movie_location */

insert into Movies_Location (MovieID, Location) values ('28', '77 Cherry Street Boston MA 02108');
insert into Movies_Location (MovieID, Location) values ('20', '20 Cedar Road Quincy MA 02169');
insert into Movies_Location (MovieID, Location) values ('40', '23 Pine Lane Springfield MA 01113');
insert into Movies_Location (MovieID, Location) values ('33', '88 Elmwood Avenue Lowell MA 01851');
insert into Movies_Location (MovieID, Location) values ('22', '7 Hillside Drive Peabody MA 01960');
insert into Movies_Location (MovieID, Location) values ('3', '8 Hillcrest Drive Salem MA 01970');
insert into Movies_Location (MovieID, Location) values ('13', '32 Riverfront Avenue Medford MA 02155');
insert into Movies_Location (MovieID, Location) values ('8', '30 Sunset Boulevard Newton MA 02458');
insert into Movies_Location (MovieID, Location) values ('21', '5 Park Avenue Medford MA 02155');
insert into Movies_Location (MovieID, Location) values ('24', '42 Maple Road Quincy MA 02169');
insert into Movies_Location (MovieID, Location) values ('35', '11 Willow Lane Brockton MA 02301');
insert into Movies_Location (MovieID, Location) values ('16', '32 Riverfront Avenue Medford MA 02155');
insert into Movies_Location (MovieID, Location) values ('30', '25 Highland Drive Attleboro MA 02703');
insert into Movies_Location (MovieID, Location) values ('36', '33 Cedar Drive Somerville MA 02143');
insert into Movies_Location (MovieID, Location) values ('5', '42 Maple Road Quincy MA 02169');
insert into Movies_Location (MovieID, Location) values ('7', '88 Elmwood Avenue Lowell MA 01851');
insert into Movies_Location (MovieID, Location) values ('11', '29 Sunset Road Lynn MA 01905');
insert into Movies_Location (MovieID, Location) values ('18', '7 Hillside Drive Peabody MA 01960');
insert into Movies_Location (MovieID, Location) values ('6', '55 Pine Lane Salem MA 01970');
insert into Movies_Location (MovieID, Location) values ('39', '25 Highland Drive Attleboro MA 02703');
insert into Movies_Location (MovieID, Location) values ('37', '77 Sunset Road Springfield MA 01113');
insert into Movies_Location (MovieID, Location) values ('38', '19 Maple Street Lynn MA 01905');
insert into Movies_Location (MovieID, Location) values ('26', '12 Elm Lane Everett MA 02149');
insert into Movies_Location (MovieID, Location) values ('29', '30 Sunset Boulevard Newton MA 02458');
insert into Movies_Location (MovieID, Location) values ('2', '55 Walnut Avenue Cambridge MA 02138');
insert into Movies_Location (MovieID, Location) values ('34', '50 Forest Lane Haverhill MA 01830');
insert into Movies_Location (MovieID, Location) values ('15', '8 Oak Lane Salem MA 01970');
insert into Movies_Location (MovieID, Location) values ('12', '20 Riverfront Street Framingham MA 01701');
insert into Movies_Location (MovieID, Location) values ('19', '66 Prospect Avenue Revere MA 02151');
insert into Movies_Location (MovieID, Location) values ('32', '14 Oakwood Drive Worcester MA 01608');
insert into Movies_Location (MovieID, Location) values ('27', '21 Cedar Road Framingham MA 01701');
insert into Movies_Location (MovieID, Location) values ('31', '16 Birchwood Lane Newton MA 02458');
insert into Movies_Location (MovieID, Location) values ('14', '55 Walnut Avenue Cambridge MA 02138');
insert into Movies_Location (MovieID, Location) values ('9', '29 Sunset Road Lynn MA 01905');
insert into Movies_Location (MovieID, Location) values ('23', '14 Oakwood Drive Worcester MA 01608');
insert into Movies_Location (MovieID, Location) values ('10', '10 Oakwood Drive Worcester MA 01608');
insert into Movies_Location (MovieID, Location) values ('1', '8 Hillcrest Drive Salem MA 01970');
insert into Movies_Location (MovieID, Location) values ('4', '12 Birchwood Lane Lowell MA 01851');
insert into Movies_Location (MovieID, Location) values ('17', '33 Cedar Drive Somerville MA 02143');
insert into Movies_Location (MovieID, Location) values ('25', '16 Pine Lane Springfield MA 01113');
insert into Movies_Location (MovieID, Location) values ('25', '12 Elm Lane Everett MA 02149');
insert into Movies_Location (MovieID, Location) values ('12', '33 Cedar Drive Somerville MA 02143');
insert into Movies_Location (MovieID, Location) values ('14', '55 Elmwood Terrace Quincy MA 02169');
insert into Movies_Location (MovieID, Location) values ('39', '42 Maple Road Quincy MA 02169');
insert into Movies_Location (MovieID, Location) values ('29', '20 Cedar Road Quincy MA 02169');
insert into Movies_Location (MovieID, Location) values ('9', '42 Maple Road Quincy MA 02169');
insert into Movies_Location (MovieID, Location) values ('23', '10 Oakwood Drive Worcester MA 01608');
insert into Movies_Location (MovieID, Location) values ('13', '32 Riverfront Avenue Medford MA 02155');
insert into Movies_Location (MovieID, Location) values ('3', '20 Riverfront Street Framingham MA 01701');
insert into Movies_Location (MovieID, Location) values ('1', '10 Oakwood Drive Worcester MA 01608');
insert into Movies_Location (MovieID, Location) values ('40', '3 Spring Street Gloucester MA 01930');
insert into Movies_Location (MovieID, Location) values ('35', '55 Walnut Avenue Cambridge MA 02138');
insert into Movies_Location (MovieID, Location) values ('20', '12 Elm Lane Everett MA 02149');
insert into Movies_Location (MovieID, Location) values ('8', '23 Pine Lane Springfield MA 01113');
insert into Movies_Location (MovieID, Location) values ('30', '25 Highland Drive Attleboro MA 02703');
insert into Movies_Location (MovieID, Location) values ('34', '32 Riverfront Avenue Medford MA 02155');
insert into Movies_Location (MovieID, Location) values ('2', '88 Walnut Avenue Cambridge MA 02138');
insert into Movies_Location (MovieID, Location) values ('36', '44 Willow Street Somerville MA 02143');
insert into Movies_Location (MovieID, Location) values ('21', '19 Cherry Street Boston MA 02108');
insert into Movies_Location (MovieID, Location) values ('6', '55 Elmwood Terrace Quincy MA 02169');
insert into Movies_Location (MovieID, Location) values ('7', '19 Maple Street Lynn MA 01905');
insert into Movies_Location (MovieID, Location) values ('16', '29 Sunset Road Lynn MA 01905');
insert into Movies_Location (MovieID, Location) values ('37', '42 Maple Road Quincy MA 02169');
insert into Movies_Location (MovieID, Location) values ('32', '12 Elm Lane Everett MA 02149');
insert into Movies_Location (MovieID, Location) values ('18', '25 Highland Drive Attleboro MA 02703');
insert into Movies_Location (MovieID, Location) values ('27', '16 Birchwood Lane Newton MA 02458');
insert into Movies_Location (MovieID, Location) values ('31', '88 Elmwood Avenue Lowell MA 01851');
insert into Movies_Location (MovieID, Location) values ('24', '8 Highland Drive Brockton MA 02301');
insert into Movies_Location (MovieID, Location) values ('33', '19 Cherry Street Boston MA 02108');
insert into Movies_Location (MovieID, Location) values ('38', '14 Grove Street Taunton MA 02780');
insert into Movies_Location (MovieID, Location) values ('5', '42 Maple Road Quincy MA 02169');
insert into Movies_Location (MovieID, Location) values ('19', '11 Willow Lane Brockton MA 02301');
insert into Movies_Location (MovieID, Location) values ('15', '33 Cedar Drive Somerville MA 02143');
insert into Movies_Location (MovieID, Location) values ('4', '44 Willow Street Somerville MA 02143');
insert into Movies_Location (MovieID, Location) values ('17', '9 Grove Avenue Haverhill MA 01830');
insert into Movies_Location (MovieID, Location) values ('11', '16 Pine Lane Springfield MA 01113');
insert into Movies_Location (MovieID, Location) values ('10', '10 Oakwood Drive Worcester MA 01608');
insert into Movies_Location (MovieID, Location) values ('22', '14 Oakwood Drive Worcester MA 01608');
insert into Movies_Location (MovieID, Location) values ('26', '19 Cherry Street Boston MA 02108');
insert into Movies_Location (MovieID, Location) values ('28', '25 Riverside Drive Lynn MA 01905');
insert into Movies_Location (MovieID, Location) values ('5', '19 Maple Street Lynn MA 01905');
insert into Movies_Location (MovieID, Location) values ('1', '36 Highland Avenue Waltham MA 02451');
insert into Movies_Location (MovieID, Location) values ('6', '17 Oak Street Brookline MA 02445');
insert into Movies_Location (MovieID, Location) values ('14', '44 Willow Street Somerville MA 02143');
insert into Movies_Location (MovieID, Location) values ('37', '16 Birchwood Lane Newton MA 02458');
insert into Movies_Location (MovieID, Location) values ('4', '44 River Drive Malden MA 02148');
insert into Movies_Location (MovieID, Location) values ('28', '16 Birchwood Lane Newton MA 02458');
insert into Movies_Location (MovieID, Location) values ('39', '88 Elmwood Avenue Lowell MA 01851');
insert into Movies_Location (MovieID, Location) values ('10', '42 Maple Road Quincy MA 02169');
insert into Movies_Location (MovieID, Location) values ('38', '16 Pine Lane Springfield MA 01113');
insert into Movies_Location (MovieID, Location) values ('33', '19 Maple Street Lynn MA 01905');
insert into Movies_Location (MovieID, Location) values ('17', '88 Elmwood Avenue Lowell MA 01851');
insert into Movies_Location (MovieID, Location) values ('3', '8 Hillcrest Drive Salem MA 01970');
insert into Movies_Location (MovieID, Location) values ('24', '10 Oakwood Drive Worcester MA 01608');
insert into Movies_Location (MovieID, Location) values ('27', '55 Walnut Avenue Cambridge MA 02138');
insert into Movies_Location (MovieID, Location) values ('18', '8 Hillcrest Drive Salem MA 01970');
insert into Movies_Location (MovieID, Location) values ('31', '7 Hillside Drive Peabody MA 01960');
insert into Movies_Location (MovieID, Location) values ('16', '20 Cedar Road Quincy MA 02169');
insert into Movies_Location (MovieID, Location) values ('23', '30 Sunset Boulevard Newton MA 02458');
insert into Movies_Location (MovieID, Location) values ('19', '21 Cedar Road Framingham MA 01701');
insert into Movies_Location (MovieID, Location) values ('7', '55 Elmwood Terrace Quincy MA 02169');
insert into Movies_Location (MovieID, Location) values ('40', '11 Willow Lane Brockton MA 02301');
insert into Movies_Location (MovieID, Location) values ('8', '20 Cedar Road Quincy MA 02169');
insert into Movies_Location (MovieID, Location) values ('12', '33 Cedar Drive Somerville MA 02143');
insert into Movies_Location (MovieID, Location) values ('35', '33 Elmwood Avenue Newton MA 02458');
insert into Movies_Location (MovieID, Location) values ('9', '25 Highland Drive Attleboro MA 02703');
insert into Movies_Location (MovieID, Location) values ('2', '30 Sunset Boulevard Newton MA 02458');
insert into Movies_Location (MovieID, Location) values ('15', '66 Prospect Avenue Revere MA 02151');
insert into Movies_Location (MovieID, Location) values ('29', '16 Pine Lane Springfield MA 01113');
insert into Movies_Location (MovieID, Location) values ('11', '25 Riverside Drive Lynn MA 01905');
insert into Movies_Location (MovieID, Location) values ('32', '9 Grove Avenue Haverhill MA 01830');
insert into Movies_Location (MovieID, Location) values ('25', '12 Birchwood Lane Lowell MA 01851');
insert into Movies_Location (MovieID, Location) values ('22', '42 Maple Road Quincy MA 02169');
insert into Movies_Location (MovieID, Location) values ('21', '77 Sunset Road Springfield MA 01113');
insert into Movies_Location (MovieID, Location) values ('36', '50 Forest Lane Haverhill MA 01830');
insert into Movies_Location (MovieID, Location) values ('30', '16 Pine Lane Springfield MA 01113');
insert into Movies_Location (MovieID, Location) values ('20', '19 Cherry Street Boston MA 02108');
insert into Movies_Location (MovieID, Location) values ('13', '12 Elm Lane Everett MA 02149');
insert into Movies_Location (MovieID, Location) values ('26', '23 Pine Lane Springfield MA 01113');
insert into Movies_Location (MovieID, Location) values ('34', '14 Grove Street Taunton MA 02780');
insert into Movies_Location (MovieID, Location) values ('30', '20 Riverfront Street Framingham MA 01701');
insert into Movies_Location (MovieID, Location) values ('7', '88 Elmwood Avenue Lowell MA 01851');
insert into Movies_Location (MovieID, Location) values ('17', '20 Riverfront Street Framingham MA 01701');
insert into Movies_Location (MovieID, Location) values ('26', '50 Forest Lane Haverhill MA 01830');
insert into Movies_Location (MovieID, Location) values ('23', '8 Hillcrest Drive Salem MA 01970');
insert into Movies_Location (MovieID, Location) values ('36', '19 Maple Street Lynn MA 01905');
insert into Movies_Location (MovieID, Location) values ('5', '42 Maple Road Quincy MA 02169');
insert into Movies_Location (MovieID, Location) values ('3', '20 Riverfront Street Framingham MA 01701');
insert into Movies_Location (MovieID, Location) values ('39', '12 Elm Lane Everett MA 02149');
insert into Movies_Location (MovieID, Location) values ('11', '11 Willow Lane Brockton MA 02301');
insert into Movies_Location (MovieID, Location) values ('13', '11 Willow Lane Brockton MA 02301');
insert into Movies_Location (MovieID, Location) values ('24', '17 Oak Street Brookline MA 02445');
insert into Movies_Location (MovieID, Location) values ('21', '19 Cherry Street Boston MA 02108');
insert into Movies_Location (MovieID, Location) values ('20', '12 Birchwood Lane Lowell MA 01851');
insert into Movies_Location (MovieID, Location) values ('37', '88 Elmwood Avenue Lowell MA 01851');
insert into Movies_Location (MovieID, Location) values ('22', '44 Willow Street Somerville MA 02143');
insert into Movies_Location (MovieID, Location) values ('4', '33 Cedar Drive Somerville MA 02143');
insert into Movies_Location (MovieID, Location) values ('40', '8 Hillcrest Drive Salem MA 01970');
insert into Movies_Location (MovieID, Location) values ('12', '9 Grove Avenue Haverhill MA 01830');
insert into Movies_Location (MovieID, Location) values ('38', '50 Forest Lane Haverhill MA 01830');
insert into Movies_Location (MovieID, Location) values ('14', '14 Oakwood Drive Worcester MA 01608');
insert into Movies_Location (MovieID, Location) values ('27', '19 Maple Street Lynn MA 01905');
insert into Movies_Location (MovieID, Location) values ('18', '12 Birchwood Lane Lowell MA 01851');
insert into Movies_Location (MovieID, Location) values ('2', '11 Willow Lane Brockton MA 02301');
insert into Movies_Location (MovieID, Location) values ('8', '23 Pine Lane Springfield MA 01113');
insert into Movies_Location (MovieID, Location) values ('28', '42 Maple Road Quincy MA 02169');
insert into Movies_Location (MovieID, Location) values ('16', '19 Cherry Street Boston MA 02108');
insert into Movies_Location (MovieID, Location) values ('33', '12 Elm Lane Everett MA 02149');
insert into Movies_Location (MovieID, Location) values ('25', '20 Riverfront Street Framingham MA 01701');
insert into Movies_Location (MovieID, Location) values ('19', '25 Riverside Drive Lynn MA 01905');
insert into Movies_Location (MovieID, Location) values ('9', '8 Hillcrest Drive Salem MA 01970');
insert into Movies_Location (MovieID, Location) values ('32', '19 Maple Street Lynn MA 01905');
insert into Movies_Location (MovieID, Location) values ('35', '20 Cedar Road Quincy MA 02169');
insert into Movies_Location (MovieID, Location) values ('10', '3 Spring Street Gloucester MA 01930');
insert into Movies_Location (MovieID, Location) values ('1', '42 Maple Road Quincy MA 02169');
insert into Movies_Location (MovieID, Location) values ('15', '14 Oakwood Drive Worcester MA 01608');
insert into Movies_Location (MovieID, Location) values ('31', '42 Maple Road Quincy MA 02169');
insert into Movies_Location (MovieID, Location) values ('6', '23 Pine Lane Springfield MA 01113');
insert into Movies_Location (MovieID, Location) values ('34', '5 Park Avenue Medford MA 02155');
insert into Movies_Location (MovieID, Location) values ('29', '25 Highland Drive Attleboro MA 02703');
insert into Movies_Location (MovieID, Location) values ('38', '29 Sunset Road Lynn MA 01905');
insert into Movies_Location (MovieID, Location) values ('10', '12 Birchwood Lane Lowell MA 01851');
insert into Movies_Location (MovieID, Location) values ('33', '44 River Drive Malden MA 02148');
insert into Movies_Location (MovieID, Location) values ('32', '21 Cedar Road Framingham MA 01701');
insert into Movies_Location (MovieID, Location) values ('40', '12 Birchwood Lane Lowell MA 01851');
insert into Movies_Location (MovieID, Location) values ('29', '9 Grove Avenue Haverhill MA 01830');
insert into Movies_Location (MovieID, Location) values ('1', '11 Willow Lane Brockton MA 02301');
insert into Movies_Location (MovieID, Location) values ('24', '7 Hillside Drive Peabody MA 01960');
insert into Movies_Location (MovieID, Location) values ('15', '77 Cherry Street Boston MA 02108');
insert into Movies_Location (MovieID, Location) values ('26', '20 Cedar Road Quincy MA 02169');
insert into Movies_Location (MovieID, Location) values ('19', '19 Maple Street Lynn MA 01905');
insert into Movies_Location (MovieID, Location) values ('36', '8 Oak Lane Salem MA 01970');
insert into Movies_Location (MovieID, Location) values ('27', '29 Sunset Road Lynn MA 01905');
insert into Movies_Location (MovieID, Location) values ('4', '10 Oakwood Drive Worcester MA 01608');
insert into Movies_Location (MovieID, Location) values ('11', '36 Highland Avenue Waltham MA 02451');
insert into Movies_Location (MovieID, Location) values ('31', '55 Elmwood Terrace Quincy MA 02169');
insert into Movies_Location (MovieID, Location) values ('9', '10 Oakwood Drive Worcester MA 01608');
insert into Movies_Location (MovieID, Location) values ('16', '42 Maple Road Quincy MA 02169');
insert into Movies_Location (MovieID, Location) values ('3', '10 Oakwood Drive Worcester MA 01608');
insert into Movies_Location (MovieID, Location) values ('8', '42 Maple Road Quincy MA 02169');
insert into Movies_Location (MovieID, Location) values ('18', '10 Oakwood Drive Worcester MA 01608');
insert into Movies_Location (MovieID, Location) values ('34', '33 Elmwood Avenue Newton MA 02458');
insert into Movies_Location (MovieID, Location) values ('5', '42 Maple Road Quincy MA 02169');
insert into Movies_Location (MovieID, Location) values ('12', '77 Cherry Street Boston MA 02108');
insert into Movies_Location (MovieID, Location) values ('20', '17 Oak Street Brookline MA 02445');
insert into Movies_Location (MovieID, Location) values ('28', '5 Park Avenue Medford MA 02155');
insert into Movies_Location (MovieID, Location) values ('25', '8 Oak Lane Salem MA 01970');
insert into Movies_Location (MovieID, Location) values ('35', '20 Cedar Road Quincy MA 02169');
insert into Movies_Location (MovieID, Location) values ('37', '42 Maple Road Quincy MA 02169');
insert into Movies_Location (MovieID, Location) values ('7', '25 Highland Drive Attleboro MA 02703');
insert into Movies_Location (MovieID, Location) values ('17', '16 Pine Lane Springfield MA 01113');
insert into Movies_Location (MovieID, Location) values ('13', '32 Riverfront Avenue Medford MA 02155');
insert into Movies_Location (MovieID, Location) values ('6', '55 Pine Lane Salem MA 01970');
insert into Movies_Location (MovieID, Location) values ('39', '88 Walnut Avenue Cambridge MA 02138');
insert into Movies_Location (MovieID, Location) values ('2', '7 Hillside Drive Peabody MA 01960');
insert into Movies_Location (MovieID, Location) values ('14', '5 Park Avenue Medford MA 02155');
insert into Movies_Location (MovieID, Location) values ('22', '25 Riverside Drive Lynn MA 01905');
insert into Movies_Location (MovieID, Location) values ('23', '11 Willow Lane Brockton MA 02301');
insert into Movies_Location (MovieID, Location) values ('21', '55 Pine Lane Salem MA 01970');
insert into Movies_Location (MovieID, Location) values ('30', '44 River Drive Malden MA 02148');


/* Cafes */

insert into Cafes (CafeID , Cuisine, Name, OverallRating, ActivityTypeID, PriceTag) values (1, 'French', 'Java Jive Cafe', 4, '7', '$$$$');
insert into Cafes (CafeID , Cuisine, Name, OverallRating, ActivityTypeID, PriceTag) values (2, 'Swiss', 'The Perk Place Cafe', 2, '7', '$$$$$');
insert into Cafes (CafeID , Cuisine, Name, OverallRating, ActivityTypeID, PriceTag) values (3, 'Moroccan', 'Java Gems Cafe', 5, '7', '$$$$$');
insert into Cafes (CafeID , Cuisine, Name, OverallRating, ActivityTypeID, PriceTag) values (4, 'Middle Eastern', 'Java Joy Cafe', 4, '7', '$');
insert into Cafes (CafeID , Cuisine, Name, OverallRating, ActivityTypeID, PriceTag) values (5, 'Argentinean', 'Brewed Awakening Cafe', 4, '7', '$$$$');
insert into Cafes (CafeID , Cuisine, Name, OverallRating, ActivityTypeID, PriceTag) values (6, 'Brazilian', 'Brewed Delights Cafe', 2, '7', '$');
insert into Cafes (CafeID , Cuisine, Name, OverallRating, ActivityTypeID, PriceTag) values (7, 'Peruvian', 'Cafe Mocha', 5, '7', '$$$$$');
insert into Cafes (CafeID , Cuisine, Name, OverallRating, ActivityTypeID, PriceTag) values (8, 'Spanish', 'Percolate Cafe', 5, '7', '$');
insert into Cafes (CafeID , Cuisine, Name, OverallRating, ActivityTypeID, PriceTag) values (9, 'Greek', 'Aroma Haven Cafe', 3, '7', '$$$');
insert into Cafes (CafeID , Cuisine, Name, OverallRating, ActivityTypeID, PriceTag) values (10, 'Sri Lankan', 'Morning Brew Cafe', 4, '7', '$');
insert into Cafes (CafeID , Cuisine, Name, OverallRating, ActivityTypeID, PriceTag) values (11, 'Peruvian', 'Brewed Bliss Cafe', 3, '7', '$$$$$');
insert into Cafes (CafeID , Cuisine, Name, OverallRating, ActivityTypeID, PriceTag) values (12, 'African', 'Cozy Bean Cafe', 2, '7', '$$$$');
insert into Cafes (CafeID , Cuisine, Name, OverallRating, ActivityTypeID, PriceTag) values (13, 'Mediterranean', 'Sip & Savor Cafe', 2, '7', '$$$$$');
insert into Cafes (CafeID , Cuisine, Name, OverallRating, ActivityTypeID, PriceTag) values (14, 'Italian', 'Aroma Haven Cafe', 4, '7', '$$');
insert into Cafes (CafeID , Cuisine, Name, OverallRating, ActivityTypeID, PriceTag) values (15, 'Turkish', 'Steep & Sip Cafe', 5, '7', '$$');
insert into Cafes (CafeID , Cuisine, Name, OverallRating, ActivityTypeID, PriceTag) values (16, 'British', 'Sunrise Cafe', 5, '7', '$$');
insert into Cafes (CafeID , Cuisine, Name, OverallRating, ActivityTypeID, PriceTag) values (17, 'Chinese', 'Percolate Cafe', 5, '7', '$$$$');
insert into Cafes (CafeID , Cuisine, Name, OverallRating, ActivityTypeID, PriceTag) values (18, 'Nepalese', 'Zenith Coffeehouse', 5, '7', '$$$');
insert into Cafes (CafeID , Cuisine, Name, OverallRating, ActivityTypeID, PriceTag) values (19, 'Middle Eastern', 'The Bean Machine', 2, '7', '$$$$$');
insert into Cafes (CafeID , Cuisine, Name, OverallRating, ActivityTypeID, PriceTag) values (20, 'Irish', 'Frothy Cup Cafe', 2, '7', '$');
insert into Cafes (CafeID , Cuisine, Name, OverallRating, ActivityTypeID, PriceTag) values (21, 'Thai', 'Caffeine Culture', 1, '7', '$$');
insert into Cafes (CafeID , Cuisine, Name, OverallRating, ActivityTypeID, PriceTag) values (22, 'African', 'Steamy Cup Cafe', 3, '7', '$$$$');
insert into Cafes (CafeID , Cuisine, Name, OverallRating, ActivityTypeID, PriceTag) values (23, 'American', 'Chill & Sip Cafe', 5, '7', '$$$$$');
insert into Cafes (CafeID , Cuisine, Name, OverallRating, ActivityTypeID, PriceTag) values (24, 'Indian', 'Cafe Elegance', 3, '7', '$$$');
insert into Cafes (CafeID , Cuisine, Name, OverallRating, ActivityTypeID, PriceTag) values (25, 'Indonesian', 'Brewed Delights Cafe', 3, '7', '$');
insert into Cafes (CafeID , Cuisine, Name, OverallRating, ActivityTypeID, PriceTag) values (26, 'Swedish', 'Java Gems Cafe', 2, '7', '$');
insert into Cafes (CafeID , Cuisine, Name, OverallRating, ActivityTypeID, PriceTag) values (27, 'Peruvian', 'The Perk Place Cafe', 1, '7', '$$');
insert into Cafes (CafeID , Cuisine, Name, OverallRating, ActivityTypeID, PriceTag) values (28, 'Filipino', 'Brewed Delights Cafe', 2, '7', '$$$');
insert into Cafes (CafeID , Cuisine, Name, OverallRating, ActivityTypeID, PriceTag) values (29, 'Portuguese', 'Brewmaster''s Cafe', 2, '7', '$');
insert into Cafes (CafeID , Cuisine, Name, OverallRating, ActivityTypeID, PriceTag) values (30, 'Moroccan', 'Cozy Corner Coffeehouse', 2, '7', '$$$$$');
insert into Cafes (CafeID , Cuisine, Name, OverallRating, ActivityTypeID, PriceTag) values (31, 'Japanese', 'Espresso Emporium', 5, '7', '$');
insert into Cafes (CafeID , Cuisine, Name, OverallRating, ActivityTypeID, PriceTag) values (32, 'Nepalese', 'Cafe Elegance', 1, '7', '$$$$$');
insert into Cafes (CafeID , Cuisine, Name, OverallRating, ActivityTypeID, PriceTag) values (33, 'Filipino', 'Cafe Elegance', 2, '7', '$$');
insert into Cafes (CafeID , Cuisine, Name, OverallRating, ActivityTypeID, PriceTag) values (34, 'British', 'Aroma Haven Cafe', 4, '7', '$$$');
insert into Cafes (CafeID , Cuisine, Name, OverallRating, ActivityTypeID, PriceTag) values (35, 'Moroccan', 'The Daily Grind Cafe', 1, '7', '$$$$');
insert into Cafes (CafeID , Cuisine, Name, OverallRating, ActivityTypeID, PriceTag) values (36, 'Portuguese', 'Brewtopia Cafe', 4, '7', '$$');
insert into Cafes (CafeID , Cuisine, Name, OverallRating, ActivityTypeID, PriceTag) values (37, 'Middle Eastern', 'Steep & Sip Cafe', 2, '7', '$$$');
insert into Cafes (CafeID , Cuisine, Name, OverallRating, ActivityTypeID, PriceTag) values (38, 'Argentinean', 'Bean Town Cafe', 5, '7', '$$$$');
insert into Cafes (CafeID , Cuisine, Name, OverallRating, ActivityTypeID, PriceTag) values (39, 'Swedish', 'Bean Blossom Cafe', 4, '7', '$$$$');
insert into Cafes (CafeID , Cuisine, Name, OverallRating, ActivityTypeID, PriceTag) values (40, 'Irish', 'Bean & Brew Cafe', 2, '7', '$');


/* Cafe_Location */
insert into Cafe_Location (Location, CafeID) values ('50 Forest Lane Haverhill MA 01830', '38');
insert into Cafe_Location (Location, CafeID) values ('50 Forest Lane Haverhill MA 01830', '6');
insert into Cafe_Location (Location, CafeID) values ('16 Birchwood Lane Newton MA 02458', '7');
insert into Cafe_Location (Location, CafeID) values ('30 Sunset Boulevard Newton MA 02458', '3');
insert into Cafe_Location (Location, CafeID) values ('33 Cedar Drive Somerville MA 02143', '17');
insert into Cafe_Location (Location, CafeID) values ('12 Elm Lane Everett MA 02149', '22');
insert into Cafe_Location (Location, CafeID) values ('55 Walnut Avenue Cambridge MA 02138', '23');
insert into Cafe_Location (Location, CafeID) values ('11 Willow Lane Brockton MA 02301', '34');
insert into Cafe_Location (Location, CafeID) values ('14 Grove Street Taunton MA 02780', '32');
insert into Cafe_Location (Location, CafeID) values ('32 Riverfront Avenue Medford MA 02155', '30');
insert into Cafe_Location (Location, CafeID) values ('25 Highland Drive Attleboro MA 02703', '8');
insert into Cafe_Location (Location, CafeID) values ('16 Birchwood Lane Newton MA 02458', '5');
insert into Cafe_Location (Location, CafeID) values ('36 Highland Avenue Waltham MA 02451', '14');
insert into Cafe_Location (Location, CafeID) values ('77 Cherry Street Boston MA 02108', '28');
insert into Cafe_Location (Location, CafeID) values ('12 Elm Lane Everett MA 02149', '11');
insert into Cafe_Location (Location, CafeID) values ('55 Walnut Avenue Cambridge MA 02138', '33');
insert into Cafe_Location (Location, CafeID) values ('20 Riverfront Street Framingham MA 01701', '39');
insert into Cafe_Location (Location, CafeID) values ('33 Cedar Drive Somerville MA 02143', '26');
insert into Cafe_Location (Location, CafeID) values ('29 Sunset Road Lynn MA 01905', '1');
insert into Cafe_Location (Location, CafeID) values ('10 Oakwood Drive Worcester MA 01608', '21');
insert into Cafe_Location (Location, CafeID) values ('55 Elmwood Terrace Quincy MA 02169', '18');
insert into Cafe_Location (Location, CafeID) values ('5 Park Avenue Medford MA 02155', '4');
insert into Cafe_Location (Location, CafeID) values ('12 Birchwood Lane Lowell MA 01851', '29');
insert into Cafe_Location (Location, CafeID) values ('25 Highland Drive Attleboro MA 02703', '13');
insert into Cafe_Location (Location, CafeID) values ('3 Spring Street Gloucester MA 01930', '25');
insert into Cafe_Location (Location, CafeID) values ('50 Forest Lane Haverhill MA 01830', '40');
insert into Cafe_Location (Location, CafeID) values ('19 Maple Street Lynn MA 01905', '16');
insert into Cafe_Location (Location, CafeID) values ('12 Elm Lane Everett MA 02149', '2');
insert into Cafe_Location (Location, CafeID) values ('10 Oakwood Drive Worcester MA 01608', '31');
insert into Cafe_Location (Location, CafeID) values ('8 Oak Lane Salem MA 01970', '24');
insert into Cafe_Location (Location, CafeID) values ('55 Elmwood Terrace Quincy MA 02169', '37');
insert into Cafe_Location (Location, CafeID) values ('77 Cherry Street Boston MA 02108', '9');
insert into Cafe_Location (Location, CafeID) values ('16 Birchwood Lane Newton MA 02458', '20');
insert into Cafe_Location (Location, CafeID) values ('25 Highland Drive Attleboro MA 02703', '35');
insert into Cafe_Location (Location, CafeID) values ('11 Willow Lane Brockton MA 02301', '10');
insert into Cafe_Location (Location, CafeID) values ('19 Maple Street Lynn MA 01905', '12');
insert into Cafe_Location (Location, CafeID) values ('36 Highland Avenue Waltham MA 02451', '27');
insert into Cafe_Location (Location, CafeID) values ('9 Grove Avenue Haverhill MA 01830', '36');
insert into Cafe_Location (Location, CafeID) values ('55 Elmwood Terrace Quincy MA 02169', '19');
insert into Cafe_Location (Location, CafeID) values ('77 Sunset Road Springfield MA 01113', '15');
insert into Cafe_Location (Location, CafeID) values ('14 Oakwood Drive Worcester MA', '26');
insert into Cafe_Location (Location, CafeID) values ('36 Highland Avenue Waltham MA 02451', '27');
insert into Cafe_Location (Location, CafeID) values ('19 Maple Street Lynn MA 01905', '12');
insert into Cafe_Location (Location, CafeID) values ('42 Maple Road Quincy MA 02169', '22');
insert into Cafe_Location (Location, CafeID) values ('7 Hillside Drive Peabody MA 01960', '32');
insert into Cafe_Location (Location, CafeID) values ('77 Cherry Street Boston MA 02108', '35');
insert into Cafe_Location (Location, CafeID) values ('3 Spring Street Gloucester MA 01930', '23');
insert into Cafe_Location (Location, CafeID) values ('55 Walnut Avenue Cambridge MA 02138', '21');
insert into Cafe_Location (Location, CafeID) values ('12 Birchwood Lane Lowell MA 01851', '8');
insert into Cafe_Location (Location, CafeID) values ('11 Willow Lane Brockton MA 02301', '7');
insert into Cafe_Location (Location, CafeID) values ('77 Cherry Street Boston MA 02108', '24');
insert into Cafe_Location (Location, CafeID) values ('55 Elmwood Terrace Quincy MA 02169', '4');
insert into Cafe_Location (Location, CafeID) values ('14 Grove Street Taunton MA 02780', '9');
insert into Cafe_Location (Location, CafeID) values ('77 Sunset Road Springfield MA 01113', '13');
insert into Cafe_Location (Location, CafeID) values ('66 Prospect Avenue Revere MA 02151', '30');
insert into Cafe_Location (Location, CafeID) values ('3 Spring Street Gloucester MA 01930', '10');
insert into Cafe_Location (Location, CafeID) values ('19 Maple Street Lynn MA 01905', '20');
insert into Cafe_Location (Location, CafeID) values ('12 Elm Lane Everett MA 02149', '11');
insert into Cafe_Location (Location, CafeID) values ('33 Cedar Drive Somerville MA 02143', '34');
insert into Cafe_Location (Location, CafeID) values ('11 Willow Lane Brockton MA 02301', '14');
insert into Cafe_Location (Location, CafeID) values ('12 Birchwood Lane Lowell MA 01851', '16');
insert into Cafe_Location (Location, CafeID) values ('55 Walnut Avenue Cambridge MA 02138', '1');
insert into Cafe_Location (Location, CafeID) values ('25 Highland Drive Attleboro MA 02703', '17');
insert into Cafe_Location (Location, CafeID) values ('36 Highland Avenue Waltham MA 02451', '25');
insert into Cafe_Location (Location, CafeID) values ('19 Maple Street Lynn MA 01905', '37');
insert into Cafe_Location (Location, CafeID) values ('30 Sunset Boulevard Newton MA 02458', '38');
insert into Cafe_Location (Location, CafeID) values ('16 Birchwood Lane Newton MA 02458', '39');
insert into Cafe_Location (Location, CafeID) values ('29 Sunset Road Lynn MA 01905', '31');
insert into Cafe_Location (Location, CafeID) values ('14 Grove Street Taunton MA 02780', '6');
insert into Cafe_Location (Location, CafeID) values ('10 Oakwood Drive Worcester MA 01608', '28');
insert into Cafe_Location (Location, CafeID) values ('19 Maple Street Lynn MA 01905', '29');
insert into Cafe_Location (Location, CafeID) values ('77 Sunset Road Springfield MA 01113', '2');
insert into Cafe_Location (Location, CafeID) values ('14 Oakwood Drive Worcester MA', '36');
insert into Cafe_Location (Location, CafeID) values ('88 Elmwood Avenue Lowell MA 01851', '18');
insert into Cafe_Location (Location, CafeID) values ('77 Sunset Road Springfield MA 01113', '19');
insert into Cafe_Location (Location, CafeID) values ('30 Sunset Boulevard Newton MA 02458', '33');
insert into Cafe_Location (Location, CafeID) values ('20 Riverfront Street Framingham MA 01701', '3');
insert into Cafe_Location (Location, CafeID) values ('14 Grove Street Taunton MA 02780', '15');
insert into Cafe_Location (Location, CafeID) values ('8 Oak Lane Salem MA 01970', '40');
insert into Cafe_Location (Location, CafeID) values ('50 Forest Lane Haverhill MA 01830', '5');
insert into Cafe_Location (Location, CafeID) values ('12 Birchwood Lane Lowell MA 01851', '26');
insert into Cafe_Location (Location, CafeID) values ('11 Willow Lane Brockton MA 02301', '37');
insert into Cafe_Location (Location, CafeID) values ('55 Walnut Avenue Cambridge MA 02138', '7');
insert into Cafe_Location (Location, CafeID) values ('3 Spring Street Gloucester MA 01930', '10');
insert into Cafe_Location (Location, CafeID) values ('5 Park Avenue Medford MA 02155', '40');
insert into Cafe_Location (Location, CafeID) values ('16 Birchwood Lane Newton MA 02458', '38');
insert into Cafe_Location (Location, CafeID) values ('17 Oak Street Brookline MA 02445', '8');
insert into Cafe_Location (Location, CafeID) values ('66 Prospect Avenue Revere MA 02151', '20');
insert into Cafe_Location (Location, CafeID) values ('16 Birchwood Lane Newton MA 02458', '31');
insert into Cafe_Location (Location, CafeID) values ('5 Park Avenue Medford MA 02155', '29');
insert into Cafe_Location (Location, CafeID) values ('25 Highland Drive Attleboro MA 02703', '19');
insert into Cafe_Location (Location, CafeID) values ('33 Cedar Drive Somerville MA 02143', '22');
insert into Cafe_Location (Location, CafeID) values ('12 Elm Lane Everett MA 02149', '6');
insert into Cafe_Location (Location, CafeID) values ('29 Sunset Road Lynn MA 01905', '9');
insert into Cafe_Location (Location, CafeID) values ('77 Cherry Street Boston MA 02108', '32');
insert into Cafe_Location (Location, CafeID) values ('8 Oak Lane Salem MA 01970', '13');
insert into Cafe_Location (Location, CafeID) values ('19 Maple Street Lynn MA 01905', '12');
insert into Cafe_Location (Location, CafeID) values ('5 Park Avenue Medford MA 02155', '28');
insert into Cafe_Location (Location, CafeID) values ('33 Cedar Drive Somerville MA 02143', '17');
insert into Cafe_Location (Location, CafeID) values ('42 Maple Road Quincy MA 02169', '23');
insert into Cafe_Location (Location, CafeID) values ('9 Grove Avenue Haverhill MA 01830', '34');
insert into Cafe_Location (Location, CafeID) values ('9 Grove Avenue Haverhill MA 01830', '4');
insert into Cafe_Location (Location, CafeID) values ('21 Cedar Road Framingham MA 01701', '1');
insert into Cafe_Location (Location, CafeID) values ('17 Oak Street Brookline MA 02445', '30');
insert into Cafe_Location (Location, CafeID) values ('55 Elmwood Terrace Quincy MA 02169', '5');
insert into Cafe_Location (Location, CafeID) values ('20 Riverfront Street Framingham MA 01701', '11');
insert into Cafe_Location (Location, CafeID) values ('29 Sunset Road Lynn MA 01905', '27');
insert into Cafe_Location (Location, CafeID) values ('25 Highland Drive Attleboro MA 02703', '3');
insert into Cafe_Location (Location, CafeID) values ('14 Oakwood Drive Worcester MA', '15');
insert into Cafe_Location (Location, CafeID) values ('14 Grove Street Taunton MA 02780', '33');
insert into Cafe_Location (Location, CafeID) values ('19 Maple Street Lynn MA 01905', '14');
insert into Cafe_Location (Location, CafeID) values ('50 Forest Lane Haverhill MA 01830', '35');
insert into Cafe_Location (Location, CafeID) values ('8 Hillcrest Drive Salem MA 01970', '24');
insert into Cafe_Location (Location, CafeID) values ('29 Sunset Road Lynn MA 01905', '16');
insert into Cafe_Location (Location, CafeID) values ('8 Oak Lane Salem MA 01970', '21');
insert into Cafe_Location (Location, CafeID) values ('25 Highland Drive Attleboro MA 02703', '36');
insert into Cafe_Location (Location, CafeID) values ('33 Cedar Drive Somerville MA 02143', '2');
insert into Cafe_Location (Location, CafeID) values ('9 Grove Avenue Haverhill MA 01830', '39');
insert into Cafe_Location (Location, CafeID) values ('12 Elm Lane Everett MA 02149', '25');
insert into Cafe_Location (Location, CafeID) values ('77 Sunset Road Springfield MA 01113', '18');
insert into Cafe_Location (Location, CafeID) values ('44 River Drive Malden MA 02148', '15');
insert into Cafe_Location (Location, CafeID) values ('20 Riverfront Street Framingham MA 01701', '22');
insert into Cafe_Location (Location, CafeID) values ('44 River Drive Malden MA 02148', '14');
insert into Cafe_Location (Location, CafeID) values ('66 Prospect Avenue Revere MA 02151', '28');
insert into Cafe_Location (Location, CafeID) values ('66 Prospect Avenue Revere MA 02151', '30');
insert into Cafe_Location (Location, CafeID) values ('25 Highland Drive Attleboro MA 02703', '9');
insert into Cafe_Location (Location, CafeID) values ('3 Spring Street Gloucester MA 01930', '19');
insert into Cafe_Location (Location, CafeID) values ('44 River Drive Malden MA 02148', '31');
insert into Cafe_Location (Location, CafeID) values ('77 Cherry Street Boston MA 02108', '6');
insert into Cafe_Location (Location, CafeID) values ('21 Cedar Road Framingham MA 01701', '38');
insert into Cafe_Location (Location, CafeID) values ('32 Riverfront Avenue Medford MA 02155', '13');
insert into Cafe_Location (Location, CafeID) values ('8 Hillcrest Drive Salem MA 01970', '8');
insert into Cafe_Location (Location, CafeID) values ('21 Cedar Road Framingham MA 01701', '34');
insert into Cafe_Location (Location, CafeID) values ('88 Elmwood Avenue Lowell MA 01851', '5');
insert into Cafe_Location (Location, CafeID) values ('50 Forest Lane Haverhill MA 01830', '39');
insert into Cafe_Location (Location, CafeID) values ('30 Sunset Boulevard Newton MA 02458', '20');
insert into Cafe_Location (Location, CafeID) values ('19 Maple Street Lynn MA 01905', '4');
insert into Cafe_Location (Location, CafeID) values ('9 Grove Avenue Haverhill MA 01830', '40');
insert into Cafe_Location (Location, CafeID) values ('88 Elmwood Avenue Lowell MA 01851', '18');
insert into Cafe_Location (Location, CafeID) values ('29 Sunset Road Lynn MA 01905', '2');
insert into Cafe_Location (Location, CafeID) values ('10 Oakwood Drive Worcester MA 01608', '36');
insert into Cafe_Location (Location, CafeID) values ('29 Sunset Road Lynn MA 01905', '7');
insert into Cafe_Location (Location, CafeID) values ('25 Highland Drive Attleboro MA 02703', '27');
insert into Cafe_Location (Location, CafeID) values ('33 Cedar Drive Somerville MA 02143', '35');
insert into Cafe_Location (Location, CafeID) values ('77 Sunset Road Springfield MA 01113', '17');
insert into Cafe_Location (Location, CafeID) values ('55 Elmwood Terrace Quincy MA 02169', '25');
insert into Cafe_Location (Location, CafeID) values ('36 Highland Avenue Waltham MA 02451', '21');
insert into Cafe_Location (Location, CafeID) values ('32 Riverfront Avenue Medford MA 02155', '10');
insert into Cafe_Location (Location, CafeID) values ('5 Park Avenue Medford MA 02155', '12');
insert into Cafe_Location (Location, CafeID) values ('32 Riverfront Avenue Medford MA 02155', '33');
insert into Cafe_Location (Location, CafeID) values ('30 Sunset Boulevard Newton MA 02458', '29');
insert into Cafe_Location (Location, CafeID) values ('7 Hillside Drive Peabody MA 01960', '16');
insert into Cafe_Location (Location, CafeID) values ('32 Riverfront Avenue Medford MA 02155', '37');
insert into Cafe_Location (Location, CafeID) values ('8 Oak Lane Salem MA 01970', '11');
insert into Cafe_Location (Location, CafeID) values ('12 Birchwood Lane Lowell MA 01851', '26');
insert into Cafe_Location (Location, CafeID) values ('7 Hillside Drive Peabody MA 01960', '24');
insert into Cafe_Location (Location, CafeID) values ('32 Riverfront Avenue Medford MA 02155', '1');
insert into Cafe_Location (Location, CafeID) values ('3 Spring Street Gloucester MA 01930', '23');
insert into Cafe_Location (Location, CafeID) values ('29 Sunset Road Lynn MA 01905', '3');
insert into Cafe_Location (Location, CafeID) values ('29 Sunset Road Lynn MA 01905', '32');
insert into Cafe_Location (Location, CafeID) values ('16 Birchwood Lane Newton MA 02458', '21');
insert into Cafe_Location (Location, CafeID) values ('23 Pine Lane Springfield MA 01113', '7');
insert into Cafe_Location (Location, CafeID) values ('14 Grove Street Taunton MA 02780', '40');
insert into Cafe_Location (Location, CafeID) values ('12 Elm Lane Everett MA 02149', '37');
insert into Cafe_Location (Location, CafeID) values ('14 Oakwood Drive Worcester MA', '36');
insert into Cafe_Location (Location, CafeID) values ('42 Maple Road Quincy MA 02169', '18');
insert into Cafe_Location (Location, CafeID) values ('66 Prospect Avenue Revere MA 02151', '20');
insert into Cafe_Location (Location, CafeID) values ('88 Elmwood Avenue Lowell MA 01851', '5');
insert into Cafe_Location (Location, CafeID) values ('50 Forest Lane Haverhill MA 01830', '13');
insert into Cafe_Location (Location, CafeID) values ('10 Oakwood Drive Worcester MA 01608', '26');
insert into Cafe_Location (Location, CafeID) values ('42 Maple Road Quincy MA 02169', '3');
insert into Cafe_Location (Location, CafeID) values ('7 Hillside Drive Peabody MA 01960', '17');
insert into Cafe_Location (Location, CafeID) values ('32 Riverfront Avenue Medford MA 02155', '1');
insert into Cafe_Location (Location, CafeID) values ('3 Spring Street Gloucester MA 01930', '25');
insert into Cafe_Location (Location, CafeID) values ('30 Sunset Boulevard Newton MA 02458', '8');
insert into Cafe_Location (Location, CafeID) values ('55 Walnut Avenue Cambridge MA 02138', '35');
insert into Cafe_Location (Location, CafeID) values ('3 Spring Street Gloucester MA 01930', '9');
insert into Cafe_Location (Location, CafeID) values ('44 River Drive Malden MA 02148', '29');
insert into Cafe_Location (Location, CafeID) values ('12 Elm Lane Everett MA 02149', '30');
insert into Cafe_Location (Location, CafeID) values ('16 Birchwood Lane Newton MA 02458', '2');
insert into Cafe_Location (Location, CafeID) values ('7 Hillside Drive Peabody MA 01960', '39');
insert into Cafe_Location (Location, CafeID) values ('17 Oak Street Brookline MA 02445', '27');
insert into Cafe_Location (Location, CafeID) values ('33 Cedar Drive Somerville MA 02143', '22');
insert into Cafe_Location (Location, CafeID) values ('12 Birchwood Lane Lowell MA 01851', '28');
insert into Cafe_Location (Location, CafeID) values ('30 Sunset Boulevard Newton MA 02458', '23');
insert into Cafe_Location (Location, CafeID) values ('42 Maple Road Quincy MA 02169', '16');
insert into Cafe_Location (Location, CafeID) values ('14 Oakwood Drive Worcester MA', '11');
insert into Cafe_Location (Location, CafeID) values ('77 Cherry Street Boston MA 02108', '14');
insert into Cafe_Location (Location, CafeID) values ('16 Birchwood Lane Newton MA 02458', '19');
insert into Cafe_Location (Location, CafeID) values ('9 Grove Avenue Haverhill MA 01830', '15');
insert into Cafe_Location (Location, CafeID) values ('19 Maple Street Lynn MA 01905', '38');
insert into Cafe_Location (Location, CafeID) values ('9 Grove Avenue Haverhill MA 01830', '34');
insert into Cafe_Location (Location, CafeID) values ('10 Oakwood Drive Worcester MA 01608', '24');
insert into Cafe_Location (Location, CafeID) values ('36 Highland Avenue Waltham MA 02451', '33');
insert into Cafe_Location (Location, CafeID) values ('14 Oakwood Drive Worcester MA', '12');
insert into Cafe_Location (Location, CafeID) values ('33 Cedar Drive Somerville MA 02143', '31');
insert into Cafe_Location (Location, CafeID) values ('88 Elmwood Avenue Lowell MA 01851', '6');
insert into Cafe_Location (Location, CafeID) values ('5 Park Avenue Medford MA 02155', '10');
insert into Cafe_Location (Location, CafeID) values ('33 Cedar Drive Somerville MA 02143', '32');
insert into Cafe_Location (Location, CafeID) values ('23 Pine Lane Springfield MA 01113', '4');

/* Destination */

insert into Destination  (Address , Street, Zipcode, City, State, Distance, Proximity) values ('67890 Elm Court Springfield MA 67890', 'Aspen Place', 54321, 'Cambridge', 'Massachusetts', 9256, 'medium');
insert into Destination  (Address , Street, Zipcode, City, State, Distance, Proximity) values ('45678 Birch Road Lowell MA 45678', 'Willow Lane', 23456, 'Newton', 'Massachusetts', 11452, 'medium');
insert into Destination  (Address , Street, Zipcode, City, State, Distance, Proximity) values ('12345 Cedar Way Boston MA 12345', 'Aspen Place', 67890, 'Newton', 'Massachusetts', 10918, 'medium');
insert into Destination  (Address , Street, Zipcode, City, State, Distance, Proximity) values ('23456 Elm Court Quincy MA 23456', 'Birch Road', 87654, 'Newton', 'Massachusetts', 11292, 'medium');
insert into Destination  (Address , Street, Zipcode, City, State, Distance, Proximity) values ('78901 Maplewood Lane Newton MA 78901', 'Sycamore Circle', 34567, 'Brockton', 'Massachusetts', 5364, 'long');
insert into Destination  (Address , Street, Zipcode, City, State, Distance, Proximity) values ('12345 Elmwood Way Boston MA 12345', 'Birch Road', 34567, 'Lynn', 'Massachusetts', 8485, 'long');
insert into Destination  (Address , Street, Zipcode, City, State, Distance, Proximity) values ('87654 Cedarwood Lane Brockton MA 87654', 'Oak Drive', 45678, 'Worcester', 'Massachusetts', 6399, 'long');
insert into Destination  (Address , Street, Zipcode, City, State, Distance, Proximity) values ('45678 Cedarwood Avenue Lowell MA 45678', 'Pine Court', 54321, 'Cambridge', 'Massachusetts', 6487, 'medium');
insert into Destination  (Address , Street, Zipcode, City, State, Distance, Proximity) values ('87654 Cedarwood Court Brockton MA 87654', 'Elm Way', 12345, 'Lowell', 'Massachusetts', 7553, 'long');
insert into Destination  (Address , Street, Zipcode, City, State, Distance, Proximity) values ('67890 Elmwood Avenue Springfield MA 67890', 'Elm Way', 12345, 'Quincy', 'Massachusetts', 1311, 'long');
insert into Destination  (Address , Street, Zipcode, City, State, Distance, Proximity) values ('12345 Elmwood Drive Boston MA 12345', 'Cedar Avenue', 78901, 'Quincy', 'Massachusetts', 12279, 'long');
insert into Destination  (Address , Street, Zipcode, City, State, Distance, Proximity) values ('21098 Cedar Avenue Lynn MA 21098', 'Cedar Avenue', 12345, 'Springfield', 'Massachusetts', 2604, 'long');
insert into Destination  (Address , Street, Zipcode, City, State, Distance, Proximity) values ('23456 Elmwood Lane Quincy MA 23456', 'Sycamore Circle', 67890, 'Boston', 'Massachusetts', 9418, 'medium');
insert into Destination  (Address , Street, Zipcode, City, State, Distance, Proximity) values ('12345 Elmwood Terrace Boston MA 12345', 'Cedar Avenue', 78901, 'Boston', 'Massachusetts', 208, 'long');
insert into Destination  (Address , Street, Zipcode, City, State, Distance, Proximity) values ('34567 Pine Avenue Somerville MA 34567', 'Sycamore Circle', 78901, 'Newton', 'Massachusetts', 6345, 'medium');
insert into Destination  (Address , Street, Zipcode, City, State, Distance, Proximity) values ('54321 Oakwood Lane Cambridge MA 54321', 'Willow Lane', 87654, 'Springfield', 'Massachusetts', 2095, 'short');
insert into Destination  (Address , Street, Zipcode, City, State, Distance, Proximity) values ('34567 Pine Terrace Somerville MA 34567', 'Pine Court', 34567, 'Somerville', 'Massachusetts', 10810, 'short');
insert into Destination  (Address , Street, Zipcode, City, State, Distance, Proximity) values ('23456 Elmwood Way Quincy MA 23456', 'Sycamore Circle', 34567, 'Quincy', 'Massachusetts', 10256, 'long');
insert into Destination  (Address , Street, Zipcode, City, State, Distance, Proximity) values ('78901 Maplewood Lane Newton MA 78901', 'Oak Drive', 98765, 'Lynn', 'Massachusetts', 9514, 'long');
insert into Destination  (Address , Street, Zipcode, City, State, Distance, Proximity) values ('34567 Pine Way Somerville MA 34567', 'Maple Street', 23456, 'Brockton', 'Massachusetts', 1033, 'long');
insert into Destination  (Address , Street, Zipcode, City, State, Distance, Proximity) values ('23456 Elmwood Avenue Quincy MA 23456', 'Maple Street', 34567, 'Lynn', 'Massachusetts', 556, 'long');
insert into Destination  (Address , Street, Zipcode, City, State, Distance, Proximity) values ('21098 Oakwood Way Lynn MA 21098', 'Aspen Place', 98765, 'Brockton', 'Massachusetts', 8180, 'long');
insert into Destination  (Address , Street, Zipcode, City, State, Distance, Proximity) values ('12345 Elm Drive Boston MA 12345', 'Elm Way', 34567, 'Quincy', 'Massachusetts', 12907, 'short');
insert into Destination  (Address , Street, Zipcode, City, State, Distance, Proximity) values ('21098 Oak Avenue Lynn MA 21098', 'Oak Drive', 45678, 'Somerville', 'Massachusetts', 8567, 'short');
insert into Destination  (Address , Street, Zipcode, City, State, Distance, Proximity) values ('98765 Pinewood Lane Worcester MA 98765', 'Oak Drive', 98765, 'Lynn', 'Massachusetts', 6523, 'short');
insert into Destination  (Address , Street, Zipcode, City, State, Distance, Proximity) values ('45678 Birchwood Lane Lowell MA 45678', 'Birch Road', 45678, 'Cambridge', 'Massachusetts', 11754, 'medium');
insert into Destination  (Address , Street, Zipcode, City, State, Distance, Proximity) values ('78901 Maplewood Lane Newton MA 78901', 'Maple Street', 12345, 'Cambridge', 'Massachusetts', 7434, 'short');
insert into Destination  (Address , Street, Zipcode, City, State, Distance, Proximity) values ('45678 Elmwood Court Lowell MA 45678', 'Oak Drive', 98765, 'Lowell', 'Massachusetts', 3335, 'long');
insert into Destination  (Address , Street, Zipcode, City, State, Distance, Proximity) values ('67890 Elm Court Springfield MA 67890', 'Pine Court', 12345, 'Brockton', 'Massachusetts', 11810, 'short');
insert into Destination  (Address , Street, Zipcode, City, State, Distance, Proximity) values ('67890 Oakwood Drive Springfield MA 67890', 'Elm Way', 21098, 'Cambridge', 'Massachusetts', 10563, 'short');
insert into Destination  (Address , Street, Zipcode, City, State, Distance, Proximity) values ('34567 Pine Way Somerville MA 34567', 'Willow Lane', 54321, 'Quincy', 'Massachusetts', 10185, 'short');
insert into Destination  (Address , Street, Zipcode, City, State, Distance, Proximity) values ('78901 Maple Drive Newton MA 78901', 'Birch Road', 54321, 'Newton', 'Massachusetts', 132, 'short');
insert into Destination  (Address , Street, Zipcode, City, State, Distance, Proximity) values ('87654 Cedarwood Drive Brockton MA 87654', 'Oak Drive', 98765, 'Quincy', 'Massachusetts', 8795, 'short');
insert into Destination  (Address , Street, Zipcode, City, State, Distance, Proximity) values ('78901 Maplewood Drive Newton MA 78901', 'Pine Court', 34567, 'Worcester', 'Massachusetts', 104, 'medium');
insert into Destination  (Address , Street, Zipcode, City, State, Distance, Proximity) values ('54321 Cedar Avenue Cambridge MA 54321', 'Pine Court', 98765, 'Somerville', 'Massachusetts', 8831, 'short');
insert into Destination  (Address , Street, Zipcode, City, State, Distance, Proximity) values ('78901 Maple Drive Newton MA 78901', 'Cedar Avenue', 78901, 'Boston', 'Massachusetts', 2485, 'long');
insert into Destination  (Address , Street, Zipcode, City, State, Distance, Proximity) values ('54321 Oak Lane Cambridge MA 54321', 'Aspen Place', 45678, 'Somerville', 'Massachusetts', 1256, 'medium');
insert into Destination  (Address , Street, Zipcode, City, State, Distance, Proximity) values ('23456 Birchwood Avenue Quincy MA 23456', 'Hickory Lane', 45678, 'Lowell', 'Massachusetts', 5187, 'medium');
insert into Destination  (Address , Street, Zipcode, City, State, Distance, Proximity) values ('54321 Oakwood Lane Cambridge MA 54321', 'Elm Way', 45678, 'Boston', 'Massachusetts', 11431, 'short');
insert into Destination  (Address , Street, Zipcode, City, State, Distance, Proximity) values ('78901 Aspen Place Newton MA 78901', 'Pine Court', 54321, 'Worcester', 'Massachusetts', 12380, 'medium');
insert into Destination  (Address , Street, Zipcode, City, State, Distance, Proximity) values ('87654 Cedarwood Court Brockton MA 87654', 'Cedar Avenue', 98765, 'Lowell', 'Massachusetts', 4099, 'short');
insert into Destination  (Address , Street, Zipcode, City, State, Distance, Proximity) values ('87654 Maplewood Drive Brockton MA 87654', 'Oak Drive', 23456, 'Newton', 'Massachusetts', 11973, 'short');
insert into Destination  (Address , Street, Zipcode, City, State, Distance, Proximity) values ('23456 Birchwood Avenue Quincy MA 23456', 'Elm Way', 54321, 'Newton', 'Massachusetts', 7706, 'medium');
insert into Destination  (Address , Street, Zipcode, City, State, Distance, Proximity) values ('34567 Elm Court Somerville MA 34567', 'Oak Drive', 12345, 'Lynn', 'Massachusetts', 10712, 'long');
insert into Destination  (Address , Street, Zipcode, City, State, Distance, Proximity) values ('12345 Elmwood Lane Boston MA 12345', 'Hickory Lane', 12345, 'Somerville', 'Massachusetts', 5975, 'long');
insert into Destination  (Address , Street, Zipcode, City, State, Distance, Proximity) values ('12345 Elmwood Drive Boston MA 12345', 'Cedar Avenue', 98765, 'Cambridge', 'Massachusetts', 7353, 'long');
insert into Destination  (Address , Street, Zipcode, City, State, Distance, Proximity) values ('87654 Cedarwood Lane Brockton MA 87654', 'Birch Road', 23456, 'Lowell', 'Massachusetts', 10645, 'short');
insert into Destination  (Address , Street, Zipcode, City, State, Distance, Proximity) values ('78901 Maplewood Drive Newton MA 78901', 'Oak Drive', 54321, 'Brockton', 'Massachusetts', 12986, 'medium');
insert into Destination  (Address , Street, Zipcode, City, State, Distance, Proximity) values ('12345 Elmwood Lane Boston MA 12345', 'Sycamore Circle', 12345, 'Quincy', 'Massachusetts', 6153, 'medium');
insert into Destination  (Address , Street, Zipcode, City, State, Distance, Proximity) values ('87654 Cedar Lane Brockton MA 87654', 'Pine Court', 45678, 'Brockton', 'Massachusetts', 7869, 'short');
insert into Destination  (Address , Street, Zipcode, City, State, Distance, Proximity) values ('45678 Cedar Lane Lowell MA 45678', 'Willow Lane', 54321, 'Cambridge', 'Massachusetts', 12918, 'medium');
insert into Destination  (Address , Street, Zipcode, City, State, Distance, Proximity) values ('23456 Birch Avenue Quincy MA 23456', 'Elm Way', 98765, 'Springfield', 'Massachusetts', 12008, 'short');
insert into Destination  (Address , Street, Zipcode, City, State, Distance, Proximity) values ('34567 Pine Avenue Somerville MA 34567', 'Elm Way', 54321, 'Lowell', 'Massachusetts', 489, 'medium');
insert into Destination  (Address , Street, Zipcode, City, State, Distance, Proximity) values ('45678 Cedarwood Lane Lowell MA 45678', 'Birch Road', 23456, 'Newton', 'Massachusetts', 1451, 'long');
insert into Destination  (Address , Street, Zipcode, City, State, Distance, Proximity) values ('21098 Oakwood Lane Lynn MA 21098', 'Pine Court', 23456, 'Lowell', 'Massachusetts', 4635, 'medium');
insert into Destination  (Address , Street, Zipcode, City, State, Distance, Proximity) values ('67890 Elmwood Avenue Springfield MA 67890', 'Sycamore Circle', 67890, 'Brockton', 'Massachusetts', 10771, 'medium');
insert into Destination  (Address , Street, Zipcode, City, State, Distance, Proximity) values ('12345 Elmwood Drive Boston MA 12345', 'Pine Court', 87654, 'Worcester', 'Massachusetts', 5650, 'long');
insert into Destination  (Address , Street, Zipcode, City, State, Distance, Proximity) values ('67890 Elmwood Lane Springfield MA 67890', 'Pine Court', 21098, 'Lowell', 'Massachusetts', 8704, 'long');
insert into Destination  (Address , Street, Zipcode, City, State, Distance, Proximity) values ('23456 Elmwood Lane Quincy MA 23456', 'Pine Court', 87654, 'Boston', 'Massachusetts', 2753, 'medium');
insert into Destination  (Address , Street, Zipcode, City, State, Distance, Proximity) values ('23456 Birchwood Avenue Quincy MA 23456', 'Sycamore Circle', 54321, 'Somerville', 'Massachusetts', 3536, 'medium');

/* Destination_to_Transportation */

insert into Destination_to_Transportation  (TransportationID, Address) values ('294', null);
insert into Destination_to_Transportation  (TransportationID, Address) values ('74', null);
insert into Destination_to_Transportation  (TransportationID, Address) values ('114', null);
insert into Destination_to_Transportation  (TransportationID, Address) values ('353', null);
insert into Destination_to_Transportation  (TransportationID, Address) values ('342', null);
insert into Destination_to_Transportation  (TransportationID, Address) values ('876', null);
insert into Destination_to_Transportation  (TransportationID, Address) values ('984', null);
insert into Destination_to_Transportation  (TransportationID, Address) values ('750', null);
insert into Destination_to_Transportation  (TransportationID, Address) values ('756', null);
insert into Destination_to_Transportation  (TransportationID, Address) values ('59', null);
insert into Destination_to_Transportation  (TransportationID, Address) values ('558', null);
insert into Destination_to_Transportation  (TransportationID, Address) values ('814', null);
insert into Destination_to_Transportation  (TransportationID, Address) values ('113', null);
insert into Destination_to_Transportation  (TransportationID, Address) values ('316', null);
insert into Destination_to_Transportation  (TransportationID, Address) values ('954', null);
insert into Destination_to_Transportation  (TransportationID, Address) values ('857', null);
insert into Destination_to_Transportation  (TransportationID, Address) values ('528', null);
insert into Destination_to_Transportation  (TransportationID, Address) values ('997', null);
insert into Destination_to_Transportation  (TransportationID, Address) values ('220', null);
insert into Destination_to_Transportation  (TransportationID, Address) values ('843', null);
insert into Destination_to_Transportation  (TransportationID, Address) values ('837', null);
insert into Destination_to_Transportation  (TransportationID, Address) values ('291', null);
insert into Destination_to_Transportation  (TransportationID, Address) values ('990', null);
insert into Destination_to_Transportation  (TransportationID, Address) values ('237', null);
insert into Destination_to_Transportation  (TransportationID, Address) values ('221', null);
insert into Destination_to_Transportation  (TransportationID, Address) values ('198', null);
insert into Destination_to_Transportation  (TransportationID, Address) values ('218', null);
insert into Destination_to_Transportation  (TransportationID, Address) values ('885', null);
insert into Destination_to_Transportation  (TransportationID, Address) values ('724', null);
insert into Destination_to_Transportation  (TransportationID, Address) values ('659', null);
insert into Destination_to_Transportation  (TransportationID, Address) values ('860', null);
insert into Destination_to_Transportation  (TransportationID, Address) values ('726', null);
insert into Destination_to_Transportation  (TransportationID, Address) values ('378', null);
insert into Destination_to_Transportation  (TransportationID, Address) values ('234', null);
insert into Destination_to_Transportation  (TransportationID, Address) values ('96', null);
insert into Destination_to_Transportation  (TransportationID, Address) values ('598', null);
insert into Destination_to_Transportation  (TransportationID, Address) values ('443', null);
insert into Destination_to_Transportation  (TransportationID, Address) values ('701', null);
insert into Destination_to_Transportation  (TransportationID, Address) values ('574', null);
insert into Destination_to_Transportation  (TransportationID, Address) values ('993', null);
insert into Destination_to_Transportation  (TransportationID, Address) values ('418', null);
insert into Destination_to_Transportation  (TransportationID, Address) values ('516', null);
insert into Destination_to_Transportation  (TransportationID, Address) values ('874', null);
insert into Destination_to_Transportation  (TransportationID, Address) values ('430', null);
insert into Destination_to_Transportation  (TransportationID, Address) values ('931', null);
insert into Destination_to_Transportation  (TransportationID, Address) values ('212', null);
insert into Destination_to_Transportation  (TransportationID, Address) values ('7', null);
insert into Destination_to_Transportation  (TransportationID, Address) values ('61', null);
insert into Destination_to_Transportation  (TransportationID, Address) values ('896', null);
insert into Destination_to_Transportation  (TransportationID, Address) values ('758', null);
insert into Destination_to_Transportation  (TransportationID, Address) values ('42', null);
insert into Destination_to_Transportation  (TransportationID, Address) values ('943', null);
insert into Destination_to_Transportation  (TransportationID, Address) values ('792', null);
insert into Destination_to_Transportation  (TransportationID, Address) values ('132', null);
insert into Destination_to_Transportation  (TransportationID, Address) values ('877', null);
insert into Destination_to_Transportation  (TransportationID, Address) values ('788', null);
insert into Destination_to_Transportation  (TransportationID, Address) values ('928', null);
insert into Destination_to_Transportation  (TransportationID, Address) values ('487', null);
insert into Destination_to_Transportation  (TransportationID, Address) values ('550', null);
insert into Destination_to_Transportation  (TransportationID, Address) values ('620', null);
insert into Destination_to_Transportation  (TransportationID, Address) values ('847', null);
insert into Destination_to_Transportation  (TransportationID, Address) values ('631', null);
insert into Destination_to_Transportation  (TransportationID, Address) values ('811', null);
insert into Destination_to_Transportation  (TransportationID, Address) values ('626', null);
insert into Destination_to_Transportation  (TransportationID, Address) values ('974', null);
insert into Destination_to_Transportation  (TransportationID, Address) values ('35', null);
insert into Destination_to_Transportation  (TransportationID, Address) values ('365', null);
insert into Destination_to_Transportation  (TransportationID, Address) values ('892', null);
insert into Destination_to_Transportation  (TransportationID, Address) values ('775', null);
insert into Destination_to_Transportation  (TransportationID, Address) values ('203', null);
insert into Destination_to_Transportation  (TransportationID, Address) values ('840', null);
insert into Destination_to_Transportation  (TransportationID, Address) values ('741', null);
insert into Destination_to_Transportation  (TransportationID, Address) values ('559', null);
insert into Destination_to_Transportation  (TransportationID, Address) values ('323', null);
insert into Destination_to_Transportation  (TransportationID, Address) values ('176', null);
insert into Destination_to_Transportation  (TransportationID, Address) values ('966', null);
insert into Destination_to_Transportation  (TransportationID, Address) values ('228', null);
insert into Destination_to_Transportation  (TransportationID, Address) values ('249', null);
insert into Destination_to_Transportation  (TransportationID, Address) values ('92', null);
insert into Destination_to_Transportation  (TransportationID, Address) values ('439', null);
insert into Destination_to_Transportation  (TransportationID, Address) values ('65', null);
insert into Destination_to_Transportation  (TransportationID, Address) values ('596', null);
insert into Destination_to_Transportation  (TransportationID, Address) values ('362', null);
insert into Destination_to_Transportation  (TransportationID, Address) values ('328', null);
insert into Destination_to_Transportation  (TransportationID, Address) values ('305', null);
insert into Destination_to_Transportation  (TransportationID, Address) values ('267', null);
insert into Destination_to_Transportation  (TransportationID, Address) values ('79', null);
insert into Destination_to_Transportation  (TransportationID, Address) values ('556', null);
insert into Destination_to_Transportation  (TransportationID, Address) values ('819', null);
insert into Destination_to_Transportation  (TransportationID, Address) values ('569', null);
insert into Destination_to_Transportation  (TransportationID, Address) values ('91', null);
insert into Destination_to_Transportation  (TransportationID, Address) values ('356', null);
insert into Destination_to_Transportation  (TransportationID, Address) values ('858', null);
insert into Destination_to_Transportation  (TransportationID, Address) values ('547', null);
insert into Destination_to_Transportation  (TransportationID, Address) values ('423', null);
insert into Destination_to_Transportation  (TransportationID, Address) values ('747', null);
insert into Destination_to_Transportation  (TransportationID, Address) values ('179', null);
insert into Destination_to_Transportation  (TransportationID, Address) values ('731', null);
insert into Destination_to_Transportation  (TransportationID, Address) values ('100', null);
insert into Destination_to_Transportation  (TransportationID, Address) values ('108', null);
insert into Destination_to_Transportation  (TransportationID, Address) values ('521', null);
insert into Destination_to_Transportation  (TransportationID, Address) values ('209', null);
insert into Destination_to_Transportation  (TransportationID, Address) values ('872', null);
insert into Destination_to_Transportation  (TransportationID, Address) values ('145', null);
insert into Destination_to_Transportation  (TransportationID, Address) values ('578', null);
insert into Destination_to_Transportation  (TransportationID, Address) values ('408', null);
insert into Destination_to_Transportation  (TransportationID, Address) values ('248', null);
insert into Destination_to_Transportation  (TransportationID, Address) values ('85', null);
insert into Destination_to_Transportation  (TransportationID, Address) values ('310', null);
insert into Destination_to_Transportation  (TransportationID, Address) values ('647', null);
insert into Destination_to_Transportation  (TransportationID, Address) values ('850', null);
insert into Destination_to_Transportation  (TransportationID, Address) values ('397', null);
insert into Destination_to_Transportation  (TransportationID, Address) values ('269', null);
insert into Destination_to_Transportation  (TransportationID, Address) values ('777', null);
insert into Destination_to_Transportation  (TransportationID, Address) values ('196', null);
insert into Destination_to_Transportation  (TransportationID, Address) values ('11', null);
insert into Destination_to_Transportation  (TransportationID, Address) values ('338', null);
insert into Destination_to_Transportation  (TransportationID, Address) values ('159', null);
insert into Destination_to_Transportation  (TransportationID, Address) values ('864', null);
insert into Destination_to_Transportation  (TransportationID, Address) values ('575', null);
insert into Destination_to_Transportation  (TransportationID, Address) values ('869', null);
insert into Destination_to_Transportation  (TransportationID, Address) values ('89', null);
insert into Destination_to_Transportation  (TransportationID, Address) values ('388', null);
insert into Destination_to_Transportation  (TransportationID, Address) values ('780', null);
insert into Destination_to_Transportation  (TransportationID, Address) values ('417', null);
insert into Destination_to_Transportation  (TransportationID, Address) values ('999', null);
insert into Destination_to_Transportation  (TransportationID, Address) values ('73', null);
insert into Destination_to_Transportation  (TransportationID, Address) values ('88', null);
insert into Destination_to_Transportation  (TransportationID, Address) values ('118', null);
insert into Destination_to_Transportation  (TransportationID, Address) values ('293', null);
insert into Destination_to_Transportation  (TransportationID, Address) values ('821', null);
insert into Destination_to_Transportation  (TransportationID, Address) values ('478', null);
insert into Destination_to_Transportation  (TransportationID, Address) values ('314', null);
insert into Destination_to_Transportation  (TransportationID, Address) values ('832', null);
insert into Destination_to_Transportation  (TransportationID, Address) values ('404', null);
insert into Destination_to_Transportation  (TransportationID, Address) values ('14', null);
insert into Destination_to_Transportation  (TransportationID, Address) values ('962', null);
insert into Destination_to_Transportation  (TransportationID, Address) values ('542', null);
insert into Destination_to_Transportation  (TransportationID, Address) values ('501', null);
insert into Destination_to_Transportation  (TransportationID, Address) values ('588', null);
insert into Destination_to_Transportation  (TransportationID, Address) values ('965', null);
insert into Destination_to_Transportation  (TransportationID, Address) values ('664', null);
insert into Destination_to_Transportation  (TransportationID, Address) values ('907', null);
insert into Destination_to_Transportation  (TransportationID, Address) values ('689', null);
insert into Destination_to_Transportation  (TransportationID, Address) values ('914', null);
insert into Destination_to_Transportation  (TransportationID, Address) values ('441', null);
insert into Destination_to_Transportation  (TransportationID, Address) values ('940', null);
insert into Destination_to_Transportation  (TransportationID, Address) values ('543', null);
insert into Destination_to_Transportation  (TransportationID, Address) values ('62', null);
insert into Destination_to_Transportation  (TransportationID, Address) values ('121', null);
insert into Destination_to_Transportation  (TransportationID, Address) values ('602', null);
insert into Destination_to_Transportation  (TransportationID, Address) values ('532', null);
insert into Destination_to_Transportation  (TransportationID, Address) values ('856', null);
insert into Destination_to_Transportation  (TransportationID, Address) values ('26', null);
insert into Destination_to_Transportation  (TransportationID, Address) values ('399', null);
insert into Destination_to_Transportation  (TransportationID, Address) values ('734', null);
insert into Destination_to_Transportation  (TransportationID, Address) values ('649', null);
insert into Destination_to_Transportation  (TransportationID, Address) values ('634', null);
insert into Destination_to_Transportation  (TransportationID, Address) values ('891', null);
insert into Destination_to_Transportation  (TransportationID, Address) values ('386', null);
insert into Destination_to_Transportation  (TransportationID, Address) values ('705', null);
insert into Destination_to_Transportation  (TransportationID, Address) values ('629', null);
insert into Destination_to_Transportation  (TransportationID, Address) values ('358', null);
insert into Destination_to_Transportation  (TransportationID, Address) values ('989', null);
insert into Destination_to_Transportation  (TransportationID, Address) values ('633', null);
insert into Destination_to_Transportation  (TransportationID, Address) values ('742', null);
insert into Destination_to_Transportation  (TransportationID, Address) values ('457', null);
insert into Destination_to_Transportation  (TransportationID, Address) values ('98', null);
insert into Destination_to_Transportation  (TransportationID, Address) values ('785', null);
insert into Destination_to_Transportation  (TransportationID, Address) values ('259', null);
insert into Destination_to_Transportation  (TransportationID, Address) values ('214', null);
insert into Destination_to_Transportation  (TransportationID, Address) values ('270', null);
insert into Destination_to_Transportation  (TransportationID, Address) values ('421', null);
insert into Destination_to_Transportation  (TransportationID, Address) values ('752', null);
insert into Destination_to_Transportation  (TransportationID, Address) values ('137', null);
insert into Destination_to_Transportation  (TransportationID, Address) values ('116', null);
insert into Destination_to_Transportation  (TransportationID, Address) values ('905', null);
insert into Destination_to_Transportation  (TransportationID, Address) values ('992', null);
insert into Destination_to_Transportation  (TransportationID, Address) values ('678', null);
insert into Destination_to_Transportation  (TransportationID, Address) values ('327', null);
insert into Destination_to_Transportation  (TransportationID, Address) values ('55', null);
insert into Destination_to_Transportation  (TransportationID, Address) values ('169', null);
insert into Destination_to_Transportation  (TransportationID, Address) values ('335', null);
insert into Destination_to_Transportation  (TransportationID, Address) values ('957', null);
insert into Destination_to_Transportation  (TransportationID, Address) values ('219', null);
insert into Destination_to_Transportation  (TransportationID, Address) values ('117', null);
insert into Destination_to_Transportation  (TransportationID, Address) values ('751', null);
insert into Destination_to_Transportation  (TransportationID, Address) values ('235', null);
insert into Destination_to_Transportation  (TransportationID, Address) values ('104', null);
insert into Destination_to_Transportation  (TransportationID, Address) values ('652', null);
insert into Destination_to_Transportation  (TransportationID, Address) values ('149', null);
insert into Destination_to_Transportation  (TransportationID, Address) values ('786', null);
insert into Destination_to_Transportation  (TransportationID, Address) values ('706', null);
insert into Destination_to_Transportation  (TransportationID, Address) values ('241', null);
insert into Destination_to_Transportation  (TransportationID, Address) values ('466', null);
insert into Destination_to_Transportation  (TransportationID, Address) values ('424', null);
insert into Destination_to_Transportation  (TransportationID, Address) values ('923', null);
insert into Destination_to_Transportation  (TransportationID, Address) values ('981', null);
insert into Destination_to_Transportation  (TransportationID, Address) values ('133', null);
insert into Destination_to_Transportation  (TransportationID, Address) values ('366', null);

/* GroupAct */

insert into GroupAct (Group_Type_ID, Number_of_Friends, Group_Budget, UserID, ActivityID) values (1, 1, 47, '12', '8');
insert into GroupAct (Group_Type_ID, Number_of_Friends, Group_Budget, UserID, ActivityID) values (2, 2, 248, '25', '8');
insert into GroupAct (Group_Type_ID, Number_of_Friends, Group_Budget, UserID, ActivityID) values (3, 3, 90, '6', '8');
insert into GroupAct (Group_Type_ID, Number_of_Friends, Group_Budget, UserID, ActivityID) values (4, 6, 386, '26', '8');
insert into GroupAct (Group_Type_ID, Number_of_Friends, Group_Budget, UserID, ActivityID) values (5, 6, 173, '1', '8');
insert into GroupAct (Group_Type_ID, Number_of_Friends, Group_Budget, UserID, ActivityID) values (6, 9, 305, '24', '8');
insert into GroupAct (Group_Type_ID, Number_of_Friends, Group_Budget, UserID, ActivityID) values (7, 4, 246, '33', '8');
insert into GroupAct (Group_Type_ID, Number_of_Friends, Group_Budget, UserID, ActivityID) values (8, 6, 104, '2', '8');
insert into GroupAct (Group_Type_ID, Number_of_Friends, Group_Budget, UserID, ActivityID) values (9, 3, 99, '32', '8');
insert into GroupAct (Group_Type_ID, Number_of_Friends, Group_Budget, UserID, ActivityID) values (10, 3, 432, '7', '8');
insert into GroupAct (Group_Type_ID, Number_of_Friends, Group_Budget, UserID, ActivityID) values (11, 4, 191, '13', '8');
insert into GroupAct (Group_Type_ID, Number_of_Friends, Group_Budget, UserID, ActivityID) values (12, 2, 73, '28', '8');
insert into GroupAct (Group_Type_ID, Number_of_Friends, Group_Budget, UserID, ActivityID) values (13, 10, 233, '14', '8');
insert into GroupAct (Group_Type_ID, Number_of_Friends, Group_Budget, UserID, ActivityID) values (14, 9, 178, '18', '8');
insert into GroupAct (Group_Type_ID, Number_of_Friends, Group_Budget, UserID, ActivityID) values (15, 7, 120, '23', '8');
insert into GroupAct (Group_Type_ID, Number_of_Friends, Group_Budget, UserID, ActivityID) values (16, 8, 224, '16', '8');
insert into GroupAct (Group_Type_ID, Number_of_Friends, Group_Budget, UserID, ActivityID) values (17, 7, 125, '22', '8');
insert into GroupAct (Group_Type_ID, Number_of_Friends, Group_Budget, UserID, ActivityID) values (18, 8, 122, '20', '8');
insert into GroupAct (Group_Type_ID, Number_of_Friends, Group_Budget, UserID, ActivityID) values (19, 3, 399, '11', '8');
insert into GroupAct (Group_Type_ID, Number_of_Friends, Group_Budget, UserID, ActivityID) values (20, 7, 473, '3', '8');
insert into GroupAct (Group_Type_ID, Number_of_Friends, Group_Budget, UserID, ActivityID) values (21, 2, 222, '17', '8');
insert into GroupAct (Group_Type_ID, Number_of_Friends, Group_Budget, UserID, ActivityID) values (22, 3, 120, '8', '8');
insert into GroupAct (Group_Type_ID, Number_of_Friends, Group_Budget, UserID, ActivityID) values (23, 4, 428, '5', '8');
insert into GroupAct (Group_Type_ID, Number_of_Friends, Group_Budget, UserID, ActivityID) values (24, 5, 244, '34', '8');
insert into GroupAct (Group_Type_ID, Number_of_Friends, Group_Budget, UserID, ActivityID) values (25, 8, 206, '15', '8');
insert into GroupAct (Group_Type_ID, Number_of_Friends, Group_Budget, UserID, ActivityID) values (26, 6, 98, '35', '8');
insert into GroupAct (Group_Type_ID, Number_of_Friends, Group_Budget, UserID, ActivityID) values (27, 10, 24, '10', '8');
insert into GroupAct (Group_Type_ID, Number_of_Friends, Group_Budget, UserID, ActivityID) values (28, 5, 407, '31', '8');
insert into GroupAct (Group_Type_ID, Number_of_Friends, Group_Budget, UserID, ActivityID) values (29, 4, 189, '27', '8');
insert into GroupAct (Group_Type_ID, Number_of_Friends, Group_Budget, UserID, ActivityID) values (30, 3, 209, '29', '8');
insert into GroupAct (Group_Type_ID, Number_of_Friends, Group_Budget, UserID, ActivityID) values (31, 3, 201, '19', '8');
insert into GroupAct (Group_Type_ID, Number_of_Friends, Group_Budget, UserID, ActivityID) values (32, 8, 6, '9', '8');
insert into GroupAct (Group_Type_ID, Number_of_Friends, Group_Budget, UserID, ActivityID) values (33, 8, 289, '21', '8');
insert into GroupAct (Group_Type_ID, Number_of_Friends, Group_Budget, UserID, ActivityID) values (34, 1, 120, '30', '8');
insert into GroupAct (Group_Type_ID, Number_of_Friends, Group_Budget, UserID, ActivityID) values (35, 10, 417, '4', '8');
insert into GroupAct (Group_Type_ID, Number_of_Friends, Group_Budget, UserID, ActivityID) values (36, 5, 332, '22', '8');
insert into GroupAct (Group_Type_ID, Number_of_Friends, Group_Budget, UserID, ActivityID) values (37, 1, 358, '24', '8');
insert into GroupAct (Group_Type_ID, Number_of_Friends, Group_Budget, UserID, ActivityID) values (38, 3, 264, '14', '8');
insert into GroupAct (Group_Type_ID, Number_of_Friends, Group_Budget, UserID, ActivityID) values (39, 9, 157, '10', '8');
insert into GroupAct (Group_Type_ID, Number_of_Friends, Group_Budget, UserID, ActivityID) values (40, 8, 50, '32', '8');
insert into GroupAct (Group_Type_ID, Number_of_Friends, Group_Budget, UserID, ActivityID) values (41, 8, 424, '21', '8');
insert into GroupAct (Group_Type_ID, Number_of_Friends, Group_Budget, UserID, ActivityID) values (42, 4, 193, '7', '8');
insert into GroupAct (Group_Type_ID, Number_of_Friends, Group_Budget, UserID, ActivityID) values (43, 4, 168, '15', '8');
insert into GroupAct (Group_Type_ID, Number_of_Friends, Group_Budget, UserID, ActivityID) values (44, 2, 496, '4', '8');
insert into GroupAct (Group_Type_ID, Number_of_Friends, Group_Budget, UserID, ActivityID) values (45, 4, 291, '28', '8');
insert into GroupAct (Group_Type_ID, Number_of_Friends, Group_Budget, UserID, ActivityID) values (46, 1, 21, '11', '8');
insert into GroupAct (Group_Type_ID, Number_of_Friends, Group_Budget, UserID, ActivityID) values (47, 3, 149, '12', '8');
insert into GroupAct (Group_Type_ID, Number_of_Friends, Group_Budget, UserID, ActivityID) values (48, 1, 24, '34', '8');
insert into GroupAct (Group_Type_ID, Number_of_Friends, Group_Budget, UserID, ActivityID) values (49, 4, 476, '6', '8');
insert into GroupAct (Group_Type_ID, Number_of_Friends, Group_Budget, UserID, ActivityID) values (50, 7, 54, '26', '8');
insert into GroupAct (Group_Type_ID, Number_of_Friends, Group_Budget, UserID, ActivityID) values (51, 3, 315, '9', '8');
insert into GroupAct (Group_Type_ID, Number_of_Friends, Group_Budget, UserID, ActivityID) values (52, 3, 305, '20', '8');
insert into GroupAct (Group_Type_ID, Number_of_Friends, Group_Budget, UserID, ActivityID) values (53, 1, 106, '16', '8');
insert into GroupAct (Group_Type_ID, Number_of_Friends, Group_Budget, UserID, ActivityID) values (54, 9, 309, '18', '8');
insert into GroupAct (Group_Type_ID, Number_of_Friends, Group_Budget, UserID, ActivityID) values (55, 9, 265, '2', '8');
insert into GroupAct (Group_Type_ID, Number_of_Friends, Group_Budget, UserID, ActivityID) values (56, 9, 462, '23', '8');
insert into GroupAct (Group_Type_ID, Number_of_Friends, Group_Budget, UserID, ActivityID) values (57, 9, 277, '29', '8');
insert into GroupAct (Group_Type_ID, Number_of_Friends, Group_Budget, UserID, ActivityID) values (58, 7, 22, '17', '8');
insert into GroupAct (Group_Type_ID, Number_of_Friends, Group_Budget, UserID, ActivityID) values (59, 4, 286, '25', '8');
insert into GroupAct (Group_Type_ID, Number_of_Friends, Group_Budget, UserID, ActivityID) values (60, 8, 235, '5', '8');

/* Group_Meeting */
insert into Group_Meeting (Meeting_Time, Group_Type_ID) values ('5:18 PM', null);
insert into Group_Meeting (Meeting_Time, Group_Type_ID) values ('11:09 PM', null);
insert into Group_Meeting (Meeting_Time, Group_Type_ID) values ('1:07 PM', null);
insert into Group_Meeting (Meeting_Time, Group_Type_ID) values ('10:44 AM', null);
insert into Group_Meeting (Meeting_Time, Group_Type_ID) values ('10:08 AM', null);
insert into Group_Meeting (Meeting_Time, Group_Type_ID) values ('7:02 PM', null);
insert into Group_Meeting (Meeting_Time, Group_Type_ID) values ('2:30 PM', null);
insert into Group_Meeting (Meeting_Time, Group_Type_ID) values ('9:33 AM', null);
insert into Group_Meeting (Meeting_Time, Group_Type_ID) values ('11:40 PM', null);
insert into Group_Meeting (Meeting_Time, Group_Type_ID) values ('10:34 PM', null);
insert into Group_Meeting (Meeting_Time, Group_Type_ID) values ('1:17 PM', null);
insert into Group_Meeting (Meeting_Time, Group_Type_ID) values ('7:54 PM', null);
insert into Group_Meeting (Meeting_Time, Group_Type_ID) values ('5:21 AM', null);
insert into Group_Meeting (Meeting_Time, Group_Type_ID) values ('3:19 AM', null);
insert into Group_Meeting (Meeting_Time, Group_Type_ID) values ('10:04 AM', null);
insert into Group_Meeting (Meeting_Time, Group_Type_ID) values ('8:16 AM', null);
insert into Group_Meeting (Meeting_Time, Group_Type_ID) values ('10:08 AM', null);
insert into Group_Meeting (Meeting_Time, Group_Type_ID) values ('8:38 PM', null);
insert into Group_Meeting (Meeting_Time, Group_Type_ID) values ('10:46 AM', null);
insert into Group_Meeting (Meeting_Time, Group_Type_ID) values ('12:07 AM', null);
insert into Group_Meeting (Meeting_Time, Group_Type_ID) values ('8:01 PM', null);
insert into Group_Meeting (Meeting_Time, Group_Type_ID) values ('8:59 PM', null);
insert into Group_Meeting (Meeting_Time, Group_Type_ID) values ('1:24 PM', null);
insert into Group_Meeting (Meeting_Time, Group_Type_ID) values ('6:37 PM', null);
insert into Group_Meeting (Meeting_Time, Group_Type_ID) values ('8:27 PM', null);
insert into Group_Meeting (Meeting_Time, Group_Type_ID) values ('2:42 PM', null);
insert into Group_Meeting (Meeting_Time, Group_Type_ID) values ('9:26 AM', null);
insert into Group_Meeting (Meeting_Time, Group_Type_ID) values ('1:21 AM', null);
insert into Group_Meeting (Meeting_Time, Group_Type_ID) values ('4:46 AM', null);
insert into Group_Meeting (Meeting_Time, Group_Type_ID) values ('8:18 PM', null);
insert into Group_Meeting (Meeting_Time, Group_Type_ID) values ('1:39 PM', null);
insert into Group_Meeting (Meeting_Time, Group_Type_ID) values ('5:51 PM', null);
insert into Group_Meeting (Meeting_Time, Group_Type_ID) values ('4:54 PM', null);
insert into Group_Meeting (Meeting_Time, Group_Type_ID) values ('5:44 AM', null);
insert into Group_Meeting (Meeting_Time, Group_Type_ID) values ('3:48 AM', null);
insert into Group_Meeting (Meeting_Time, Group_Type_ID) values ('10:39 PM', null);
insert into Group_Meeting (Meeting_Time, Group_Type_ID) values ('8:00 PM', null);
insert into Group_Meeting (Meeting_Time, Group_Type_ID) values ('6:56 PM', null);
insert into Group_Meeting (Meeting_Time, Group_Type_ID) values ('11:41 PM', null);
insert into Group_Meeting (Meeting_Time, Group_Type_ID) values ('11:46 AM', null);
insert into Group_Meeting (Meeting_Time, Group_Type_ID) values ('5:01 PM', null);
insert into Group_Meeting (Meeting_Time, Group_Type_ID) values ('7:48 PM', null);
insert into Group_Meeting (Meeting_Time, Group_Type_ID) values ('3:27 PM', null);
insert into Group_Meeting (Meeting_Time, Group_Type_ID) values ('5:08 AM', null);
insert into Group_Meeting (Meeting_Time, Group_Type_ID) values ('3:46 AM', null);
insert into Group_Meeting (Meeting_Time, Group_Type_ID) values ('5:35 AM', null);
insert into Group_Meeting (Meeting_Time, Group_Type_ID) values ('1:07 PM', null);
insert into Group_Meeting (Meeting_Time, Group_Type_ID) values ('9:24 AM', null);
insert into Group_Meeting (Meeting_Time, Group_Type_ID) values ('3:27 AM', null);
insert into Group_Meeting (Meeting_Time, Group_Type_ID) values ('3:21 AM', null);
insert into Group_Meeting (Meeting_Time, Group_Type_ID) values ('7:39 PM', null);
insert into Group_Meeting (Meeting_Time, Group_Type_ID) values ('2:06 AM', null);
insert into Group_Meeting (Meeting_Time, Group_Type_ID) values ('11:15 PM', null);
insert into Group_Meeting (Meeting_Time, Group_Type_ID) values ('6:50 AM', null);
insert into Group_Meeting (Meeting_Time, Group_Type_ID) values ('8:30 AM', null);
insert into Group_Meeting (Meeting_Time, Group_Type_ID) values ('11:09 PM', null);
insert into Group_Meeting (Meeting_Time, Group_Type_ID) values ('4:42 AM', null);
insert into Group_Meeting (Meeting_Time, Group_Type_ID) values ('1:07 AM', null);
insert into Group_Meeting (Meeting_Time, Group_Type_ID) values ('3:20 AM', null);
insert into Group_Meeting (Meeting_Time, Group_Type_ID) values ('1:41 AM', null);
insert into Group_Meeting (Meeting_Time, Group_Type_ID) values ('6:56 PM', null);
insert into Group_Meeting (Meeting_Time, Group_Type_ID) values ('10:53 PM', null);
insert into Group_Meeting (Meeting_Time, Group_Type_ID) values ('2:58 AM', null);
insert into Group_Meeting (Meeting_Time, Group_Type_ID) values ('1:11 AM', null);
insert into Group_Meeting (Meeting_Time, Group_Type_ID) values ('11:30 AM', null);
insert into Group_Meeting (Meeting_Time, Group_Type_ID) values ('10:06 PM', null);
insert into Group_Meeting (Meeting_Time, Group_Type_ID) values ('7:06 AM', null);
insert into Group_Meeting (Meeting_Time, Group_Type_ID) values ('12:02 PM', null);
insert into Group_Meeting (Meeting_Time, Group_Type_ID) values ('1:27 AM', null);
insert into Group_Meeting (Meeting_Time, Group_Type_ID) values ('7:00 AM', null);
insert into Group_Meeting (Meeting_Time, Group_Type_ID) values ('8:02 PM', null);
insert into Group_Meeting (Meeting_Time, Group_Type_ID) values ('9:31 AM', null);
insert into Group_Meeting (Meeting_Time, Group_Type_ID) values ('10:07 PM', null);
insert into Group_Meeting (Meeting_Time, Group_Type_ID) values ('6:31 PM', null);
insert into Group_Meeting (Meeting_Time, Group_Type_ID) values ('11:30 AM', null);
insert into Group_Meeting (Meeting_Time, Group_Type_ID) values ('10:28 PM', null);
insert into Group_Meeting (Meeting_Time, Group_Type_ID) values ('8:50 AM', null);
insert into Group_Meeting (Meeting_Time, Group_Type_ID) values ('9:50 AM', null);
insert into Group_Meeting (Meeting_Time, Group_Type_ID) values ('3:45 AM', null);
insert into Group_Meeting (Meeting_Time, Group_Type_ID) values ('9:24 AM', null);
insert into Group_Meeting (Meeting_Time, Group_Type_ID) values ('6:55 AM', null);
insert into Group_Meeting (Meeting_Time, Group_Type_ID) values ('11:55 AM', null);
insert into Group_Meeting (Meeting_Time, Group_Type_ID) values ('2:38 AM', null);
insert into Group_Meeting (Meeting_Time, Group_Type_ID) values ('6:39 AM', null);
insert into Group_Meeting (Meeting_Time, Group_Type_ID) values ('7:08 PM', null);
insert into Group_Meeting (Meeting_Time, Group_Type_ID) values ('4:52 PM', null);
insert into Group_Meeting (Meeting_Time, Group_Type_ID) values ('12:43 AM', null);
insert into Group_Meeting (Meeting_Time, Group_Type_ID) values ('2:05 PM', null);
insert into Group_Meeting (Meeting_Time, Group_Type_ID) values ('5:39 AM', null);
insert into Group_Meeting (Meeting_Time, Group_Type_ID) values ('8:17 PM', null);
insert into Group_Meeting (Meeting_Time, Group_Type_ID) values ('9:25 PM', null);
insert into Group_Meeting (Meeting_Time, Group_Type_ID) values ('1:18 PM', null);
insert into Group_Meeting (Meeting_Time, Group_Type_ID) values ('12:18 AM', null);
insert into Group_Meeting (Meeting_Time, Group_Type_ID) values ('5:46 AM', null);
insert into Group_Meeting (Meeting_Time, Group_Type_ID) values ('10:57 PM', null);
insert into Group_Meeting (Meeting_Time, Group_Type_ID) values ('9:22 PM', null);
insert into Group_Meeting (Meeting_Time, Group_Type_ID) values ('8:30 AM', null);
insert into Group_Meeting (Meeting_Time, Group_Type_ID) values ('6:36 AM', null);
insert into Group_Meeting (Meeting_Time, Group_Type_ID) values ('3:20 PM', null);
insert into Group_Meeting (Meeting_Time, Group_Type_ID) values ('4:27 PM', null);
insert into Group_Meeting (Meeting_Time, Group_Type_ID) values ('7:27 PM', null);
insert into Group_Meeting (Meeting_Time, Group_Type_ID) values ('2:04 AM', null);
insert into Group_Meeting (Meeting_Time, Group_Type_ID) values ('8:41 AM', null);
insert into Group_Meeting (Meeting_Time, Group_Type_ID) values ('3:29 AM', null);
insert into Group_Meeting (Meeting_Time, Group_Type_ID) values ('2:36 AM', null);
insert into Group_Meeting (Meeting_Time, Group_Type_ID) values ('4:58 PM', null);
insert into Group_Meeting (Meeting_Time, Group_Type_ID) values ('2:03 PM', null);
insert into Group_Meeting (Meeting_Time, Group_Type_ID) values ('7:29 PM', null);
insert into Group_Meeting (Meeting_Time, Group_Type_ID) values ('11:35 PM', null);
insert into Group_Meeting (Meeting_Time, Group_Type_ID) values ('12:00 AM', null);
insert into Group_Meeting (Meeting_Time, Group_Type_ID) values ('8:15 AM', null);
insert into Group_Meeting (Meeting_Time, Group_Type_ID) values ('1:01 AM', null);
insert into Group_Meeting (Meeting_Time, Group_Type_ID) values ('7:04 AM', null);
insert into Group_Meeting (Meeting_Time, Group_Type_ID) values ('10:21 PM', null);
insert into Group_Meeting (Meeting_Time, Group_Type_ID) values ('2:28 PM', null);
insert into Group_Meeting (Meeting_Time, Group_Type_ID) values ('5:48 AM', null);
insert into Group_Meeting (Meeting_Time, Group_Type_ID) values ('7:27 AM', null);
insert into Group_Meeting (Meeting_Time, Group_Type_ID) values ('9:51 AM', null);
insert into Group_Meeting (Meeting_Time, Group_Type_ID) values ('1:31 PM', null);
insert into Group_Meeting (Meeting_Time, Group_Type_ID) values ('5:00 PM', null);
insert into Group_Meeting (Meeting_Time, Group_Type_ID) values ('1:10 AM', null);
insert into Group_Meeting (Meeting_Time, Group_Type_ID) values ('1:25 AM', null);
insert into Group_Meeting (Meeting_Time, Group_Type_ID) values ('12:07 PM', null);
insert into Group_Meeting (Meeting_Time, Group_Type_ID) values ('2:03 PM', null);
insert into Group_Meeting (Meeting_Time, Group_Type_ID) values ('5:38 AM', null);
insert into Group_Meeting (Meeting_Time, Group_Type_ID) values ('1:41 PM', null);
insert into Group_Meeting (Meeting_Time, Group_Type_ID) values ('7:09 AM', null);
insert into Group_Meeting (Meeting_Time, Group_Type_ID) values ('2:59 AM', null);
insert into Group_Meeting (Meeting_Time, Group_Type_ID) values ('2:02 AM', null);
insert into Group_Meeting (Meeting_Time, Group_Type_ID) values ('8:29 AM', null);
insert into Group_Meeting (Meeting_Time, Group_Type_ID) values ('3:02 AM', null);
insert into Group_Meeting (Meeting_Time, Group_Type_ID) values ('10:45 PM', null);
insert into Group_Meeting (Meeting_Time, Group_Type_ID) values ('5:00 AM', null);
insert into Group_Meeting (Meeting_Time, Group_Type_ID) values ('5:33 PM', null);
insert into Group_Meeting (Meeting_Time, Group_Type_ID) values ('5:46 PM', null);
insert into Group_Meeting (Meeting_Time, Group_Type_ID) values ('1:55 AM', null);
insert into Group_Meeting (Meeting_Time, Group_Type_ID) values ('4:02 PM', null);
insert into Group_Meeting (Meeting_Time, Group_Type_ID) values ('5:03 AM', null);
insert into Group_Meeting (Meeting_Time, Group_Type_ID) values ('4:24 PM', null);
insert into Group_Meeting (Meeting_Time, Group_Type_ID) values ('8:03 AM', null);
insert into Group_Meeting (Meeting_Time, Group_Type_ID) values ('10:08 PM', null);
insert into Group_Meeting (Meeting_Time, Group_Type_ID) values ('11:33 PM', null);
insert into Group_Meeting (Meeting_Time, Group_Type_ID) values ('2:35 AM', null);
insert into Group_Meeting (Meeting_Time, Group_Type_ID) values ('6:01 AM', null);
insert into Group_Meeting (Meeting_Time, Group_Type_ID) values ('5:05 PM', null);
insert into Group_Meeting (Meeting_Time, Group_Type_ID) values ('11:25 PM', null);
insert into Group_Meeting (Meeting_Time, Group_Type_ID) values ('2:42 AM', null);
insert into Group_Meeting (Meeting_Time, Group_Type_ID) values ('4:26 PM', null);
insert into Group_Meeting (Meeting_Time, Group_Type_ID) values ('3:10 AM', null);
insert into Group_Meeting (Meeting_Time, Group_Type_ID) values ('1:17 PM', null);
insert into Group_Meeting (Meeting_Time, Group_Type_ID) values ('12:25 AM', null);
insert into Group_Meeting (Meeting_Time, Group_Type_ID) values ('11:42 AM', null);
insert into Group_Meeting (Meeting_Time, Group_Type_ID) values ('9:34 PM', null);
insert into Group_Meeting (Meeting_Time, Group_Type_ID) values ('1:23 PM', null);
insert into Group_Meeting (Meeting_Time, Group_Type_ID) values ('11:17 PM', null);
insert into Group_Meeting (Meeting_Time, Group_Type_ID) values ('11:00 PM', null);
insert into Group_Meeting (Meeting_Time, Group_Type_ID) values ('8:52 PM', null);
insert into Group_Meeting (Meeting_Time, Group_Type_ID) values ('1:50 PM', null);
insert into Group_Meeting (Meeting_Time, Group_Type_ID) values ('6:31 PM', null);
insert into Group_Meeting (Meeting_Time, Group_Type_ID) values ('6:55 PM', null);
insert into Group_Meeting (Meeting_Time, Group_Type_ID) values ('6:29 AM', null);
insert into Group_Meeting (Meeting_Time, Group_Type_ID) values ('4:14 PM', null);
insert into Group_Meeting (Meeting_Time, Group_Type_ID) values ('8:27 PM', null);
insert into Group_Meeting (Meeting_Time, Group_Type_ID) values ('9:50 AM', null);
insert into Group_Meeting (Meeting_Time, Group_Type_ID) values ('2:07 PM', null);
insert into Group_Meeting (Meeting_Time, Group_Type_ID) values ('10:41 AM', null);
insert into Group_Meeting (Meeting_Time, Group_Type_ID) values ('6:25 AM', null);
insert into Group_Meeting (Meeting_Time, Group_Type_ID) values ('12:42 AM', null);
insert into Group_Meeting (Meeting_Time, Group_Type_ID) values ('5:05 PM', null);
insert into Group_Meeting (Meeting_Time, Group_Type_ID) values ('1:04 AM', null);
insert into Group_Meeting (Meeting_Time, Group_Type_ID) values ('3:08 PM', null);
insert into Group_Meeting (Meeting_Time, Group_Type_ID) values ('9:06 AM', null);
insert into Group_Meeting (Meeting_Time, Group_Type_ID) values ('6:58 PM', null);
insert into Group_Meeting (Meeting_Time, Group_Type_ID) values ('7:35 PM', null);
insert into Group_Meeting (Meeting_Time, Group_Type_ID) values ('4:50 AM', null);
insert into Group_Meeting (Meeting_Time, Group_Type_ID) values ('6:31 PM', null);
insert into Group_Meeting (Meeting_Time, Group_Type_ID) values ('2:01 PM', null);
insert into Group_Meeting (Meeting_Time, Group_Type_ID) values ('1:21 AM', null);
insert into Group_Meeting (Meeting_Time, Group_Type_ID) values ('1:39 AM', null);
insert into Group_Meeting (Meeting_Time, Group_Type_ID) values ('3:12 AM', null);
insert into Group_Meeting (Meeting_Time, Group_Type_ID) values ('12:53 PM', null);
insert into Group_Meeting (Meeting_Time, Group_Type_ID) values ('12:01 AM', null);
insert into Group_Meeting (Meeting_Time, Group_Type_ID) values ('1:29 PM', null);
insert into Group_Meeting (Meeting_Time, Group_Type_ID) values ('7:17 AM', null);
insert into Group_Meeting (Meeting_Time, Group_Type_ID) values ('5:54 AM', null);
insert into Group_Meeting (Meeting_Time, Group_Type_ID) values ('1:50 AM', null);
insert into Group_Meeting (Meeting_Time, Group_Type_ID) values ('9:09 PM', null);
insert into Group_Meeting (Meeting_Time, Group_Type_ID) values ('4:36 AM', null);
insert into Group_Meeting (Meeting_Time, Group_Type_ID) values ('9:09 PM', null);
insert into Group_Meeting (Meeting_Time, Group_Type_ID) values ('6:27 AM', null);
insert into Group_Meeting (Meeting_Time, Group_Type_ID) values ('10:39 PM', null);
insert into Group_Meeting (Meeting_Time, Group_Type_ID) values ('7:12 PM', null);
insert into Group_Meeting (Meeting_Time, Group_Type_ID) values ('7:17 AM', null);
insert into Group_Meeting (Meeting_Time, Group_Type_ID) values ('12:26 AM', null);
insert into Group_Meeting (Meeting_Time, Group_Type_ID) values ('10:05 AM', null);
insert into Group_Meeting (Meeting_Time, Group_Type_ID) values ('12:05 AM', null);
insert into Group_Meeting (Meeting_Time, Group_Type_ID) values ('1:14 PM', null);
insert into Group_Meeting (Meeting_Time, Group_Type_ID) values ('8:55 AM', null);
insert into Group_Meeting (Meeting_Time, Group_Type_ID) values ('11:05 PM', null);
insert into Group_Meeting (Meeting_Time, Group_Type_ID) values ('2:27 PM', null);

/* Shopping */

insert into Shopping (ShoppingID, Name, PriceTag, Shopping_Area_Size, OverallRating, ActivityTypeID) values (1, 'Town Center Plaza', '$$$$', 'small', 2, '4');
insert into Shopping (ShoppingID, Name, PriceTag, Shopping_Area_Size, OverallRating, ActivityTypeID) values (2, 'City Plaza', '$$$$$', 'big', 4, '4');
insert into Shopping (ShoppingID, Name, PriceTag, Shopping_Area_Size, OverallRating, ActivityTypeID) values (3, 'Metropolitan Mall', '$$$$', 'large', 2, '4');
insert into Shopping (ShoppingID, Name, PriceTag, Shopping_Area_Size, OverallRating, ActivityTypeID) values (4, 'City Plaza', '$$', 'large', 5, '4');
insert into Shopping (ShoppingID, Name, PriceTag, Shopping_Area_Size, OverallRating, ActivityTypeID) values (5, 'Spring Valley Shopping Centre', '$$$$$', 'big', 5, '4');
insert into Shopping (ShoppingID, Name, PriceTag, Shopping_Area_Size, OverallRating, ActivityTypeID) values (6, 'Fountain Square', '$$$', 'large', 5, '4');
insert into Shopping (ShoppingID, Name, PriceTag, Shopping_Area_Size, OverallRating, ActivityTypeID) values (7, 'Central Plaza', '$$$$$', 'large', 1, '4');
insert into Shopping (ShoppingID, Name, PriceTag, Shopping_Area_Size, OverallRating, ActivityTypeID) values (8, 'Fashion Square', '$$$$$', 'small', 2, '4');
insert into Shopping (ShoppingID, Name, PriceTag, Shopping_Area_Size, OverallRating, ActivityTypeID) values (9, 'Emerald City Mall', '$$$', 'big', 1, '4');
insert into Shopping (ShoppingID, Name, PriceTag, Shopping_Area_Size, OverallRating, ActivityTypeID) values (10, 'Magnolia Mall', '$$', 'small', 5, '4');
insert into Shopping (ShoppingID, Name, PriceTag, Shopping_Area_Size, OverallRating, ActivityTypeID) values (11, 'Crystal Gardens Mall', '$$$$', 'large', 3, '4');
insert into Shopping (ShoppingID, Name, PriceTag, Shopping_Area_Size, OverallRating, ActivityTypeID) values (12, 'Fountain Square', '$$$$$', 'large', 3, '4');
insert into Shopping (ShoppingID, Name, PriceTag, Shopping_Area_Size, OverallRating, ActivityTypeID) values (13, 'Meadowbrook Mall', '$$$$', 'small', 5, '4');
insert into Shopping (ShoppingID, Name, PriceTag, Shopping_Area_Size, OverallRating, ActivityTypeID) values (14, 'Grand Arcade', '$$$', 'big', 4, '4');
insert into Shopping (ShoppingID, Name, PriceTag, Shopping_Area_Size, OverallRating, ActivityTypeID) values (15, 'Fashion Square', '$$$$$', 'large', 3, '4');
insert into Shopping (ShoppingID, Name, PriceTag, Shopping_Area_Size, OverallRating, ActivityTypeID) values (16, 'Pacific Place', '$', 'large', 1, '4');
insert into Shopping (ShoppingID, Name, PriceTag, Shopping_Area_Size, OverallRating, ActivityTypeID) values (17, 'Lakeside Shopping Centre', '$$', 'large', 3, '4');
insert into Shopping (ShoppingID, Name, PriceTag, Shopping_Area_Size, OverallRating, ActivityTypeID) values (18, 'Crystal Gardens Mall', '$$$', 'large', 1, '4');
insert into Shopping (ShoppingID, Name, PriceTag, Shopping_Area_Size, OverallRating, ActivityTypeID) values (19, 'Maple Grove Mall', '$$$', 'big', 5, '4');
insert into Shopping (ShoppingID, Name, PriceTag, Shopping_Area_Size, OverallRating, ActivityTypeID) values (20, 'Crystal Gardens Mall', '$$$$', 'large', 5, '4');
insert into Shopping (ShoppingID, Name, PriceTag, Shopping_Area_Size, OverallRating, ActivityTypeID) values (21, 'Palm Springs Mall', '$', 'large', 5, '4');
insert into Shopping (ShoppingID, Name, PriceTag, Shopping_Area_Size, OverallRating, ActivityTypeID) values (22, 'Oasis Center', '$', 'large', 3, '4');
insert into Shopping (ShoppingID, Name, PriceTag, Shopping_Area_Size, OverallRating, ActivityTypeID) values (23, 'Maple Grove Mall', '$$$$', 'big', 3, '4');
insert into Shopping (ShoppingID, Name, PriceTag, Shopping_Area_Size, OverallRating, ActivityTypeID) values (24, 'Oasis Center', '$$', 'small', 5, '4');
insert into Shopping (ShoppingID, Name, PriceTag, Shopping_Area_Size, OverallRating, ActivityTypeID) values (25, 'City Plaza', '$', 'small', 3, '4');
insert into Shopping (ShoppingID, Name, PriceTag, Shopping_Area_Size, OverallRating, ActivityTypeID) values (26, 'Galaxy Mall', '$', 'big', 1, '4');
insert into Shopping (ShoppingID, Name, PriceTag, Shopping_Area_Size, OverallRating, ActivityTypeID) values (27, 'Palm Springs Mall', '$$', 'big', 1, '4');
insert into Shopping (ShoppingID, Name, PriceTag, Shopping_Area_Size, OverallRating, ActivityTypeID) values (28, 'Fashion Square', '$$$$$', 'large', 1, '4');
insert into Shopping (ShoppingID, Name, PriceTag, Shopping_Area_Size, OverallRating, ActivityTypeID) values (29, 'Southpoint Mall', '$$', 'large', 5, '4');
insert into Shopping (ShoppingID, Name, PriceTag, Shopping_Area_Size, OverallRating, ActivityTypeID) values (30, 'Lakeside Shopping Centre', '$$', 'big', 4, '4');
insert into Shopping (ShoppingID, Name, PriceTag, Shopping_Area_Size, OverallRating, ActivityTypeID) values (31, 'Fountain Square', '$', 'big', 5, '4');
insert into Shopping (ShoppingID, Name, PriceTag, Shopping_Area_Size, OverallRating, ActivityTypeID) values (32, 'Paradise Valley Mall', '$$$$', 'big', 3, '4');
insert into Shopping (ShoppingID, Name, PriceTag, Shopping_Area_Size, OverallRating, ActivityTypeID) values (33, 'Emerald City Mall', '$', 'big', 1, '4');
insert into Shopping (ShoppingID, Name, PriceTag, Shopping_Area_Size, OverallRating, ActivityTypeID) values (34, 'Summit Shopping Center', '$', 'large', 5, '4');
insert into Shopping (ShoppingID, Name, PriceTag, Shopping_Area_Size, OverallRating, ActivityTypeID) values (35, 'Crystal Gardens Mall', '$$', 'small', 4, '4');
insert into Shopping (ShoppingID, Name, PriceTag, Shopping_Area_Size, OverallRating, ActivityTypeID) values (36, 'Sunflower Plaza', '$$', 'big', 3, '4');
insert into Shopping (ShoppingID, Name, PriceTag, Shopping_Area_Size, OverallRating, ActivityTypeID) values (37, 'Oakwood Mall', '$$$$', 'small', 4, '4');
insert into Shopping (ShoppingID, Name, PriceTag, Shopping_Area_Size, OverallRating, ActivityTypeID) values (38, 'Central Plaza', '$', 'small', 4, '4');
insert into Shopping (ShoppingID, Name, PriceTag, Shopping_Area_Size, OverallRating, ActivityTypeID) values (39, 'Capital Mall', '$$$$$', 'small', 2, '4');
insert into Shopping (ShoppingID, Name, PriceTag, Shopping_Area_Size, OverallRating, ActivityTypeID) values (40, 'Silver Lake Mall', '$$', 'large', 3, '4');

/* Shopping_Location */
insert into Shopping_Location (Location, ShoppingID) values ('6868 Walnut Avenue', null);
insert into Shopping_Location (Location, ShoppingID) values ('6767 Pine Court', null);
insert into Shopping_Location (Location, ShoppingID) values ('18888 Hawthorn Street', null);
insert into Shopping_Location (Location, ShoppingID) values ('8888 Sycamore Drive', null);
insert into Shopping_Location (Location, ShoppingID) values ('2121 Birch Road', null);
insert into Shopping_Location (Location, ShoppingID) values ('202 Maple Drive', null);
insert into Shopping_Location (Location, ShoppingID) values ('12424 Pine Court', null);
insert into Shopping_Location (Location, ShoppingID) values ('18484 Willow Drive', null);
insert into Shopping_Location (Location, ShoppingID) values ('9191 Birch Road', null);
insert into Shopping_Location (Location, ShoppingID) values ('14040 Spruce Avenue', null);
insert into Shopping_Location (Location, ShoppingID) values ('3030 Chestnut Court', null);
insert into Shopping_Location (Location, ShoppingID) values ('16868 Spruce Avenue', null);
insert into Shopping_Location (Location, ShoppingID) values ('13434 Birch Court', null);
insert into Shopping_Location (Location, ShoppingID) values ('13838 Pine Road', null);
insert into Shopping_Location (Location, ShoppingID) values ('5454 Walnut Road', null);
insert into Shopping_Location (Location, ShoppingID) values ('11919 Cedar Court', null);
insert into Shopping_Location (Location, ShoppingID) values ('1313 Spruce Lane', null);
insert into Shopping_Location (Location, ShoppingID) values ('15252 Pine Court', null);
insert into Shopping_Location (Location, ShoppingID) values ('11818 Hawthorn Avenue', null);
insert into Shopping_Location (Location, ShoppingID) values ('1212 Walnut Road', null);
insert into Shopping_Location (Location, ShoppingID) values ('1414 Ash Avenue', null);
insert into Shopping_Location (Location, ShoppingID) values ('5555 Spruce Lane', null);
insert into Shopping_Location (Location, ShoppingID) values ('16868 Spruce Avenue', null);
insert into Shopping_Location (Location, ShoppingID) values ('19898 Willow Drive', null);
insert into Shopping_Location (Location, ShoppingID) values ('2323 Oak Street', null);
insert into Shopping_Location (Location, ShoppingID) values ('15757 Chestnut Court', null);
insert into Shopping_Location (Location, ShoppingID) values ('6363 Birch Road', null);
insert into Shopping_Location (Location, ShoppingID) values ('789 Oak Lane', null);
insert into Shopping_Location (Location, ShoppingID) values ('13939 Walnut Lane', null);
insert into Shopping_Location (Location, ShoppingID) values ('17878 Oak Street', null);
insert into Shopping_Location (Location, ShoppingID) values ('1717 Poplar Lane', null);
insert into Shopping_Location (Location, ShoppingID) values ('19595 Walnut Lane', null);
insert into Shopping_Location (Location, ShoppingID) values ('3030 Chestnut Court', null);
insert into Shopping_Location (Location, ShoppingID) values ('1818 Sycamore Drive', null);
insert into Shopping_Location (Location, ShoppingID) values ('1414 Ash Avenue', null);
insert into Shopping_Location (Location, ShoppingID) values ('4444 Chestnut Court', null);
insert into Shopping_Location (Location, ShoppingID) values ('8080 Maple Street', null);
insert into Shopping_Location (Location, ShoppingID) values ('4949 Birch Road', null);
insert into Shopping_Location (Location, ShoppingID) values ('16161 Cedar Drive', null);
insert into Shopping_Location (Location, ShoppingID) values ('17171 Chestnut Court', null);
insert into Shopping_Location (Location, ShoppingID) values ('5959 Poplar Lane', null);
insert into Shopping_Location (Location, ShoppingID) values ('16565 Maple Street', null);
insert into Shopping_Location (Location, ShoppingID) values ('4646 Sycamore Drive', null);
insert into Shopping_Location (Location, ShoppingID) values ('5757 Willow Street', null);
insert into Shopping_Location (Location, ShoppingID) values ('7878 Elm Avenue', null);
insert into Shopping_Location (Location, ShoppingID) values ('11515 Chestnut Court', null);
insert into Shopping_Location (Location, ShoppingID) values ('3232 Sycamore Lane', null);
insert into Shopping_Location (Location, ShoppingID) values ('3838 Maple Street', null);
insert into Shopping_Location (Location, ShoppingID) values ('19898 Willow Drive', null);
insert into Shopping_Location (Location, ShoppingID) values ('18686 Poplar Avenue', null);
insert into Shopping_Location (Location, ShoppingID) values ('2626 Walnut Avenue', null);
insert into Shopping_Location (Location, ShoppingID) values ('8888 Sycamore Drive', null);
insert into Shopping_Location (Location, ShoppingID) values ('18888 Hawthorn Street', null);
insert into Shopping_Location (Location, ShoppingID) values ('12929 Chestnut Court', null);
insert into Shopping_Location (Location, ShoppingID) values ('16565 Maple Street', null);
insert into Shopping_Location (Location, ShoppingID) values ('19999 Chestnut Court', null);
insert into Shopping_Location (Location, ShoppingID) values ('1919 Hawthorn Avenue', null);
insert into Shopping_Location (Location, ShoppingID) values ('16666 Pine Road', null);
insert into Shopping_Location (Location, ShoppingID) values ('3131 Poplar Avenue', null);
insert into Shopping_Location (Location, ShoppingID) values ('15050 Oak Street', null);
insert into Shopping_Location (Location, ShoppingID) values ('2525 Pine Court', null);
insert into Shopping_Location (Location, ShoppingID) values ('3737 Oak Lane', null);
insert into Shopping_Location (Location, ShoppingID) values ('14747 Cedar Court', null);
insert into Shopping_Location (Location, ShoppingID) values ('8686 Chestnut Court', null);
insert into Shopping_Location (Location, ShoppingID) values ('5959 Poplar Lane', null);
insert into Shopping_Location (Location, ShoppingID) values ('9797 Spruce Road', null);
insert into Shopping_Location (Location, ShoppingID) values ('9292 Elm Lane', null);
insert into Shopping_Location (Location, ShoppingID) values ('5353 Pine Court', null);
insert into Shopping_Location (Location, ShoppingID) values ('8787 Poplar Lane', null);
insert into Shopping_Location (Location, ShoppingID) values ('5353 Pine Court', null);
insert into Shopping_Location (Location, ShoppingID) values ('18787 Sycamore Lane', null);
insert into Shopping_Location (Location, ShoppingID) values ('13838 Pine Road', null);
insert into Shopping_Location (Location, ShoppingID) values ('333 Hawthorn Avenue', null);
insert into Shopping_Location (Location, ShoppingID) values ('10606 Birch Court', null);
insert into Shopping_Location (Location, ShoppingID) values ('13131 Sycamore Lane', null);
insert into Shopping_Location (Location, ShoppingID) values ('666 Elm Court', null);
insert into Shopping_Location (Location, ShoppingID) values ('1313 Spruce Lane', null);
insert into Shopping_Location (Location, ShoppingID) values ('606 Spruce Avenue', null);
insert into Shopping_Location (Location, ShoppingID) values ('8989 Hawthorn Avenue', null);
insert into Shopping_Location (Location, ShoppingID) values ('17373 Sycamore Drive', null);
insert into Shopping_Location (Location, ShoppingID) values ('1717 Poplar Lane', null);
insert into Shopping_Location (Location, ShoppingID) values ('5454 Walnut Road', null);
insert into Shopping_Location (Location, ShoppingID) values ('19898 Willow Drive', null);
insert into Shopping_Location (Location, ShoppingID) values ('13636 Oak Lane', null);
insert into Shopping_Location (Location, ShoppingID) values ('6868 Walnut Avenue', null);
insert into Shopping_Location (Location, ShoppingID) values ('13636 Oak Lane', null);
insert into Shopping_Location (Location, ShoppingID) values ('18383 Ash Lane', null);
insert into Shopping_Location (Location, ShoppingID) values ('6969 Spruce Road', null);
insert into Shopping_Location (Location, ShoppingID) values ('111 Poplar Lane', null);
insert into Shopping_Location (Location, ShoppingID) values ('7474 Sycamore Lane', null);
insert into Shopping_Location (Location, ShoppingID) values ('5252 Maple Drive', null);
insert into Shopping_Location (Location, ShoppingID) values ('5454 Walnut Road', null);
insert into Shopping_Location (Location, ShoppingID) values ('5050 Elm Lane', null);
insert into Shopping_Location (Location, ShoppingID) values ('6161 Hawthorn Avenue', null);
insert into Shopping_Location (Location, ShoppingID) values ('14747 Cedar Court', null);
insert into Shopping_Location (Location, ShoppingID) values ('7979 Oak Lane', null);
insert into Shopping_Location (Location, ShoppingID) values ('16767 Walnut Lane', null);
insert into Shopping_Location (Location, ShoppingID) values ('12424 Pine Court', null);
insert into Shopping_Location (Location, ShoppingID) values ('8686 Chestnut Court', null);
insert into Shopping_Location (Location, ShoppingID) values ('13333 Cedar Drive', null);
insert into Shopping_Location (Location, ShoppingID) values ('1515 Willow Street', null);
insert into Shopping_Location (Location, ShoppingID) values ('505 Walnut Lane', null);
insert into Shopping_Location (Location, ShoppingID) values ('16161 Cedar Drive', null);
insert into Shopping_Location (Location, ShoppingID) values ('3939 Pine Road', null);
insert into Shopping_Location (Location, ShoppingID) values ('7171 Willow Drive', null);
insert into Shopping_Location (Location, ShoppingID) values ('9494 Maple Drive', null);
insert into Shopping_Location (Location, ShoppingID) values ('2525 Pine Court', null);
insert into Shopping_Location (Location, ShoppingID) values ('123 Main Street', null);
insert into Shopping_Location (Location, ShoppingID) values ('5353 Pine Court', null);
insert into Shopping_Location (Location, ShoppingID) values ('9898 Ash Lane', null);
insert into Shopping_Location (Location, ShoppingID) values ('3333 Hawthorn Street', null);
insert into Shopping_Location (Location, ShoppingID) values ('14646 Hawthorn Avenue', null);
insert into Shopping_Location (Location, ShoppingID) values ('19292 Oak Lane', null);
insert into Shopping_Location (Location, ShoppingID) values ('777 Oak Drive', null);
insert into Shopping_Location (Location, ShoppingID) values ('8686 Chestnut Court', null);
insert into Shopping_Location (Location, ShoppingID) values ('8686 Chestnut Court', null);
insert into Shopping_Location (Location, ShoppingID) values ('11919 Cedar Court', null);
insert into Shopping_Location (Location, ShoppingID) values ('17373 Sycamore Drive', null);
insert into Shopping_Location (Location, ShoppingID) values ('505 Walnut Lane', null);
insert into Shopping_Location (Location, ShoppingID) values ('11313 Ash Street', null);
insert into Shopping_Location (Location, ShoppingID) values ('12020 Birch Road', null);
insert into Shopping_Location (Location, ShoppingID) values ('2020 Cedar Court', null);
insert into Shopping_Location (Location, ShoppingID) values ('13232 Hawthorn Street', null);
insert into Shopping_Location (Location, ShoppingID) values ('18181 Walnut Avenue', null);
insert into Shopping_Location (Location, ShoppingID) values ('808 Willow Drive', null);
insert into Shopping_Location (Location, ShoppingID) values ('16464 Oak Lane', null);
insert into Shopping_Location (Location, ShoppingID) values ('5959 Poplar Lane', null);
insert into Shopping_Location (Location, ShoppingID) values ('16363 Elm Avenue', null);
insert into Shopping_Location (Location, ShoppingID) values ('10707 Elm Avenue', null);
insert into Shopping_Location (Location, ShoppingID) values ('888 Maple Lane', null);
insert into Shopping_Location (Location, ShoppingID) values ('13636 Oak Lane', null);
insert into Shopping_Location (Location, ShoppingID) values ('2929 Willow Drive', null);
insert into Shopping_Location (Location, ShoppingID) values ('101 Pine Street', null);
insert into Shopping_Location (Location, ShoppingID) values ('4343 Willow Drive', null);
insert into Shopping_Location (Location, ShoppingID) values ('5656 Ash Avenue', null);
insert into Shopping_Location (Location, ShoppingID) values ('18181 Walnut Avenue', null);
insert into Shopping_Location (Location, ShoppingID) values ('11717 Sycamore Drive', null);
insert into Shopping_Location (Location, ShoppingID) values ('6262 Cedar Court', null);
insert into Shopping_Location (Location, ShoppingID) values ('3333 Hawthorn Street', null);
insert into Shopping_Location (Location, ShoppingID) values ('6767 Pine Court', null);
insert into Shopping_Location (Location, ShoppingID) values ('505 Walnut Lane', null);
insert into Shopping_Location (Location, ShoppingID) values ('18383 Ash Lane', null);
insert into Shopping_Location (Location, ShoppingID) values ('555 Birch Street', null);
insert into Shopping_Location (Location, ShoppingID) values ('7979 Oak Lane', null);
insert into Shopping_Location (Location, ShoppingID) values ('6767 Pine Court', null);
insert into Shopping_Location (Location, ShoppingID) values ('15757 Chestnut Court', null);
insert into Shopping_Location (Location, ShoppingID) values ('4242 Ash Street', null);
insert into Shopping_Location (Location, ShoppingID) values ('14848 Birch Road', null);
insert into Shopping_Location (Location, ShoppingID) values ('14747 Cedar Court', null);
insert into Shopping_Location (Location, ShoppingID) values ('333 Hawthorn Avenue', null);
insert into Shopping_Location (Location, ShoppingID) values ('19393 Maple Street', null);
insert into Shopping_Location (Location, ShoppingID) values ('4444 Chestnut Court', null);
insert into Shopping_Location (Location, ShoppingID) values ('16565 Maple Street', null);
insert into Shopping_Location (Location, ShoppingID) values ('303 Cedar Court', null);
insert into Shopping_Location (Location, ShoppingID) values ('13838 Pine Road', null);
insert into Shopping_Location (Location, ShoppingID) values ('12323 Maple Drive', null);
insert into Shopping_Location (Location, ShoppingID) values ('19696 Spruce Avenue', null);
insert into Shopping_Location (Location, ShoppingID) values ('15050 Oak Street', null);
insert into Shopping_Location (Location, ShoppingID) values ('7878 Elm Avenue', null);
insert into Shopping_Location (Location, ShoppingID) values ('19292 Oak Lane', null);
insert into Shopping_Location (Location, ShoppingID) values ('6060 Sycamore Drive', null);
insert into Shopping_Location (Location, ShoppingID) values ('6969 Spruce Road', null);
insert into Shopping_Location (Location, ShoppingID) values ('6464 Elm Lane', null);
insert into Shopping_Location (Location, ShoppingID) values ('3131 Poplar Avenue', null);
insert into Shopping_Location (Location, ShoppingID) values ('18888 Hawthorn Street', null);
insert into Shopping_Location (Location, ShoppingID) values ('18686 Poplar Avenue', null);
insert into Shopping_Location (Location, ShoppingID) values ('19595 Walnut Lane', null);
insert into Shopping_Location (Location, ShoppingID) values ('7878 Elm Avenue', null);
insert into Shopping_Location (Location, ShoppingID) values ('17979 Maple Drive', null);
insert into Shopping_Location (Location, ShoppingID) values ('5555 Spruce Lane', null);
insert into Shopping_Location (Location, ShoppingID) values ('3737 Oak Lane', null);
insert into Shopping_Location (Location, ShoppingID) values ('8383 Spruce Avenue', null);
insert into Shopping_Location (Location, ShoppingID) values ('101 Pine Street', null);
insert into Shopping_Location (Location, ShoppingID) values ('10101 Chestnut Court', null);
insert into Shopping_Location (Location, ShoppingID) values ('14141 Ash Street', null);
insert into Shopping_Location (Location, ShoppingID) values ('1515 Willow Street', null);
insert into Shopping_Location (Location, ShoppingID) values ('9696 Walnut Avenue', null);
insert into Shopping_Location (Location, ShoppingID) values ('5555 Spruce Lane', null);
insert into Shopping_Location (Location, ShoppingID) values ('9797 Spruce Road', null);
insert into Shopping_Location (Location, ShoppingID) values ('18181 Walnut Avenue', null);
insert into Shopping_Location (Location, ShoppingID) values ('4949 Birch Road', null);
insert into Shopping_Location (Location, ShoppingID) values ('8080 Maple Street', null);
insert into Shopping_Location (Location, ShoppingID) values ('12626 Spruce Road', null);
insert into Shopping_Location (Location, ShoppingID) values ('12828 Willow Drive', null);
insert into Shopping_Location (Location, ShoppingID) values ('808 Willow Drive', null);
insert into Shopping_Location (Location, ShoppingID) values ('6565 Oak Street', null);
insert into Shopping_Location (Location, ShoppingID) values ('15858 Poplar Avenue', null);
insert into Shopping_Location (Location, ShoppingID) values ('1313 Spruce Lane', null);
insert into Shopping_Location (Location, ShoppingID) values ('6868 Walnut Avenue', null);
insert into Shopping_Location (Location, ShoppingID) values ('6666 Maple Drive', null);
insert into Shopping_Location (Location, ShoppingID) values ('5353 Pine Court', null);
insert into Shopping_Location (Location, ShoppingID) values ('13535 Elm Avenue', null);
insert into Shopping_Location (Location, ShoppingID) values ('3737 Oak Lane', null);
insert into Shopping_Location (Location, ShoppingID) values ('17070 Willow Drive', null);
insert into Shopping_Location (Location, ShoppingID) values ('4040 Walnut Lane', null);
insert into Shopping_Location (Location, ShoppingID) values ('9191 Birch Road', null);
insert into Shopping_Location (Location, ShoppingID) values ('16666 Pine Road', null);
insert into Shopping_Location (Location, ShoppingID) values ('7070 Ash Lane', null);
insert into Shopping_Location (Location, ShoppingID) values ('4747 Hawthorn Avenue', null);
insert into Shopping_Location (Location, ShoppingID) values ('16969 Ash Street', null);

/* ArtMusemLocation */
insert into ArtMuseumsLocation (Location , ArtMuseumID) values ('69 Oakwood Avenue Revere MA 02151', '24');
insert into ArtMuseumsLocation (Location , ArtMuseumID) values ('16 Chestnut Avenue Holyoke MA 01040', '3');
insert into ArtMuseumsLocation (Location , ArtMuseumID) values ('19 Maplewood Drive Salem MA 01970', '31');
insert into ArtMuseumsLocation (Location , ArtMuseumID) values ('7 Riverfront Street Quincy MA 02169', '30');
insert into ArtMuseumsLocation (Location , ArtMuseumID) values ('33 Willow Street Somerville MA 02143', '8');
insert into ArtMuseumsLocation (Location , ArtMuseumID) values ('30 Elmwood Avenue Woburn MA 01801', '17');
insert into ArtMuseumsLocation (Location , ArtMuseumID) values ('12 Springdale Street Gloucester MA 01930', '14');
insert into ArtMuseumsLocation (Location , ArtMuseumID) values ('45 Cedar Road Quincy MA 02169', '15');
insert into ArtMuseumsLocation (Location , ArtMuseumID) values ('17 Prospect Avenue Agawam MA 01001', '9');
insert into ArtMuseumsLocation (Location , ArtMuseumID) values ('1 Spring Street Gloucester MA 01930', '16');
insert into ArtMuseumsLocation (Location , ArtMuseumID) values ('33 Willow Street Somerville MA 02143', '11');
insert into ArtMuseumsLocation (Location , ArtMuseumID) values ('10 Oakwood Terrace Medford MA 02155', '20');
insert into ArtMuseumsLocation (Location , ArtMuseumID) values ('15 Birchwood Drive Greenfield MA 01301', '19');
insert into ArtMuseumsLocation (Location , ArtMuseumID) values ('60 Elmwood Terrace Belmont MA 02478', '29');
insert into ArtMuseumsLocation (Location , ArtMuseumID) values ('1 Spring Street Gloucester MA 01930', '34');
insert into ArtMuseumsLocation (Location , ArtMuseumID) values ('8 Forest Street Framingham MA 01701', '7');
insert into ArtMuseumsLocation (Location , ArtMuseumID) values ('50 Sunset Boulevard Malden MA 02148', '32');
insert into ArtMuseumsLocation (Location , ArtMuseumID) values ('13 Walnut Street Westfield MA 01085', '35');
insert into ArtMuseumsLocation (Location , ArtMuseumID) values ('66 Chestnut Street Fall River MA 02720', '23');
insert into ArtMuseumsLocation (Location , ArtMuseumID) values ('25 Washington Street Haverhill MA 01830', '27');
insert into ArtMuseumsLocation (Location , ArtMuseumID) values ('36 Riverside Drive Chicopee MA 01013', '38');
insert into ArtMuseumsLocation (Location , ArtMuseumID) values ('36 Highland Drive Newton MA 02458', '18');
insert into ArtMuseumsLocation (Location , ArtMuseumID) values ('11 Hillcrest Avenue Fall River MA 02720', '2');
insert into ArtMuseumsLocation (Location , ArtMuseumID) values ('10 Oakwood Terrace Medford MA 02155', '12');
insert into ArtMuseumsLocation (Location , ArtMuseumID) values ('15 Birchwood Drive Greenfield MA 01301', '21');
insert into ArtMuseumsLocation (Location , ArtMuseumID) values ('22 Elm Street Leominster MA 01453', '39');
insert into ArtMuseumsLocation (Location , ArtMuseumID) values ('101 Oak Lane Cambridge MA 02138', '5');
insert into ArtMuseumsLocation (Location , ArtMuseumID) values ('17 Prospect Avenue Agawam MA 01001', '28');
insert into ArtMuseumsLocation (Location , ArtMuseumID) values ('33 Riverfront Street Fitchburg MA 01420', '40');
insert into ArtMuseumsLocation (Location , ArtMuseumID) values ('15 Birchwood Drive Greenfield MA 01301', '13');
insert into ArtMuseumsLocation (Location , ArtMuseumID) values ('6 Brookside Lane Westfield MA 01085', '4');
insert into ArtMuseumsLocation (Location , ArtMuseumID) values ('10 Oakwood Terrace Medford MA 02155', '26');
insert into ArtMuseumsLocation (Location , ArtMuseumID) values ('19 Lakeview Drive Barnstable MA 02630', '10');
insert into ArtMuseumsLocation (Location , ArtMuseumID) values ('22 Hillside Drive Northampton MA 01060', '25');
insert into ArtMuseumsLocation (Location , ArtMuseumID) values ('14 Elm Street Boston MA 02108', '36');
insert into ArtMuseumsLocation (Location , ArtMuseumID) values ('33 Elm Lane Worcester MA 01608', '22');
insert into ArtMuseumsLocation (Location , ArtMuseumID) values ('44 Riverside Road Braintree MA 02184', '6');
insert into ArtMuseumsLocation (Location , ArtMuseumID) values ('8 Forest Street Framingham MA 01701', '37');
insert into ArtMuseumsLocation (Location , ArtMuseumID) values ('6 Brookside Lane Westfield MA 01085', '1');
insert into ArtMuseumsLocation (Location , ArtMuseumID) values ('1 Spring Street Gloucester MA 01930', '33');
insert into ArtMuseumsLocation (Location , ArtMuseumID) values ('44 Riverside Road Braintree MA 02184', '32');
insert into ArtMuseumsLocation (Location , ArtMuseumID) values ('25 Parkview Drive Wellesley MA 02482', '23');
insert into ArtMuseumsLocation (Location , ArtMuseumID) values ('13 Walnut Street Westfield MA 01085', '36');
insert into ArtMuseumsLocation (Location , ArtMuseumID) values ('17 Oakwood Lane Medford MA 02155', '10');
insert into ArtMuseumsLocation (Location , ArtMuseumID) values ('42 Highland Avenue Brookline MA 02445', '6');
insert into ArtMuseumsLocation (Location , ArtMuseumID) values ('27 Riverside Drive Malden MA 02148', '3');
insert into ArtMuseumsLocation (Location , ArtMuseumID) values ('25 Washington Street Haverhill MA 01830', '31');
insert into ArtMuseumsLocation (Location , ArtMuseumID) values ('40 Laurel Street Amesbury MA 01913', '27');
insert into ArtMuseumsLocation (Location , ArtMuseumID) values ('36 Highland Drive Newton MA 02458', '20');
insert into ArtMuseumsLocation (Location , ArtMuseumID) values ('13 Walnut Street Westfield MA 01085', '40');
insert into ArtMuseumsLocation (Location , ArtMuseumID) values ('6 Central Avenue Peabody MA 01960', '11');
insert into ArtMuseumsLocation (Location , ArtMuseumID) values ('11 Hillcrest Avenue Fall River MA 02720', '26');
insert into ArtMuseumsLocation (Location , ArtMuseumID) values ('17 Prospect Avenue Agawam MA 01001', '12');
insert into ArtMuseumsLocation (Location , ArtMuseumID) values ('7 Brookside Road Melrose MA 02176', '5');
insert into ArtMuseumsLocation (Location , ArtMuseumID) values ('7 Brookside Road Melrose MA 02176', '24');
insert into ArtMuseumsLocation (Location , ArtMuseumID) values ('18 Maple Lane Franklin MA 02038', '19');
insert into ArtMuseumsLocation (Location , ArtMuseumID) values ('50 Sunset Boulevard Newton MA 02458', '33');
insert into ArtMuseumsLocation (Location , ArtMuseumID) values ('50 Sunset Boulevard Newton MA 02458', '39');
insert into ArtMuseumsLocation (Location , ArtMuseumID) values ('33 Elm Lane Worcester MA 01608', '29');
insert into ArtMuseumsLocation (Location , ArtMuseumID) values ('22 Elm Street Leominster MA 01453', '34');
insert into ArtMuseumsLocation (Location , ArtMuseumID) values ('22 Hillside Drive Northampton MA 01060', '8');
insert into ArtMuseumsLocation (Location , ArtMuseumID) values ('101 Oak Lane Cambridge MA 02138', '9');
insert into ArtMuseumsLocation (Location , ArtMuseumID) values ('12 Lincoln Avenue Taunton MA 02780', '38');
insert into ArtMuseumsLocation (Location , ArtMuseumID) values ('6 Brookside Lane Westfield MA 01085', '13');
insert into ArtMuseumsLocation (Location , ArtMuseumID) values ('50 Sunset Boulevard Malden MA 02148', '7');
insert into ArtMuseumsLocation (Location , ArtMuseumID) values ('17 Prospect Avenue Agawam MA 01001', '4');
insert into ArtMuseumsLocation (Location , ArtMuseumID) values ('28 Sunset Road Lowell MA 01851', '18');
insert into ArtMuseumsLocation (Location , ArtMuseumID) values ('44 Riverside Road Braintree MA 02184', '2');
insert into ArtMuseumsLocation (Location , ArtMuseumID) values ('10 Cedar Lane West Springfield MA 01089', '14');
insert into ArtMuseumsLocation (Location , ArtMuseumID) values ('90 Hillside Drive Waltham MA 02451', '21');
insert into ArtMuseumsLocation (Location , ArtMuseumID) values ('22 Hillside Drive Northampton MA 01060', '1');
insert into ArtMuseumsLocation (Location , ArtMuseumID) values ('33 Elm Lane Worcester MA 01608', '25');
insert into ArtMuseumsLocation (Location , ArtMuseumID) values ('50 Sunset Boulevard Malden MA 02148', '22');
insert into ArtMuseumsLocation (Location , ArtMuseumID) values ('66 Chestnut Street Fall River MA 02720', '37');
insert into ArtMuseumsLocation (Location , ArtMuseumID) values ('42 Spring Street Brockton MA 02301', '16');
insert into ArtMuseumsLocation (Location , ArtMuseumID) values ('55 River Drive Lowell MA 01851', '35');
insert into ArtMuseumsLocation (Location , ArtMuseumID) values ('27 Oakhurst Road Gardner MA 01440', '15');
insert into ArtMuseumsLocation (Location , ArtMuseumID) values ('5 Forest Avenue Lexington MA 02420', '28');
insert into ArtMuseumsLocation (Location , ArtMuseumID) values ('27 Oakhurst Road Gardner MA 01440', '30');
insert into ArtMuseumsLocation (Location , ArtMuseumID) values ('11 Hillcrest Avenue Fall River MA 02720', '17');
insert into ArtMuseumsLocation (Location , ArtMuseumID) values ('14 Elm Street Boston MA 02108', '2');
insert into ArtMuseumsLocation (Location , ArtMuseumID) values ('22 Elm Street Leominster MA 01453', '25');
insert into ArtMuseumsLocation (Location , ArtMuseumID) values ('6 Brookside Lane Westfield MA 01085', '14');
insert into ArtMuseumsLocation (Location , ArtMuseumID) values ('6 Brookside Lane Westfield MA 01085', '3');
insert into ArtMuseumsLocation (Location , ArtMuseumID) values ('27 Riverside Drive Malden MA 02148', '37');
insert into ArtMuseumsLocation (Location , ArtMuseumID) values ('3 Elmwood Drive Salem MA 01970', '38');
insert into ArtMuseumsLocation (Location , ArtMuseumID) values ('42 Spring Street Brockton MA 02301', '33');
insert into ArtMuseumsLocation (Location , ArtMuseumID) values ('8 Forest Street Framingham MA 01701', '22');
insert into ArtMuseumsLocation (Location , ArtMuseumID) values ('66 Chestnut Street Fall River MA 02720', '35');
insert into ArtMuseumsLocation (Location , ArtMuseumID) values ('10 Cedar Lane West Springfield MA 01089', '4');
insert into ArtMuseumsLocation (Location , ArtMuseumID) values ('3 Elmwood Drive Salem MA 01970', '26');
insert into ArtMuseumsLocation (Location , ArtMuseumID) values ('27 Riverside Drive Malden MA 02148', '8');
insert into ArtMuseumsLocation (Location , ArtMuseumID) values ('19 Grove Street Brockton MA 02301', '30');
insert into ArtMuseumsLocation (Location , ArtMuseumID) values ('77 Union Street Chelsea MA 02150', '32');
insert into ArtMuseumsLocation (Location , ArtMuseumID) values ('66 Chestnut Street Fall River MA 02720', '18');
insert into ArtMuseumsLocation (Location , ArtMuseumID) values ('36 Riverside Drive Chicopee MA 01013', '23');
insert into ArtMuseumsLocation (Location , ArtMuseumID) values ('101 Oak Lane Cambridge MA 02138', '34');
insert into ArtMuseumsLocation (Location , ArtMuseumID) values ('19 Cedar Road Brockton MA 02301', '36');
insert into ArtMuseumsLocation (Location , ArtMuseumID) values ('33 Riverfront Street Fitchburg MA 01420', '7');
insert into ArtMuseumsLocation (Location , ArtMuseumID) values ('6 Brookside Lane Westfield MA 01085', '12');
insert into ArtMuseumsLocation (Location , ArtMuseumID) values ('33 Elm Lane Worcester MA 01608', '40');
insert into ArtMuseumsLocation (Location , ArtMuseumID) values ('11 Hillcrest Avenue Fall River MA 02720', '20');
insert into ArtMuseumsLocation (Location , ArtMuseumID) values ('4 Prospect Street Salem MA 01970', '24');
insert into ArtMuseumsLocation (Location , ArtMuseumID) values ('17 Prospect Avenue Agawam MA 01001', '15');
insert into ArtMuseumsLocation (Location , ArtMuseumID) values ('22 Hillside Drive Northampton MA 01060', '16');
insert into ArtMuseumsLocation (Location , ArtMuseumID) values ('6 Central Avenue Peabody MA 01960', '1');
insert into ArtMuseumsLocation (Location , ArtMuseumID) values ('101 Oak Lane Cambridge MA 02138', '29');
insert into ArtMuseumsLocation (Location , ArtMuseumID) values ('66 Chestnut Street Fall River MA 02720', '11');
insert into ArtMuseumsLocation (Location , ArtMuseumID) values ('3 Elmwood Drive Salem MA 01970', '21');
insert into ArtMuseumsLocation (Location , ArtMuseumID) values ('31 Pineview Terrace Pittsfield MA 01201', '28');
insert into ArtMuseumsLocation (Location , ArtMuseumID) values ('50 Sunset Boulevard Newton MA 02458', '6');
insert into ArtMuseumsLocation (Location , ArtMuseumID) values ('28 Park Avenue Lynn MA 01905', '17');
insert into ArtMuseumsLocation (Location , ArtMuseumID) values ('60 Elmwood Terrace Belmont MA 02478', '27');
insert into ArtMuseumsLocation (Location , ArtMuseumID) values ('17 Oakwood Lane Medford MA 02155', '39');
insert into ArtMuseumsLocation (Location , ArtMuseumID) values ('25 Parkview Drive Wellesley MA 02482', '13');
insert into ArtMuseumsLocation (Location , ArtMuseumID) values ('7 Brookside Road Melrose MA 02176', '19');
insert into ArtMuseumsLocation (Location , ArtMuseumID) values ('19 Grove Street Brockton MA 02301', '5');
insert into ArtMuseumsLocation (Location , ArtMuseumID) values ('14 Elm Street Boston MA 02108', '31');
insert into ArtMuseumsLocation (Location , ArtMuseumID) values ('25 Parkview Drive Wellesley MA 02482', '9');
insert into ArtMuseumsLocation (Location , ArtMuseumID) values ('7 Brookside Road Melrose MA 02176', '10');
insert into ArtMuseumsLocation (Location , ArtMuseumID) values ('12 Springdale Street Gloucester MA 01930', '19');
insert into ArtMuseumsLocation (Location , ArtMuseumID) values ('22 Hillside Drive Northampton MA 01060', '15');
insert into ArtMuseumsLocation (Location , ArtMuseumID) values ('5 Forest Avenue Lexington MA 02420', '24');
insert into ArtMuseumsLocation (Location , ArtMuseumID) values ('50 Elm Street North Adams MA 01247', '28');
insert into ArtMuseumsLocation (Location , ArtMuseumID) values ('31 Pineview Terrace Pittsfield MA 01201', '14');
insert into ArtMuseumsLocation (Location , ArtMuseumID) values ('36 Highland Drive Newton MA 02458', '2');
insert into ArtMuseumsLocation (Location , ArtMuseumID) values ('3 Elmwood Drive Salem MA 01970', '12');
insert into ArtMuseumsLocation (Location , ArtMuseumID) values ('7 Pine Avenue Worcester MA 01608', '38');
insert into ArtMuseumsLocation (Location , ArtMuseumID) values ('44 Riverside Road Braintree MA 02184', '27');
insert into ArtMuseumsLocation (Location , ArtMuseumID) values ('55 Highland Avenue Attleboro MA 02703', '18');
insert into ArtMuseumsLocation (Location , ArtMuseumID) values ('8 Riverside Drive Taunton MA 02780', '4');
insert into ArtMuseumsLocation (Location , ArtMuseumID) values ('14 Oak Hill Drive Winchester MA 01890', '3');
insert into ArtMuseumsLocation (Location , ArtMuseumID) values ('77 Union Street Chelsea MA 02150', '13');
insert into ArtMuseumsLocation (Location , ArtMuseumID) values ('8 Forest Street Framingham MA 01701', '34');
insert into ArtMuseumsLocation (Location , ArtMuseumID) values ('33 Willow Street Somerville MA 02143', '29');
insert into ArtMuseumsLocation (Location , ArtMuseumID) values ('19 Lakeview Drive Barnstable MA 02630', '20');
insert into ArtMuseumsLocation (Location , ArtMuseumID) values ('42 Spring Street Brockton MA 02301', '21');
insert into ArtMuseumsLocation (Location , ArtMuseumID) values ('12 Lincoln Avenue Taunton MA 02780', '39');
insert into ArtMuseumsLocation (Location , ArtMuseumID) values ('60 Elmwood Terrace Belmont MA 02478', '26');
insert into ArtMuseumsLocation (Location , ArtMuseumID) values ('55 Forest Street Lynn MA 01905', '37');
insert into ArtMuseumsLocation (Location , ArtMuseumID) values ('28 Park Avenue Lynn MA 01905', '16');
insert into ArtMuseumsLocation (Location , ArtMuseumID) values ('14 Oak Hill Drive Winchester MA 01890', '5');
insert into ArtMuseumsLocation (Location , ArtMuseumID) values ('10 Oakwood Terrace Medford MA 02155', '10');
insert into ArtMuseumsLocation (Location , ArtMuseumID) values ('33 Willow Street Somerville MA 02143', '30');
insert into ArtMuseumsLocation (Location , ArtMuseumID) values ('27 Riverside Drive Malden MA 02148', '6');
insert into ArtMuseumsLocation (Location , ArtMuseumID) values ('19 Cedar Road Brockton MA 02301', '23');
insert into ArtMuseumsLocation (Location , ArtMuseumID) values ('7 Brookside Road Melrose MA 02176', '32');
insert into ArtMuseumsLocation (Location , ArtMuseumID) values ('14 Oak Hill Drive Winchester MA 01890', '25');
insert into ArtMuseumsLocation (Location , ArtMuseumID) values ('28 Sunset Road Lowell MA 01851', '31');
insert into ArtMuseumsLocation (Location , ArtMuseumID) values ('40 Laurel Street Amesbury MA 01913', '1');
insert into ArtMuseumsLocation (Location , ArtMuseumID) values ('11 Maplewood Road Everett MA 02149', '7');
insert into ArtMuseumsLocation (Location , ArtMuseumID) values ('50 Sunset Boulevard Newton MA 02458', '9');
insert into ArtMuseumsLocation (Location , ArtMuseumID) values ('10 Oakwood Terrace Medford MA 02155', '33');
insert into ArtMuseumsLocation (Location , ArtMuseumID) values ('25 Washington Street Haverhill MA 01830', '17');
insert into ArtMuseumsLocation (Location , ArtMuseumID) values ('6 Central Avenue Peabody MA 01960', '35');
insert into ArtMuseumsLocation (Location , ArtMuseumID) values ('4 Prospect Street Salem MA 01970', '40');
insert into ArtMuseumsLocation (Location , ArtMuseumID) values ('55 Highland Avenue Attleboro MA 02703', '22');
insert into ArtMuseumsLocation (Location , ArtMuseumID) values ('88 Prospect Avenue Cambridge MA 02138', '11');
insert into ArtMuseumsLocation (Location , ArtMuseumID) values ('27 Oakhurst Road Gardner MA 01440', '8');
insert into ArtMuseumsLocation (Location , ArtMuseumID) values ('60 Elmwood Terrace Belmont MA 02478', '36');
insert into ArtMuseumsLocation (Location , ArtMuseumID) values ('33 Riverfront Street Fitchburg MA 01420', '4');
insert into ArtMuseumsLocation (Location , ArtMuseumID) values ('14 Oak Hill Drive Winchester MA 01890', '10');
insert into ArtMuseumsLocation (Location , ArtMuseumID) values ('28 Sunset Road Lowell MA 01851', '18');
insert into ArtMuseumsLocation (Location , ArtMuseumID) values ('40 Laurel Street Amesbury MA 01913', '37');
insert into ArtMuseumsLocation (Location , ArtMuseumID) values ('42 Highland Avenue Brookline MA 02445', '33');
insert into ArtMuseumsLocation (Location , ArtMuseumID) values ('6 Brookside Lane Westfield MA 01085', '7');
insert into ArtMuseumsLocation (Location , ArtMuseumID) values ('30 Elmwood Avenue Woburn MA 01801', '22');
insert into ArtMuseumsLocation (Location , ArtMuseumID) values ('25 Washington Street Haverhill MA 01830', '11');
insert into ArtMuseumsLocation (Location , ArtMuseumID) values ('6 Park Avenue Lynn MA 01905', '23');
insert into ArtMuseumsLocation (Location , ArtMuseumID) values ('25 Parkview Drive Wellesley MA 02482', '30');
insert into ArtMuseumsLocation (Location , ArtMuseumID) values ('55 Highland Avenue Attleboro MA 02703', '28');
insert into ArtMuseumsLocation (Location , ArtMuseumID) values ('44 Riverside Road Braintree MA 02184', '2');
insert into ArtMuseumsLocation (Location , ArtMuseumID) values ('42 Highland Avenue Brookline MA 02445', '27');
insert into ArtMuseumsLocation (Location , ArtMuseumID) values ('14 Elm Street Boston MA 02108', '9');
insert into ArtMuseumsLocation (Location , ArtMuseumID) values ('55 Forest Street Lynn MA 01905', '31');
insert into ArtMuseumsLocation (Location , ArtMuseumID) values ('8 Glenwood Avenue Easthampton MA 01027', '21');
insert into ArtMuseumsLocation (Location , ArtMuseumID) values ('25 Parkview Drive Wellesley MA 02482', '35');
insert into ArtMuseumsLocation (Location , ArtMuseumID) values ('27 Riverside Drive Malden MA 02148', '12');
insert into ArtMuseumsLocation (Location , ArtMuseumID) values ('27 Riverside Drive Malden MA 02148', '1');
insert into ArtMuseumsLocation (Location , ArtMuseumID) values ('50 Sunset Boulevard Newton MA 02458', '20');
insert into ArtMuseumsLocation (Location , ArtMuseumID) values ('4 Prospect Street Salem MA 01970', '5');
insert into ArtMuseumsLocation (Location , ArtMuseumID) values ('14 Elm Street Boston MA 02108', '19');
insert into ArtMuseumsLocation (Location , ArtMuseumID) values ('6 Park Avenue Lynn MA 01905', '40');
insert into ArtMuseumsLocation (Location , ArtMuseumID) values ('25 Washington Street Haverhill MA 01830', '3');
insert into ArtMuseumsLocation (Location , ArtMuseumID) values ('101 Oak Lane Cambridge MA 02138', '8');
insert into ArtMuseumsLocation (Location , ArtMuseumID) values ('19 Maplewood Drive Salem MA 01970', '32');
insert into ArtMuseumsLocation (Location , ArtMuseumID) values ('11 Hillcrest Avenue Fall River MA 02720', '16');
insert into ArtMuseumsLocation (Location , ArtMuseumID) values ('22 Maple Street Springfield MA 01113', '13');
insert into ArtMuseumsLocation (Location , ArtMuseumID) values ('50 Elm Street North Adams MA 01247', '26');
insert into ArtMuseumsLocation (Location , ArtMuseumID) values ('28 Park Avenue Lynn MA 01905', '39');
insert into ArtMuseumsLocation (Location , ArtMuseumID) values ('8 Riverside Drive Taunton MA 02780', '14');
insert into ArtMuseumsLocation (Location , ArtMuseumID) values ('19 Lakeview Drive Barnstable MA 02630', '38');
insert into ArtMuseumsLocation (Location , ArtMuseumID) values ('22 Maple Street Springfield MA 01113', '6');
insert into ArtMuseumsLocation (Location , ArtMuseumID) values ('45 Cedar Road Quincy MA 02169', '29');
insert into ArtMuseumsLocation (Location , ArtMuseumID) values ('15 Birchwood Drive Greenfield MA 01301', '36');
insert into ArtMuseumsLocation (Location , ArtMuseumID) values ('16 Chestnut Avenue Holyoke MA 01040', '17');
insert into ArtMuseumsLocation (Location , ArtMuseumID) values ('88 Birch Lane Newton MA 02458', '24');
insert into ArtMuseumsLocation (Location , ArtMuseumID) values ('7 Brookside Road Melrose MA 02176', '34');
insert into ArtMuseumsLocation (Location , ArtMuseumID) values ('33 Elm Lane Worcester MA 01608', '25');
insert into ArtMuseumsLocation (Location , ArtMuseumID) values ('14 Elm Street Boston MA 02108', '15');

/* ArtsMuseums */
insert into ArtMuseums (ArtMuseumID, Name, ArtType, CollegeStudents, PriceTag, OverallRating, ActivityTypeID) values (1, 'Baroque Art Museum', 'Baroque', 0, '$$', 4, '6');
insert into ArtMuseums (ArtMuseumID, Name, ArtType, CollegeStudents, PriceTag, OverallRating, ActivityTypeID) values (2, 'Cubist Art Museum', 'Romantic', 1, '$$$$$', 1, '6');
insert into ArtMuseums (ArtMuseumID, Name, ArtType, CollegeStudents, PriceTag, OverallRating, ActivityTypeID) values (3, 'Contemporary ArtType Museum', 'Post-Impressionist', 1, '$', 4, '6');
insert into ArtMuseums (ArtMuseumID, Name, ArtType, CollegeStudents, PriceTag, OverallRating, ActivityTypeID) values (4, 'Art Deco Art Museum', 'Contemporary', 0, '$$$$', 5, '6');
insert into ArtMuseums (ArtMuseumID, Name, ArtType, CollegeStudents, PriceTag, OverallRating, ActivityTypeID) values (5, 'Romantic Art Museum', 'Baroque', 1, '$$', 4, '6');
insert into ArtMuseums (ArtMuseumID, Name, ArtType, CollegeStudents, PriceTag, OverallRating, ActivityTypeID) values (6, 'Abstract Expressionist ArtType Museum', 'Abstract', 0, '$', 5, '6');
insert into ArtMuseums (ArtMuseumID, Name, ArtType, CollegeStudents, PriceTag, OverallRating, ActivityTypeID) values (7, 'Art Deco ArtType Museum', 'Romantic', 1, '$$', 5, '6');
insert into ArtMuseums (ArtMuseumID, Name, ArtType, CollegeStudents, PriceTag, OverallRating, ActivityTypeID) values (8, 'Cubist ArtType Museum', 'Romantic', 0, '$', 5, '6');
insert into ArtMuseums (ArtMuseumID, Name, ArtType, CollegeStudents, PriceTag, OverallRating, ActivityTypeID) values (9, 'Conceptual Art Museum', 'Rococo', 0, '$$$$', 3, '6');
insert into ArtMuseums (ArtMuseumID, Name, ArtType, CollegeStudents, PriceTag, OverallRating, ActivityTypeID) values (10, 'Gothic Art Museum', 'Impressionist', 0, '$$$', 1, '6');
insert into ArtMuseums (ArtMuseumID, Name, ArtType, CollegeStudents, PriceTag, OverallRating, ActivityTypeID) values (11, 'Minimalist Art Museum', 'Dadaist', 1, '$', 3, '6');
insert into ArtMuseums (ArtMuseumID, Name, ArtType, CollegeStudents, PriceTag, OverallRating, ActivityTypeID) values (12, 'Fauvist Art Museum', 'Gothic', 0, '$$$$', 5, '6');
insert into ArtMuseums (ArtMuseumID, Name, ArtType, CollegeStudents, PriceTag, OverallRating, ActivityTypeID) values (13, 'Fauvist Art Museum', 'Art Deco', 1, '$$$', 5, '6');
insert into ArtMuseums (ArtMuseumID, Name, ArtType, CollegeStudents, PriceTag, OverallRating, ActivityTypeID) values (14, 'Photorealist ArtType Museum', 'Modernist', 0, '$', 4, '6');
insert into ArtMuseums (ArtMuseumID, Name, ArtType, CollegeStudents, PriceTag, OverallRating, ActivityTypeID) values (15, 'Art Deco ArtType Museum', 'Romantic', 1, '$$$$$', 2, '6');
insert into ArtMuseums (ArtMuseumID, Name, ArtType, CollegeStudents, PriceTag, OverallRating, ActivityTypeID) values (16, 'Symbolist Art Museum', 'Neoclassical', 1, '$$$$$', 5, '6');
insert into ArtMuseums (ArtMuseumID, Name, ArtType, CollegeStudents, PriceTag, OverallRating, ActivityTypeID) values (17, 'Surrealist Art Museum', 'Abstract Expressionist', 0, '$$$', 4, '6');
insert into ArtMuseums (ArtMuseumID, Name, ArtType, CollegeStudents, PriceTag, OverallRating, ActivityTypeID) values (18, 'Rococo ArtType Museum', 'Impressionist', 1, '$$$$', 4, '6');
insert into ArtMuseums (ArtMuseumID, Name, ArtType, CollegeStudents, PriceTag, OverallRating, ActivityTypeID) values (19, 'Fauvist Art Museum', 'Post-Impressionist', 0, '$$$$$', 4, '6');
insert into ArtMuseums (ArtMuseumID, Name, ArtType, CollegeStudents, PriceTag, OverallRating, ActivityTypeID) values (20, 'Photorealist Art Museum', 'Pop', 1, '$$', 1, '6');
insert into ArtMuseums (ArtMuseumID, Name, ArtType, CollegeStudents, PriceTag, OverallRating, ActivityTypeID) values (21, 'Modernist ArtType Museum', 'Gothic', 0, '$$$$', 1, '6');
insert into ArtMuseums (ArtMuseumID, Name, ArtType, CollegeStudents, PriceTag, OverallRating, ActivityTypeID) values (22, 'Pre-Raphaelite ArtType Museum', 'Postmodernist', 1, '$$$$$', 2, '6');
insert into ArtMuseums (ArtMuseumID, Name, ArtType, CollegeStudents, PriceTag, OverallRating, ActivityTypeID) values (23, 'Contemporary ArtType Museum', 'Pop', 1, '$$$$$', 3, '6');
insert into ArtMuseums (ArtMuseumID, Name, ArtType, CollegeStudents, PriceTag, OverallRating, ActivityTypeID) values (24, 'Cubist ArtType Museum', 'Impressionist', 0, '$$', 4, '6');
insert into ArtMuseums (ArtMuseumID, Name, ArtType, CollegeStudents, PriceTag, OverallRating, ActivityTypeID) values (25, 'Photorealist ArtType Museum', 'Impressionist', 0, '$', 4, '6');
insert into ArtMuseums (ArtMuseumID, Name, ArtType, CollegeStudents, PriceTag, OverallRating, ActivityTypeID) values (26, 'Cubist Art Museum', 'Baroque', 0, '$$$', 5, '6');
insert into ArtMuseums (ArtMuseumID, Name, ArtType, CollegeStudents, PriceTag, OverallRating, ActivityTypeID) values (27, 'Art Deco Art Museum', 'Romantic', 0, '$$', 4, '6');
insert into ArtMuseums (ArtMuseumID, Name, ArtType, CollegeStudents, PriceTag, OverallRating, ActivityTypeID) values (28, 'Baroque ArtType Museum', 'Renaissance', 1, '$', 4, '6');
insert into ArtMuseums (ArtMuseumID, Name, ArtType, CollegeStudents, PriceTag, OverallRating, ActivityTypeID) values (29, 'Gothic Art Museum', 'Postmodernist', 0, '$', 5, '6');
insert into ArtMuseums (ArtMuseumID, Name, ArtType, CollegeStudents, PriceTag, OverallRating, ActivityTypeID) values (30, 'Post-Impressionist ArtType Museum', 'Rococo', 0, '$$$$$', 4, '6');
insert into ArtMuseums (ArtMuseumID, Name, ArtType, CollegeStudents, PriceTag, OverallRating, ActivityTypeID) values (31, 'Classical Art Museum', 'Gothic', 0, '$', 2, '6');
insert into ArtMuseums (ArtMuseumID, Name, ArtType, CollegeStudents, PriceTag, OverallRating, ActivityTypeID) values (32, 'Photorealist ArtType Museum', 'Post-Impressionist', 1, '$', 5, '6');
insert into ArtMuseums (ArtMuseumID, Name, ArtType, CollegeStudents, PriceTag, OverallRating, ActivityTypeID) values (33, 'Modernist ArtType Museum', 'Renaissance', 0, '$', 5, '6');
insert into ArtMuseums (ArtMuseumID, Name, ArtType, CollegeStudents, PriceTag, OverallRating, ActivityTypeID) values (34, 'Postmodernist Art Museum', 'Classical', 0, '$$', 2, '6');
insert into ArtMuseums (ArtMuseumID, Name, ArtType, CollegeStudents, PriceTag, OverallRating, ActivityTypeID) values (35, 'Abstract ArtType Museum', 'Cubist', 1, '$$', 2, '6');
insert into ArtMuseums (ArtMuseumID, Name, ArtType, CollegeStudents, PriceTag, OverallRating, ActivityTypeID) values (36, 'Classical Art Museum', 'Postmodernist', 1, '$$$', 1, '6');
insert into ArtMuseums (ArtMuseumID, Name, ArtType, CollegeStudents, PriceTag, OverallRating, ActivityTypeID) values (37, 'Expressionist Art Museum', 'Abstract', 1, '$', 4, '6');
insert into ArtMuseums (ArtMuseumID, Name, ArtType, CollegeStudents, PriceTag, OverallRating, ActivityTypeID) values (38, 'Contemporary ArtType Museum', 'Photorealist', 0, '$$', 1, '6');
insert into ArtMuseums (ArtMuseumID, Name, ArtType, CollegeStudents, PriceTag, OverallRating, ActivityTypeID) values (39, 'Symbolist ArtType Museum', 'Postmodernist', 1, '$$$', 3, '6');
insert into ArtMuseums (ArtMuseumID, Name, ArtType, CollegeStudents, PriceTag, OverallRating, ActivityTypeID) values (40, 'Modernist ArtType Museum', 'Baroque', 0, '$', 2, '6');

/* Outdoor Activity */
insert into Outdoor_Activity (OutdoorID, Name, Difficulty_level, Danger_level ,  Experience, PriceTag,  ActivityTypeID) values (1, 'Cross-country Skiing', 'hard', 'medium', 'beginner', '$', '1');
insert into Outdoor_Activity (OutdoorID, Name, Difficulty_level, Danger_level ,  Experience, PriceTag,  ActivityTypeID) values (2, 'Hot Air Ballooning', 'hard', 'low', 'beginner', '$$$$', '1');
insert into Outdoor_Activity (OutdoorID, Name, Difficulty_level, Danger_level ,  Experience, PriceTag,  ActivityTypeID) values (3, 'Paragliding', 'hard', 'high', 'intermediate', '$$', '1');
insert into Outdoor_Activity (OutdoorID, Name, Difficulty_level, Danger_level ,  Experience, PriceTag,  ActivityTypeID) values (4, 'Scuba Diving', 'hard', 'medium', 'intermediate', '$$$$$', '1');
insert into Outdoor_Activity (OutdoorID, Name, Difficulty_level, Danger_level ,  Experience, PriceTag,  ActivityTypeID) values (5, 'Picnicking', 'medium', 'low', 'advanced', '$$', '1');
insert into Outdoor_Activity (OutdoorID, Name, Difficulty_level, Danger_level ,  Experience, PriceTag,  ActivityTypeID) values (6, 'Picnicking', 'medium', 'low', 'beginner', '$$$$$', '1');
insert into Outdoor_Activity (OutdoorID, Name, Difficulty_level, Danger_level ,  Experience, PriceTag,  ActivityTypeID) values (7, 'Rock Climbing', 'easy', 'medium', 'beginner', '$$$$', '1');
insert into Outdoor_Activity (OutdoorID, Name, Difficulty_level, Danger_level ,  Experience, PriceTag,  ActivityTypeID) values (8, 'Ice Climbing', 'hard', 'low', 'intermediate', '$$$$', '1');
insert into Outdoor_Activity (OutdoorID, Name, Difficulty_level, Danger_level ,  Experience, PriceTag,  ActivityTypeID) values (9, 'Ice Climbing', 'easy', 'medium', 'beginner', '$$', '1');
insert into Outdoor_Activity (OutdoorID, Name, Difficulty_level, Danger_level ,  Experience, PriceTag,  ActivityTypeID) values (10, 'Kiteboarding', 'easy', 'high', 'beginner', '$', '1');
insert into Outdoor_Activity (OutdoorID, Name, Difficulty_level, Danger_level ,  Experience, PriceTag,  ActivityTypeID) values (11, 'Camping', 'medium', 'high', 'beginner', '$$$$', '1');
insert into Outdoor_Activity (OutdoorID, Name, Difficulty_level, Danger_level ,  Experience, PriceTag,  ActivityTypeID) values (12, 'Hang Gliding', 'medium', 'high', 'advanced', '$$$$', '1');
insert into Outdoor_Activity (OutdoorID, Name, Difficulty_level, Danger_level ,  Experience, PriceTag,  ActivityTypeID) values (13, 'Wakeboarding', 'hard', 'low', 'beginner', '$$', '1');
insert into Outdoor_Activity (OutdoorID, Name, Difficulty_level, Danger_level ,  Experience, PriceTag,  ActivityTypeID) values (14, 'Canoeing', 'hard', 'medium', 'advanced', '$$', '1');
insert into Outdoor_Activity (OutdoorID, Name, Difficulty_level, Danger_level ,  Experience, PriceTag,  ActivityTypeID) values (15, 'Golfing', 'easy', 'high', 'beginner', '$', '1');
insert into Outdoor_Activity (OutdoorID, Name, Difficulty_level, Danger_level ,  Experience, PriceTag,  ActivityTypeID) values (16, 'Zip Lining', 'medium', 'low', 'advanced', '$$$', '1');
insert into Outdoor_Activity (OutdoorID, Name, Difficulty_level, Danger_level ,  Experience, PriceTag,  ActivityTypeID) values (17, 'Hang Gliding', 'medium', 'medium', 'intermediate', '$$$$', '1');
insert into Outdoor_Activity (OutdoorID, Name, Difficulty_level, Danger_level ,  Experience, PriceTag,  ActivityTypeID) values (18, 'Rock Climbing', 'medium', 'medium', 'intermediate', '$', '1');
insert into Outdoor_Activity (OutdoorID, Name, Difficulty_level, Danger_level ,  Experience, PriceTag,  ActivityTypeID) values (19, 'Bungee Jumping', 'easy', 'low', 'beginner', '$', '1');
insert into Outdoor_Activity (OutdoorID, Name, Difficulty_level, Danger_level ,  Experience, PriceTag,  ActivityTypeID) values (20, 'Kayaking', 'easy', 'high', 'advanced', '$$$$$', '1');
insert into Outdoor_Activity (OutdoorID, Name, Difficulty_level, Danger_level ,  Experience, PriceTag,  ActivityTypeID) values (21, 'Rock Climbing', 'easy', 'medium', 'advanced', '$$$$', '1');
insert into Outdoor_Activity (OutdoorID, Name, Difficulty_level, Danger_level ,  Experience, PriceTag,  ActivityTypeID) values (22, 'Windsurfing', 'easy', 'high', 'intermediate', '$$$$', '1');
insert into Outdoor_Activity (OutdoorID, Name, Difficulty_level, Danger_level ,  Experience, PriceTag,  ActivityTypeID) values (23, 'Snowshoeing', 'hard', 'low', 'advanced', '$$$$$', '1');
insert into Outdoor_Activity (OutdoorID, Name, Difficulty_level, Danger_level ,  Experience, PriceTag,  ActivityTypeID) values (24, 'Tubing', 'medium', 'low', 'beginner', '$$$$$', '1');
insert into Outdoor_Activity (OutdoorID, Name, Difficulty_level, Danger_level ,  Experience, PriceTag,  ActivityTypeID) values (25, 'Snowshoeing', 'medium', 'medium', 'advanced', '$$$', '1');
insert into Outdoor_Activity (OutdoorID, Name, Difficulty_level, Danger_level ,  Experience, PriceTag,  ActivityTypeID) values (26, 'Wakeboarding', 'medium', 'low', 'beginner', '$$$$', '1');
insert into Outdoor_Activity (OutdoorID, Name, Difficulty_level, Danger_level ,  Experience, PriceTag,  ActivityTypeID) values (27, 'Wakeboarding', 'easy', 'medium', 'beginner', '$$', '1');
insert into Outdoor_Activity (OutdoorID, Name, Difficulty_level, Danger_level ,  Experience, PriceTag,  ActivityTypeID) values (28, 'Ice Climbing', 'hard', 'high', 'intermediate', '$', '1');
insert into Outdoor_Activity (OutdoorID, Name, Difficulty_level, Danger_level ,  Experience, PriceTag,  ActivityTypeID) values (29, 'Cycling', 'hard', 'high', 'intermediate', '$$$$$', '1');
insert into Outdoor_Activity (OutdoorID, Name, Difficulty_level, Danger_level ,  Experience, PriceTag,  ActivityTypeID) values (30, 'Cycling', 'medium', 'high', 'beginner', '$$$$', '1');
insert into Outdoor_Activity (OutdoorID, Name, Difficulty_level, Danger_level ,  Experience, PriceTag,  ActivityTypeID) values (31, 'Sailing', 'hard', 'high', 'beginner', '$$$', '1');
insert into Outdoor_Activity (OutdoorID, Name, Difficulty_level, Danger_level ,  Experience, PriceTag,  ActivityTypeID) values (32, 'Wildlife Viewing', 'hard', 'medium', 'beginner', '$$$$$', '1');
insert into Outdoor_Activity (OutdoorID, Name, Difficulty_level, Danger_level ,  Experience, PriceTag,  ActivityTypeID) values (33, 'Trail Running', 'hard', 'medium', 'intermediate', '$$$$$', '1');
insert into Outdoor_Activity (OutdoorID, Name, Difficulty_level, Danger_level ,  Experience, PriceTag,  ActivityTypeID) values (34, 'Kiteboarding', 'easy', 'high', 'intermediate', '$$$$$', '1');
insert into Outdoor_Activity (OutdoorID, Name, Difficulty_level, Danger_level ,  Experience, PriceTag,  ActivityTypeID) values (35, 'Paragliding', 'medium', 'medium', 'beginner', '$$$$$', '1');
insert into Outdoor_Activity (OutdoorID, Name, Difficulty_level, Danger_level ,  Experience, PriceTag,  ActivityTypeID) values (36, 'Camping', 'hard', 'low', 'advanced', '$$$$', '1');
insert into Outdoor_Activity (OutdoorID, Name, Difficulty_level, Danger_level ,  Experience, PriceTag,  ActivityTypeID) values (37, 'Geocaching', 'medium', 'medium', 'beginner', '$', '1');
insert into Outdoor_Activity (OutdoorID, Name, Difficulty_level, Danger_level ,  Experience, PriceTag,  ActivityTypeID) values (38, 'Ice Skating', 'hard', 'high', 'beginner', '$$$$$', '1');
insert into Outdoor_Activity (OutdoorID, Name, Difficulty_level, Danger_level ,  Experience, PriceTag,  ActivityTypeID) values (39, 'Sledding', 'easy', 'high', 'advanced', '$$$$', '1');
insert into Outdoor_Activity (OutdoorID, Name, Difficulty_level, Danger_level ,  Experience, PriceTag,  ActivityTypeID) values (40, 'Wakeboarding', 'easy', 'low', 'beginner', '$$$', '1');
insert into Outdoor_Activity (OutdoorID, Name, Difficulty_level, Danger_level ,  Experience, PriceTag,  ActivityTypeID) values (41, 'Canoeing', 'easy', 'high', 'intermediate', '$$$', '1');
insert into Outdoor_Activity (OutdoorID, Name, Difficulty_level, Danger_level ,  Experience, PriceTag,  ActivityTypeID) values (42, 'Rafting', 'hard', 'low', 'intermediate', '$$$', '1');
insert into Outdoor_Activity (OutdoorID, Name, Difficulty_level, Danger_level ,  Experience, PriceTag,  ActivityTypeID) values (43, 'Ice Skating', 'medium', 'low', 'beginner', '$$$', '1');
insert into Outdoor_Activity (OutdoorID, Name, Difficulty_level, Danger_level ,  Experience, PriceTag,  ActivityTypeID) values (44, 'Paintball', 'easy', 'medium', 'intermediate', '$$$', '1');
insert into Outdoor_Activity (OutdoorID, Name, Difficulty_level, Danger_level ,  Experience, PriceTag,  ActivityTypeID) values (45, 'Geocaching', 'easy', 'high', 'advanced', '$$$$$', '1');
insert into Outdoor_Activity (OutdoorID, Name, Difficulty_level, Danger_level ,  Experience, PriceTag,  ActivityTypeID) values (46, 'Hot Air Ballooning', 'easy', 'medium', 'intermediate', '$$$', '1');
insert into Outdoor_Activity (OutdoorID, Name, Difficulty_level, Danger_level ,  Experience, PriceTag,  ActivityTypeID) values (47, 'Ice Skating', 'easy', 'low', 'advanced', '$$$$', '1');
insert into Outdoor_Activity (OutdoorID, Name, Difficulty_level, Danger_level ,  Experience, PriceTag,  ActivityTypeID) values (48, 'Paragliding', 'hard', 'low', 'beginner', '$$$', '1');
insert into Outdoor_Activity (OutdoorID, Name, Difficulty_level, Danger_level ,  Experience, PriceTag,  ActivityTypeID) values (49, 'Snow Tubing', 'hard', 'high', 'intermediate', '$$$', '1');
insert into Outdoor_Activity (OutdoorID, Name, Difficulty_level, Danger_level ,  Experience, PriceTag,  ActivityTypeID) values (50, 'Boating', 'easy', 'high', 'advanced', '$$$$$', '1');
insert into Outdoor_Activity (OutdoorID, Name, Difficulty_level, Danger_level ,  Experience, PriceTag,  ActivityTypeID) values (51, 'Snow Tubing', 'medium', 'high', 'advanced', '$$$$', '1');
insert into Outdoor_Activity (OutdoorID, Name, Difficulty_level, Danger_level ,  Experience, PriceTag,  ActivityTypeID) values (52, 'Geocaching', 'hard', 'medium', 'advanced', '$', '1');
insert into Outdoor_Activity (OutdoorID, Name, Difficulty_level, Danger_level ,  Experience, PriceTag,  ActivityTypeID) values (53, 'Tubing', 'medium', 'medium', 'intermediate', '$$$$', '1');
insert into Outdoor_Activity (OutdoorID, Name, Difficulty_level, Danger_level ,  Experience, PriceTag,  ActivityTypeID) values (54, 'Snorkeling', 'hard', 'medium', 'beginner', '$$$$', '1');
insert into Outdoor_Activity (OutdoorID, Name, Difficulty_level, Danger_level ,  Experience, PriceTag,  ActivityTypeID) values (55, 'Sledding', 'hard', 'medium', 'intermediate', '$$$$$', '1');
insert into Outdoor_Activity (OutdoorID, Name, Difficulty_level, Danger_level ,  Experience, PriceTag,  ActivityTypeID) values (56, 'Wakeboarding', 'medium', 'high', 'intermediate', '$$$$', '1');
insert into Outdoor_Activity (OutdoorID, Name, Difficulty_level, Danger_level ,  Experience, PriceTag,  ActivityTypeID) values (57, 'Hiking', 'easy', 'high', 'beginner', '$$$', '1');
insert into Outdoor_Activity (OutdoorID, Name, Difficulty_level, Danger_level ,  Experience, PriceTag,  ActivityTypeID) values (58, 'Scuba Diving', 'medium', 'low', 'advanced', '$', '1');
insert into Outdoor_Activity (OutdoorID, Name, Difficulty_level, Danger_level ,  Experience, PriceTag,  ActivityTypeID) values (59, 'Horseback Riding', 'easy', 'medium', 'intermediate', '$', '1');
insert into Outdoor_Activity (OutdoorID, Name, Difficulty_level, Danger_level ,  Experience, PriceTag,  ActivityTypeID) values (60, 'Paintball', 'hard', 'low', 'intermediate', '$$$', '1');

/* Outdoor_Activity_Location */
insert into Outdoor_Activity_Location (Location , OutdoorID) values ('111 River Road Lynn MA 01905', '79');
insert into Outdoor_Activity_Location (Location , OutdoorID) values ('333 Hillcrest Avenue Greenfield MA 01301', '188');
insert into Outdoor_Activity_Location (Location , OutdoorID) values ('555 Pineview Lane Cambridge MA 02141', '84');
insert into Outdoor_Activity_Location (Location , OutdoorID) values ('111 River Road Lynn MA 01905', '75');
insert into Outdoor_Activity_Location (Location , OutdoorID) values ('333 Hillcrest Avenue Worcester MA 01609', '158');
insert into Outdoor_Activity_Location (Location , OutdoorID) values ('111 River Road Lynn MA 01905', '25');
insert into Outdoor_Activity_Location (Location , OutdoorID) values ('888 Forest Street Salem MA 01970', '134');
insert into Outdoor_Activity_Location (Location , OutdoorID) values ('666 River Drive Quincy MA 02169', '126');
insert into Outdoor_Activity_Location (Location , OutdoorID) values ('111 River Road Lynn MA 01905', '133');
insert into Outdoor_Activity_Location (Location , OutdoorID) values ('777 Sunset Road Lowell MA 01851', '77');
insert into Outdoor_Activity_Location (Location , OutdoorID) values ('777 Sunset Road Lowell MA 01851', '16');
insert into Outdoor_Activity_Location (Location , OutdoorID) values ('888 Forest Street Salem MA 01970', '180');
insert into Outdoor_Activity_Location (Location , OutdoorID) values ('666 River Drive Quincy MA 02169', '6');
insert into Outdoor_Activity_Location (Location , OutdoorID) values ('555 Pineview Lane Cambridge MA 02141', '34');
insert into Outdoor_Activity_Location (Location , OutdoorID) values ('111 River Road Lynn MA 01905', '87');
insert into Outdoor_Activity_Location (Location , OutdoorID) values ('333 Hillcrest Avenue Worcester MA 01609', '58');
insert into Outdoor_Activity_Location (Location , OutdoorID) values ('222 Elmwood Terrace Boston MA 02110', '120');
insert into Outdoor_Activity_Location (Location , OutdoorID) values ('222 Elmwood Terrace Boston MA 02110', '43');
insert into Outdoor_Activity_Location (Location , OutdoorID) values ('888 Forest Street Brookline MA 02445', '69');
insert into Outdoor_Activity_Location (Location , OutdoorID) values ('999 Oak Lane Quincy MA 02169', '66');
insert into Outdoor_Activity_Location (Location , OutdoorID) values ('111 River Road Lynn MA 01905', '10');
insert into Outdoor_Activity_Location (Location , OutdoorID) values ('888 Forest Street Salem MA 01970', '17');
insert into Outdoor_Activity_Location (Location , OutdoorID) values ('666 River Drive Quincy MA 02169', '137');
insert into Outdoor_Activity_Location (Location , OutdoorID) values ('999 Oak Lane Chelsea MA 02150', '170');
insert into Outdoor_Activity_Location (Location , OutdoorID) values ('222 Elmwood Terrace Boston MA 02110', '22');
insert into Outdoor_Activity_Location (Location , OutdoorID) values ('555 Pineview Lane Cambridge MA 02141', '142');
insert into Outdoor_Activity_Location (Location , OutdoorID) values ('666 River Drive Quincy MA 02169', '94');
insert into Outdoor_Activity_Location (Location , OutdoorID) values ('999 Oak Lane Chelsea MA 02150', '33');
insert into Outdoor_Activity_Location (Location , OutdoorID) values ('999 Oak Lane Chelsea MA 02150', '175');
insert into Outdoor_Activity_Location (Location , OutdoorID) values ('999 Oak Lane Chelsea MA 02150', '157');
insert into Outdoor_Activity_Location (Location , OutdoorID) values ('333 Hillcrest Avenue Worcester MA 01609', '191');
insert into Outdoor_Activity_Location (Location , OutdoorID) values ('111 River Road Lynn MA 01905', '173');
insert into Outdoor_Activity_Location (Location , OutdoorID) values ('666 Highland Avenue Medford MA 02155', '182');
insert into Outdoor_Activity_Location (Location , OutdoorID) values ('888 Forest Street Salem MA 01970', '149');
insert into Outdoor_Activity_Location (Location , OutdoorID) values ('444 Cedar Road Springfield MA 01105', '154');
insert into Outdoor_Activity_Location (Location , OutdoorID) values ('777 Sunset Road Lowell MA 01851', '111');
insert into Outdoor_Activity_Location (Location , OutdoorID) values ('222 Elmwood Terrace Boston MA 02110', '19');
insert into Outdoor_Activity_Location (Location , OutdoorID) values ('333 Hillcrest Avenue Worcester MA 01609', '59');
insert into Outdoor_Activity_Location (Location , OutdoorID) values ('444 Cedar Road Springfield MA 01105', '89');
insert into Outdoor_Activity_Location (Location , OutdoorID) values ('555 Pineview Lane Cambridge MA 02141', '67');
insert into Outdoor_Activity_Location (Location , OutdoorID) values ('777 Sunset Boulevard Malden MA 02148', '32');
insert into Outdoor_Activity_Location (Location , OutdoorID) values ('999 Oak Lane Chelsea MA 02150', '141');
insert into Outdoor_Activity_Location (Location , OutdoorID) values ('999 Oak Lane Chelsea MA 02150', '8');
insert into Outdoor_Activity_Location (Location , OutdoorID) values ('666 River Drive Quincy MA 02169', '136');
insert into Outdoor_Activity_Location (Location , OutdoorID) values ('111 River Road Boston MA 02108', '140');
insert into Outdoor_Activity_Location (Location , OutdoorID) values ('666 Highland Avenue Medford MA 02155', '162');
insert into Outdoor_Activity_Location (Location , OutdoorID) values ('111 River Road Boston MA 02108', '85');
insert into Outdoor_Activity_Location (Location , OutdoorID) values ('888 Forest Street Brookline MA 02445', '72');
insert into Outdoor_Activity_Location (Location , OutdoorID) values ('333 Hillcrest Avenue Worcester MA 01609', '144');
insert into Outdoor_Activity_Location (Location , OutdoorID) values ('666 River Drive Quincy MA 02169', '96');
insert into Outdoor_Activity_Location (Location , OutdoorID) values ('333 Hillcrest Avenue Worcester MA 01609', '12');
insert into Outdoor_Activity_Location (Location , OutdoorID) values ('777 Sunset Road Lowell MA 01851', '35');
insert into Outdoor_Activity_Location (Location , OutdoorID) values ('777 Hillcrest Drive Waltham MA 02451', '29');
insert into Outdoor_Activity_Location (Location , OutdoorID) values ('555 Pineview Lane Cambridge MA 02141', '5');
insert into Outdoor_Activity_Location (Location , OutdoorID) values ('888 Forest Street Salem MA 01970', '55');
insert into Outdoor_Activity_Location (Location , OutdoorID) values ('777 Sunset Road Lowell MA 01851', '128');
insert into Outdoor_Activity_Location (Location , OutdoorID) values ('999 Oak Lane Chelsea MA 02150', '172');
insert into Outdoor_Activity_Location (Location , OutdoorID) values ('999 Oak Lane Chelsea MA 02150', '73');
insert into Outdoor_Activity_Location (Location , OutdoorID) values ('222 Elmwood Terrace Boston MA 02110', '99');
insert into Outdoor_Activity_Location (Location , OutdoorID) values ('222 Elmwood Terrace Boston MA 02110', '135');
insert into Outdoor_Activity_Location (Location , OutdoorID) values ('666 Riverfront Street Peabody MA 01960', '2');
insert into Outdoor_Activity_Location (Location , OutdoorID) values ('222 Elmwood Terrace Boston MA 02110', '95');
insert into Outdoor_Activity_Location (Location , OutdoorID) values ('333 Hillcrest Avenue Worcester MA 01609', '11');
insert into Outdoor_Activity_Location (Location , OutdoorID) values ('666 Riverfront Street Peabody MA 01960', '97');
insert into Outdoor_Activity_Location (Location , OutdoorID) values ('666 Highland Avenue Medford MA 02155', '196');
insert into Outdoor_Activity_Location (Location , OutdoorID) values ('999 Oak Lane Chelsea MA 02150', '164');
insert into Outdoor_Activity_Location (Location , OutdoorID) values ('888 Forest Street Salem MA 01970', '116');
insert into Outdoor_Activity_Location (Location , OutdoorID) values ('333 Hillcrest Avenue Worcester MA 01609', '4');
insert into Outdoor_Activity_Location (Location , OutdoorID) values ('333 Hillcrest Avenue Worcester MA 01609', '159');
insert into Outdoor_Activity_Location (Location , OutdoorID) values ('222 Elmwood Terrace Boston MA 02110', '107');
insert into Outdoor_Activity_Location (Location , OutdoorID) values ('999 Oak Lane Chelsea MA 02150', '26');
insert into Outdoor_Activity_Location (Location , OutdoorID) values ('333 Highland Road Lexington MA 02420', '118');
insert into Outdoor_Activity_Location (Location , OutdoorID) values ('666 Highland Avenue Medford MA 02155', '82');
insert into Outdoor_Activity_Location (Location , OutdoorID) values ('111 River Road Boston MA 02108', '166');
insert into Outdoor_Activity_Location (Location , OutdoorID) values ('777 Sunset Road Lowell MA 01851', '115');
insert into Outdoor_Activity_Location (Location , OutdoorID) values ('333 Hillcrest Avenue Worcester MA 01609', '192');
insert into Outdoor_Activity_Location (Location , OutdoorID) values ('888 Forest Street Salem MA 01970', '165');
insert into Outdoor_Activity_Location (Location , OutdoorID) values ('222 Elmwood Terrace Worcester MA 01601', '40');
insert into Outdoor_Activity_Location (Location , OutdoorID) values ('888 Forest Street Salem MA 01970', '74');
insert into Outdoor_Activity_Location (Location , OutdoorID) values ('555 Pineview Lane Cambridge MA 02141', '169');
insert into Outdoor_Activity_Location (Location , OutdoorID) values ('888 Forest Street Salem MA 01970', '195');
insert into Outdoor_Activity_Location (Location , OutdoorID) values ('222 Maple Street Quincy MA 02169', '127');
insert into Outdoor_Activity_Location (Location , OutdoorID) values ('111 River Road Lynn MA 01905', '65');
insert into Outdoor_Activity_Location (Location , OutdoorID) values ('999 Oak Lane Chelsea MA 02150', '198');
insert into Outdoor_Activity_Location (Location , OutdoorID) values ('666 River Drive Quincy MA 02169', '92');
insert into Outdoor_Activity_Location (Location , OutdoorID) values ('999 Oak Lane Chelsea MA 02150', '148');
insert into Outdoor_Activity_Location (Location , OutdoorID) values ('111 River Road Lynn MA 01905', '88');
insert into Outdoor_Activity_Location (Location , OutdoorID) values ('999 Oak Lane Chelsea MA 02150', '37');
insert into Outdoor_Activity_Location (Location , OutdoorID) values ('777 Hillcrest Drive Waltham MA 02451', '1');
insert into Outdoor_Activity_Location (Location , OutdoorID) values ('666 River Drive Quincy MA 02169', '102');
insert into Outdoor_Activity_Location (Location , OutdoorID) values ('222 Maple Street Quincy MA 02169', '7');
insert into Outdoor_Activity_Location (Location , OutdoorID) values ('888 Forest Street Salem MA 01970', '132');
insert into Outdoor_Activity_Location (Location , OutdoorID) values ('777 Sunset Road Lowell MA 01851', '61');
insert into Outdoor_Activity_Location (Location , OutdoorID) values ('555 Pineview Lane Cambridge MA 02141', '152');
insert into Outdoor_Activity_Location (Location , OutdoorID) values ('333 Hillcrest Avenue Worcester MA 01609', '176');
insert into Outdoor_Activity_Location (Location , OutdoorID) values ('777 Sunset Road Lowell MA 01851', '150');
insert into Outdoor_Activity_Location (Location , OutdoorID) values ('444 Cedar Road Springfield MA 01105', '139');
insert into Outdoor_Activity_Location (Location , OutdoorID) values ('222 Elmwood Terrace Worcester MA 01601', '90');
insert into Outdoor_Activity_Location (Location , OutdoorID) values ('111 River Road Lynn MA 01905', '62');
insert into Outdoor_Activity_Location (Location , OutdoorID) values ('999 Oak Lane Chelsea MA 02150', '50');
insert into Outdoor_Activity_Location (Location , OutdoorID) values ('666 River Drive Quincy MA 02169', '153');
insert into Outdoor_Activity_Location (Location , OutdoorID) values ('555 Spring Street Gloucester MA 01930', '156');
insert into Outdoor_Activity_Location (Location , OutdoorID) values ('333 Hillcrest Avenue Worcester MA 01609', '146');
insert into Outdoor_Activity_Location (Location , OutdoorID) values ('888 Forest Street Salem MA 01970', '113');
insert into Outdoor_Activity_Location (Location , OutdoorID) values ('888 Forest Street Brookline MA 02445', '76');
insert into Outdoor_Activity_Location (Location , OutdoorID) values ('222 Oakwood Terrace Medford MA 02155', '117');
insert into Outdoor_Activity_Location (Location , OutdoorID) values ('999 Oak Lane Chelsea MA 02150', '68');
insert into Outdoor_Activity_Location (Location , OutdoorID) values ('444 Sunset Boulevard Malden MA 02148', '129');
insert into Outdoor_Activity_Location (Location , OutdoorID) values ('333 Hillcrest Avenue Worcester MA 01609', '14');
insert into Outdoor_Activity_Location (Location , OutdoorID) values ('222 Elmwood Terrace Boston MA 02110', '200');
insert into Outdoor_Activity_Location (Location , OutdoorID) values ('222 Elmwood Terrace Boston MA 02110', '47');
insert into Outdoor_Activity_Location (Location , OutdoorID) values ('777 Sunset Road Lowell MA 01851', '104');
insert into Outdoor_Activity_Location (Location , OutdoorID) values ('222 Elmwood Terrace Boston MA 02110', '119');
insert into Outdoor_Activity_Location (Location , OutdoorID) values ('444 Cedar Road Springfield MA 01105', '38');
insert into Outdoor_Activity_Location (Location , OutdoorID) values ('777 Sunset Road Lowell MA 01851', '163');
insert into Outdoor_Activity_Location (Location , OutdoorID) values ('222 Maple Street Quincy MA 02169', '3');
insert into Outdoor_Activity_Location (Location , OutdoorID) values ('888 Forest Street Salem MA 01970', '86');
insert into Outdoor_Activity_Location (Location , OutdoorID) values ('888 Forest Street Brookline MA 02445', '131');
insert into Outdoor_Activity_Location (Location , OutdoorID) values ('666 Highland Avenue Medford MA 02155', '122');
insert into Outdoor_Activity_Location (Location , OutdoorID) values ('111 River Road Lynn MA 01905', '46');
insert into Outdoor_Activity_Location (Location , OutdoorID) values ('444 Cedar Road Springfield MA 01105', '52');
insert into Outdoor_Activity_Location (Location , OutdoorID) values ('444 Cedar Road Springfield MA 01105', '193');
insert into Outdoor_Activity_Location (Location , OutdoorID) values ('111 River Road Boston MA 02108', '167');
insert into Outdoor_Activity_Location (Location , OutdoorID) values ('888 Forest Street Salem MA 01970', '64');
insert into Outdoor_Activity_Location (Location , OutdoorID) values ('888 Forest Street Salem MA 01970', '31');
insert into Outdoor_Activity_Location (Location , OutdoorID) values ('555 Pineview Lane Cambridge MA 02141', '121');
insert into Outdoor_Activity_Location (Location , OutdoorID) values ('111 River Road Lynn MA 01905', '123');
insert into Outdoor_Activity_Location (Location , OutdoorID) values ('111 River Road Somerville MA 02143', '185');
insert into Outdoor_Activity_Location (Location , OutdoorID) values ('888 Forest Street Salem MA 01970', '151');
insert into Outdoor_Activity_Location (Location , OutdoorID) values ('888 Forest Street Salem MA 01970', '81');
insert into Outdoor_Activity_Location (Location , OutdoorID) values ('888 Forest Street Salem MA 01970', '60');
insert into Outdoor_Activity_Location (Location , OutdoorID) values ('999 Oak Lane Chelsea MA 02150', '145');
insert into Outdoor_Activity_Location (Location , OutdoorID) values ('333 Hillcrest Avenue Greenfield MA 01301', '63');
insert into Outdoor_Activity_Location (Location , OutdoorID) values ('111 River Road Lynn MA 01905', '83');
insert into Outdoor_Activity_Location (Location , OutdoorID) values ('777 Sunset Road Everett MA 02149', '49');
insert into Outdoor_Activity_Location (Location , OutdoorID) values ('444 Sunset Boulevard Malden MA 02148', '13');
insert into Outdoor_Activity_Location (Location , OutdoorID) values ('333 Hillcrest Avenue Worcester MA 01609', '190');
insert into Outdoor_Activity_Location (Location , OutdoorID) values ('555 Birch Lane Lowell MA 01852', '44');
insert into Outdoor_Activity_Location (Location , OutdoorID) values ('888 Forest Street Salem MA 01970', '54');
insert into Outdoor_Activity_Location (Location , OutdoorID) values ('777 Sunset Road Lowell MA 01851', '51');
insert into Outdoor_Activity_Location (Location , OutdoorID) values ('333 Hillcrest Avenue Worcester MA 01609', '168');
insert into Outdoor_Activity_Location (Location , OutdoorID) values ('555 Pineview Lane Cambridge MA 02141', '174');
insert into Outdoor_Activity_Location (Location , OutdoorID) values ('888 Forest Street Salem MA 01970', '181');
insert into Outdoor_Activity_Location (Location , OutdoorID) values ('666 River Drive Quincy MA 02169', '105');
insert into Outdoor_Activity_Location (Location , OutdoorID) values ('111 River Road Lynn MA 01905', '178');
insert into Outdoor_Activity_Location (Location , OutdoorID) values ('111 River Road Lynn MA 01905', '57');
insert into Outdoor_Activity_Location (Location , OutdoorID) values ('444 Cedar Road Springfield MA 01105', '24');
insert into Outdoor_Activity_Location (Location , OutdoorID) values ('555 Pineview Lane Cambridge MA 02141', '194');
insert into Outdoor_Activity_Location (Location , OutdoorID) values ('333 Hillcrest Avenue Worcester MA 01609', '42');
insert into Outdoor_Activity_Location (Location , OutdoorID) values ('333 Hillcrest Avenue Worcester MA 01609', '197');
insert into Outdoor_Activity_Location (Location , OutdoorID) values ('999 Oak Lane Chelsea MA 02150', '98');
insert into Outdoor_Activity_Location (Location , OutdoorID) values ('333 Hillcrest Avenue Worcester MA 01609', '147');
insert into Outdoor_Activity_Location (Location , OutdoorID) values ('111 Grove Avenue Lynn MA 01905', '41');
insert into Outdoor_Activity_Location (Location , OutdoorID) values ('777 Sunset Road Lowell MA 01851', '161');
insert into Outdoor_Activity_Location (Location , OutdoorID) values ('777 Sunset Road Lowell MA 01851', '21');
insert into Outdoor_Activity_Location (Location , OutdoorID) values ('333 Highland Road Lexington MA 02420', '100');
insert into Outdoor_Activity_Location (Location , OutdoorID) values ('555 Spring Street Gloucester MA 01930', '101');
insert into Outdoor_Activity_Location (Location , OutdoorID) values ('555 Pineview Lane Cambridge MA 02141', '186');
insert into Outdoor_Activity_Location (Location , OutdoorID) values ('111 River Road Lynn MA 01905', '71');
insert into Outdoor_Activity_Location (Location , OutdoorID) values ('888 Forest Street Brookline MA 02445', '28');
insert into Outdoor_Activity_Location (Location , OutdoorID) values ('222 Elmwood Terrace Boston MA 02110', '155');
insert into Outdoor_Activity_Location (Location , OutdoorID) values ('333 Highland Road Lexington MA 02420', '93');
insert into Outdoor_Activity_Location (Location , OutdoorID) values ('666 River Drive Quincy MA 02169', '130');
insert into Outdoor_Activity_Location (Location , OutdoorID) values ('666 River Drive Quincy MA 02169', '78');
insert into Outdoor_Activity_Location (Location , OutdoorID) values ('777 Sunset Road Lowell MA 01851', '160');
insert into Outdoor_Activity_Location (Location , OutdoorID) values ('444 Cedar Road Springfield MA 01105', '124');
insert into Outdoor_Activity_Location (Location , OutdoorID) values ('999 Oak Lane Chelsea MA 02150', '110');
insert into Outdoor_Activity_Location (Location , OutdoorID) values ('666 River Drive Quincy MA 02169', '109');
insert into Outdoor_Activity_Location (Location , OutdoorID) values ('222 Elmwood Terrace Boston MA 02110', '70');
insert into Outdoor_Activity_Location (Location , OutdoorID) values ('333 Hillcrest Avenue Worcester MA 01609', '177');
insert into Outdoor_Activity_Location (Location , OutdoorID) values ('999 Oak Lane Chelsea MA 02150', '106');
insert into Outdoor_Activity_Location (Location , OutdoorID) values ('333 Hillside Drive Springfield MA 01101', '114');
insert into Outdoor_Activity_Location (Location , OutdoorID) values ('333 Hillside Drive Springfield MA 01101', '187');
insert into Outdoor_Activity_Location (Location , OutdoorID) values ('666 River Drive Quincy MA 02169', '23');
insert into Outdoor_Activity_Location (Location , OutdoorID) values ('888 Forest Street Salem MA 01970', '91');
insert into Outdoor_Activity_Location (Location , OutdoorID) values ('555 Pineview Lane Cambridge MA 02141', '103');
insert into Outdoor_Activity_Location (Location , OutdoorID) values ('333 Hillside Drive Springfield MA 01101', '108');
insert into Outdoor_Activity_Location (Location , OutdoorID) values ('999 Oak Lane Chelsea MA 02150', '48');
insert into Outdoor_Activity_Location (Location , OutdoorID) values ('444 Sunset Boulevard Malden MA 02148', '53');
insert into Outdoor_Activity_Location (Location , OutdoorID) values ('333 Hillcrest Avenue Worcester MA 01609', '143');
insert into Outdoor_Activity_Location (Location , OutdoorID) values ('333 Highland Road Lexington MA 02420', '184');
insert into Outdoor_Activity_Location (Location , OutdoorID) values ('888 Forest Street Brookline MA 02445', '138');
insert into Outdoor_Activity_Location (Location , OutdoorID) values ('999 Oak Lane Quincy MA 02169', '9');
insert into Outdoor_Activity_Location (Location , OutdoorID) values ('222 Elmwood Terrace Worcester MA 01601', '178');
insert into Outdoor_Activity_Location (Location , OutdoorID) values ('555 Pineview Lane Lowell MA 01851', '162');
insert into Outdoor_Activity_Location (Location , OutdoorID) values ('777 Sunset Road Lowell MA 01851', '77');
insert into Outdoor_Activity_Location (Location , OutdoorID) values ('666 River Drive Quincy MA 02169', '80');
insert into Outdoor_Activity_Location (Location , OutdoorID) values ('888 Elm Avenue Worcester MA 01601', '132');
insert into Outdoor_Activity_Location (Location , OutdoorID) values ('333 Hillcrest Avenue Worcester MA 01609', '200');
insert into Outdoor_Activity_Location (Location , OutdoorID) values ('999 Oak Lane Chelsea MA 02150', '100');
insert into Outdoor_Activity_Location (Location , OutdoorID) values ('999 Oak Lane Quincy MA 02169', '76');
insert into Outdoor_Activity_Location (Location , OutdoorID) values ('444 Cedar Road Springfield MA 01105', '189');
insert into Outdoor_Activity_Location (Location , OutdoorID) values ('444 Cedar Road Springfield MA 01105', '93');
insert into Outdoor_Activity_Location (Location , OutdoorID) values ('444 Cedar Road Brookline MA 02445', '89');
insert into Outdoor_Activity_Location (Location , OutdoorID) values ('999 Oak Lane Chelsea MA 02150', '37');
insert into Outdoor_Activity_Location (Location , OutdoorID) values ('777 Sunset Road Everett MA 02149', '32');
insert into Outdoor_Activity_Location (Location , OutdoorID) values ('333 Hillcrest Avenue Worcester MA 01609', '63');
insert into Outdoor_Activity_Location (Location , OutdoorID) values ('999 Oak Lane Chelsea MA 02150', '108');
insert into Outdoor_Activity_Location (Location , OutdoorID) values ('555 Birch Lane Lowell MA 01852', '34');
insert into Outdoor_Activity_Location (Location , OutdoorID) values ('666 River Drive Quincy MA 02169', '85');

/* Restaurants */
insert into Restaurants (RestaurantID, Name, Reservations, CuisineType, PriceTag, ActivityTypeID) values (1, 'Taco Town', 1, 'Korean', '$$', '3');
insert into Restaurants (RestaurantID, Name, Reservations, CuisineType, PriceTag, ActivityTypeID) values (2, 'The Fish Fry', 0, 'French', '$$$$', '3');
insert into Restaurants (RestaurantID, Name, Reservations, CuisineType, PriceTag, ActivityTypeID) values (3, 'The Sandwich Spot', 1, 'American', '$', '3');
insert into Restaurants (RestaurantID, Name, Reservations, CuisineType, PriceTag, ActivityTypeID) values (4, 'Mama Mia''s Pizzeria', 1, 'Brazilian', '$$$', '3');
insert into Restaurants (RestaurantID, Name, Reservations, CuisineType, PriceTag, ActivityTypeID) values (5, 'Wok n Roll', 0, 'French', '$$$$$', '3');
insert into Restaurants (RestaurantID, Name, Reservations, CuisineType, PriceTag, ActivityTypeID) values (6, 'Bella Italia', 0, 'Greek', '$$$$', '3');
insert into Restaurants (RestaurantID, Name, Reservations, CuisineType, PriceTag, ActivityTypeID) values (7, 'The Food Truck', 0, 'Japanese', '$$$$', '3');
insert into Restaurants (RestaurantID, Name, Reservations, CuisineType, PriceTag, ActivityTypeID) values (8, 'The Juice Bar', 0, 'Thai', '$$$$', '3');
insert into Restaurants (RestaurantID, Name, Reservations, CuisineType, PriceTag, ActivityTypeID) values (9, 'Mama Mia''s Pizzeria', 0, 'Vietnamese', '$$$', '3');
insert into Restaurants (RestaurantID, Name, Reservations, CuisineType, PriceTag, ActivityTypeID) values (10, 'The Hot Dog Stand', 1, 'Moroccan', '$$$$', '3');
insert into Restaurants (RestaurantID, Name, Reservations, CuisineType, PriceTag, ActivityTypeID) values (11, 'Wok n Roll', 0, 'Turkish', '$$$$$', '3');
insert into Restaurants (RestaurantID, Name, Reservations, CuisineType, PriceTag, ActivityTypeID) values (12, 'Taco Town', 0, 'Japanese', '$$', '3');
insert into Restaurants (RestaurantID, Name, Reservations, CuisineType, PriceTag, ActivityTypeID) values (13, 'The Diner', 0, 'Chinese', '$$$', '3');
insert into Restaurants (RestaurantID, Name, Reservations, CuisineType, PriceTag, ActivityTypeID) values (14, 'The Ice Cream Parlor', 0, 'Indian', '$$$$$', '3');
insert into Restaurants (RestaurantID, Name, Reservations, CuisineType, PriceTag, ActivityTypeID) values (15, 'The Tapas Tavern', 1, 'Mexican', '$$$$$', '3');
insert into Restaurants (RestaurantID, Name, Reservations, CuisineType, PriceTag, ActivityTypeID) values (16, 'The Bistro', 0, 'Italian', '$$$', '3');
insert into Restaurants (RestaurantID, Name, Reservations, CuisineType, PriceTag, ActivityTypeID) values (17, 'The Spice House', 0, 'French', '$$$$$', '3');
insert into Restaurants (RestaurantID, Name, Reservations, CuisineType, PriceTag, ActivityTypeID) values (18, 'Burger Barn', 1, 'Moroccan', '$$$$', '3');
insert into Restaurants (RestaurantID, Name, Reservations, CuisineType, PriceTag, ActivityTypeID) values (19, 'The Bagel Bakery', 1, 'Mediterranean', '$$$$', '3');
insert into Restaurants (RestaurantID, Name, Reservations, CuisineType, PriceTag, ActivityTypeID) values (20, 'The Donut Shop', 1, 'Brazilian', '$$$$', '3');
insert into Restaurants (RestaurantID, Name, Reservations, CuisineType, PriceTag, ActivityTypeID) values (21, 'The Smoothie Shack', 1, 'Vietnamese', '$$$', '3');
insert into Restaurants (RestaurantID, Name, Reservations, CuisineType, PriceTag, ActivityTypeID) values (22, 'Wok n Roll', 1, 'Mexican', '$$$$', '3');
insert into Restaurants (RestaurantID, Name, Reservations, CuisineType, PriceTag, ActivityTypeID) values (23, 'The BBQ Pit', 1, 'Chinese', '$$$', '3');
insert into Restaurants (RestaurantID, Name, Reservations, CuisineType, PriceTag, ActivityTypeID) values (24, 'Wok n Roll', 1, 'American', '$', '3');
insert into Restaurants (RestaurantID, Name, Reservations, CuisineType, PriceTag, ActivityTypeID) values (25, 'The Cheesy Grill', 0, 'French', '$$$', '3');
insert into Restaurants (RestaurantID, Name, Reservations, CuisineType, PriceTag, ActivityTypeID) values (26, 'The Diner', 0, 'Mexican', '$$$$$', '3');
insert into Restaurants (RestaurantID, Name, Reservations, CuisineType, PriceTag, ActivityTypeID) values (27, 'The Breakfast Club', 1, 'Greek', '$$$$$', '3');
insert into Restaurants (RestaurantID, Name, Reservations, CuisineType, PriceTag, ActivityTypeID) values (28, 'The Salad Bar', 0, 'Mexican', '$$$$$', '3');
insert into Restaurants (RestaurantID, Name, Reservations, CuisineType, PriceTag, ActivityTypeID) values (29, 'Taste of Thailand', 1, 'Indian', '$$$$', '3');
insert into Restaurants (RestaurantID, Name, Reservations, CuisineType, PriceTag, ActivityTypeID) values (30, 'The Veggie Patch', 1, 'Chinese', '$$$$$', '3');
insert into Restaurants (RestaurantID, Name, Reservations, CuisineType, PriceTag, ActivityTypeID) values (31, 'The BBQ Pit', 1, 'Brazilian', '$$', '3');
insert into Restaurants (RestaurantID, Name, Reservations, CuisineType, PriceTag, ActivityTypeID) values (32, 'The Hot Dog Stand', 1, 'Greek', '$', '3');
insert into Restaurants (RestaurantID, Name, Reservations, CuisineType, PriceTag, ActivityTypeID) values (33, 'The Pancake Place', 1, 'Korean', '$$$$', '3');
insert into Restaurants (RestaurantID, Name, Reservations, CuisineType, PriceTag, ActivityTypeID) values (34, 'The Bistro', 1, 'Italian', '$$', '3');
insert into Restaurants (RestaurantID, Name, Reservations, CuisineType, PriceTag, ActivityTypeID) values (35, 'Burger Barn', 0, 'Brazilian', '$$$$', '3');
insert into Restaurants (RestaurantID, Name, Reservations, CuisineType, PriceTag, ActivityTypeID) values (36, 'The Spice House', 1, 'Indian', '$$$$$', '3');
insert into Restaurants (RestaurantID, Name, Reservations, CuisineType, PriceTag, ActivityTypeID) values (37, 'The Soup Kitchen', 1, 'Chinese', '$$', '3');
insert into Restaurants (RestaurantID, Name, Reservations, CuisineType, PriceTag, ActivityTypeID) values (38, 'Pizza Palace', 1, 'American', '$$$$$', '3');
insert into Restaurants (RestaurantID, Name, Reservations, CuisineType, PriceTag, ActivityTypeID) values (39, 'Bella Italia', 0, 'Japanese', '$$$', '3');
insert into Restaurants (RestaurantID, Name, Reservations, CuisineType, PriceTag, ActivityTypeID) values (40, 'The Salad Bar', 1, 'Moroccan', '$', '3');

/* Restaurant_location */
insert into Restaurant_Location (Location, RestaurantID) values ('444 Pass', '21');
insert into Restaurant_Location (Location, RestaurantID) values ('666 Spruce St Boston MA 02109', '38');
insert into Restaurant_Location (Location, RestaurantID) values ('666 Pineapple St Boston MA 02127', '3');
insert into Restaurant_Location (Location, RestaurantID) values ('111 Strawberry St Boston MA 02131', '22');
insert into Restaurant_Location (Location, RestaurantID) values ('101 Oak St Boston MA 02104', '25');
insert into Restaurant_Location (Location, RestaurantID) values ('555 Birch St Boston MA 02108', '39');
insert into Restaurant_Location (Location, RestaurantID) values ('222 Pine St Boston MA 02105', '11');
insert into Restaurant_Location (Location, RestaurantID) values ('999 Cherry St Boston MA 02112', '7');
insert into Restaurant_Location (Location, RestaurantID) values ('555 Watermelon St Boston MA 02126', '14');
insert into Restaurant_Location (Location, RestaurantID) values ('666 Pineapple St Boston MA 02127', '24');
insert into Restaurant_Location (Location, RestaurantID) values ('444 Pass', '6');
insert into Restaurant_Location (Location, RestaurantID) values ('222 Kiwi St Boston MA 02132', '26');
insert into Restaurant_Location (Location, RestaurantID) values ('789 Maple St Boston MA 02103', '20');
insert into Restaurant_Location (Location, RestaurantID) values ('555 Orange St Boston MA 02117', '23');
insert into Restaurant_Location (Location, RestaurantID) values ('777 Ash St Boston MA 02110', '31');
insert into Restaurant_Location (Location, RestaurantID) values ('111 Banana St Boston MA 02122', '15');
insert into Restaurant_Location (Location, RestaurantID) values ('888 Coconut St Boston MA 02120', '36');
insert into Restaurant_Location (Location, RestaurantID) values ('123 Main St Boston MA 02101', '35');
insert into Restaurant_Location (Location, RestaurantID) values ('555 Birch St Boston MA 02108', '40');
insert into Restaurant_Location (Location, RestaurantID) values ('999 Blackberry St Boston MA 02130', '33');
insert into Restaurant_Location (Location, RestaurantID) values ('999 Mango St Boston MA 02121', '10');
insert into Restaurant_Location (Location, RestaurantID) values ('333 Pear St Boston MA 02124', '2');
insert into Restaurant_Location (Location, RestaurantID) values ('123 Main St Boston MA 02101', '29');
insert into Restaurant_Location (Location, RestaurantID) values ('888 Raspberry St Boston MA 02129', '5');
insert into Restaurant_Location (Location, RestaurantID) values ('777 Blueberry St Boston MA 02128', '34');
insert into Restaurant_Location (Location, RestaurantID) values ('444 Pass', '28');
insert into Restaurant_Location (Location, RestaurantID) values ('666 Spruce St Boston MA 02109', '1');
insert into Restaurant_Location (Location, RestaurantID) values ('222 Pine St Boston MA 02105', '9');
insert into Restaurant_Location (Location, RestaurantID) values ('888 Willow St Boston MA 02111', '18');
insert into Restaurant_Location (Location, RestaurantID) values ('111 Banana St Boston MA 02122', '30');
insert into Restaurant_Location (Location, RestaurantID) values ('888 Coconut St Boston MA 02120', '12');
insert into Restaurant_Location (Location, RestaurantID) values ('222 Pine St Boston MA 02105', '8');
insert into Restaurant_Location (Location, RestaurantID) values ('555 Orange St Boston MA 02117', '4');
insert into Restaurant_Location (Location, RestaurantID) values ('555 Birch St Boston MA 02108', '17');
insert into Restaurant_Location (Location, RestaurantID) values ('111 Strawberry St Boston MA 02131', '19');
insert into Restaurant_Location (Location, RestaurantID) values ('444 Avocado St Boston MA 02125', '16');
insert into Restaurant_Location (Location, RestaurantID) values ('666 Pineapple St Boston MA 02127', '37');
insert into Restaurant_Location (Location, RestaurantID) values ('555 Orange St Boston MA 02117', '27');
insert into Restaurant_Location (Location, RestaurantID) values ('555 Birch St Boston MA 02108', '13');
insert into Restaurant_Location (Location, RestaurantID) values ('222 Pine St Boston MA 02105', '32');
insert into Restaurant_Location (Location, RestaurantID) values ('456 Elm St Boston MA 02102', '26');
insert into Restaurant_Location (Location, RestaurantID) values ('222 Kiwi St Boston MA 02132', '25');
insert into Restaurant_Location (Location, RestaurantID) values ('555 Birch St Boston MA 02108', '24');
insert into Restaurant_Location (Location, RestaurantID) values ('999 Cherry St Boston MA 02112', '4');
insert into Restaurant_Location (Location, RestaurantID) values ('333 Papaya St Boston MA 02133', '34');
insert into Restaurant_Location (Location, RestaurantID) values ('111 Strawberry St Boston MA 02131', '16');
insert into Restaurant_Location (Location, RestaurantID) values ('789 Maple St Boston MA 02103', '37');
insert into Restaurant_Location (Location, RestaurantID) values ('999 Mango St Boston MA 02121', '1');
insert into Restaurant_Location (Location, RestaurantID) values ('666 Spruce St Boston MA 02109', '15');
insert into Restaurant_Location (Location, RestaurantID) values ('777 Blueberry St Boston MA 02128', '18');
insert into Restaurant_Location (Location, RestaurantID) values ('555 Birch St Boston MA 02108', '29');
insert into Restaurant_Location (Location, RestaurantID) values ('666 Lemon St Boston MA 02118', '36');
insert into Restaurant_Location (Location, RestaurantID) values ('333 Grape St Boston MA 02115', '33');
insert into Restaurant_Location (Location, RestaurantID) values ('333 Papaya St Boston MA 02133', '8');
insert into Restaurant_Location (Location, RestaurantID) values ('333 Grape St Boston MA 02115', '17');
insert into Restaurant_Location (Location, RestaurantID) values ('666 Spruce St Boston MA 02109', '19');
insert into Restaurant_Location (Location, RestaurantID) values ('333 Pear St Boston MA 02124', '30');
insert into Restaurant_Location (Location, RestaurantID) values ('555 Birch St Boston MA 02108', '2');
insert into Restaurant_Location (Location, RestaurantID) values ('666 Pineapple St Boston MA 02127', '7');
insert into Restaurant_Location (Location, RestaurantID) values ('123 Main St Boston MA 02101', '39');
insert into Restaurant_Location (Location, RestaurantID) values ('888 Coconut St Boston MA 02120', '12');
insert into Restaurant_Location (Location, RestaurantID) values ('333 Papaya St Boston MA 02133', '6');
insert into Restaurant_Location (Location, RestaurantID) values ('222 Kiwi St Boston MA 02132', '9');
insert into Restaurant_Location (Location, RestaurantID) values ('666 Pineapple St Boston MA 02127', '21');
insert into Restaurant_Location (Location, RestaurantID) values ('222 Kiwi St Boston MA 02132', '5');
insert into Restaurant_Location (Location, RestaurantID) values ('555 Birch St Boston MA 02108', '32');
insert into Restaurant_Location (Location, RestaurantID) values ('789 Maple St Boston MA 02103', '28');
insert into Restaurant_Location (Location, RestaurantID) values ('555 Birch St Boston MA 02108', '22');
insert into Restaurant_Location (Location, RestaurantID) values ('666 Lemon St Boston MA 02118', '35');
insert into Restaurant_Location (Location, RestaurantID) values ('101 Oak St Boston MA 02104', '23');
insert into Restaurant_Location (Location, RestaurantID) values ('555 Orange St Boston MA 02117', '40');
insert into Restaurant_Location (Location, RestaurantID) values ('999 Cherry St Boston MA 02112', '27');
insert into Restaurant_Location (Location, RestaurantID) values ('666 Lemon St Boston MA 02118', '38');
insert into Restaurant_Location (Location, RestaurantID) values ('666 Spruce St Boston MA 02109', '20');
insert into Restaurant_Location (Location, RestaurantID) values ('333 Walnut St Boston MA 02106', '11');
insert into Restaurant_Location (Location, RestaurantID) values ('777 Ash St Boston MA 02110', '13');
insert into Restaurant_Location (Location, RestaurantID) values ('456 Elm St Boston MA 02102', '10');
insert into Restaurant_Location (Location, RestaurantID) values ('333 Papaya St Boston MA 02133', '3');
insert into Restaurant_Location (Location, RestaurantID) values ('333 Pear St Boston MA 02124', '31');
insert into Restaurant_Location (Location, RestaurantID) values ('222 Peach St Boston MA 02114', '14');
insert into Restaurant_Location (Location, RestaurantID) values ('444 Avocado St Boston MA 02125', '24');
insert into Restaurant_Location (Location, RestaurantID) values ('333 Pear St Boston MA 02124', '26');
insert into Restaurant_Location (Location, RestaurantID) values ('333 Grape St Boston MA 02115', '33');
insert into Restaurant_Location (Location, RestaurantID) values ('999 Cherry St Boston MA 02112', '3');
insert into Restaurant_Location (Location, RestaurantID) values ('999 Blackberry St Boston MA 02130', '9');
insert into Restaurant_Location (Location, RestaurantID) values ('222 Kiwi St Boston MA 02132', '34');
insert into Restaurant_Location (Location, RestaurantID) values ('333 Pear St Boston MA 02124', '15');
insert into Restaurant_Location (Location, RestaurantID) values ('555 Birch St Boston MA 02108', '31');
insert into Restaurant_Location (Location, RestaurantID) values ('789 Maple St Boston MA 02103', '12');
insert into Restaurant_Location (Location, RestaurantID) values ('333 Walnut St Boston MA 02106', '39');
insert into Restaurant_Location (Location, RestaurantID) values ('456 Elm St Boston MA 02102', '27');
insert into Restaurant_Location (Location, RestaurantID) values ('999 Mango St Boston MA 02121', '37');
insert into Restaurant_Location (Location, RestaurantID) values ('222 Apple St Boston MA 02123', '20');
insert into Restaurant_Location (Location, RestaurantID) values ('999 Cherry St Boston MA 02112', '32');
insert into Restaurant_Location (Location, RestaurantID) values ('333 Papaya St Boston MA 02133', '35');
insert into Restaurant_Location (Location, RestaurantID) values ('222 Kiwi St Boston MA 02132', '25');
insert into Restaurant_Location (Location, RestaurantID) values ('789 Maple St Boston MA 02103', '5');
insert into Restaurant_Location (Location, RestaurantID) values ('222 Kiwi St Boston MA 02132', '6');
insert into Restaurant_Location (Location, RestaurantID) values ('888 Willow St Boston MA 02111', '19');
insert into Restaurant_Location (Location, RestaurantID) values ('777 Ash St Boston MA 02110', '23');
insert into Restaurant_Location (Location, RestaurantID) values ('444 Berry St Boston MA 02116', '36');
insert into Restaurant_Location (Location, RestaurantID) values ('222 Peach St Boston MA 02114', '10');
insert into Restaurant_Location (Location, RestaurantID) values ('444 Avocado St Boston MA 02125', '17');
insert into Restaurant_Location (Location, RestaurantID) values ('444 Cedar St Boston MA 02107', '11');
insert into Restaurant_Location (Location, RestaurantID) values ('444 Berry St Boston MA 02116', '8');
insert into Restaurant_Location (Location, RestaurantID) values ('101 Oak St Boston MA 02104', '18');
insert into Restaurant_Location (Location, RestaurantID) values ('456 Elm St Boston MA 02102', '16');
insert into Restaurant_Location (Location, RestaurantID) values ('555 Orange St Boston MA 02117', '14');
insert into Restaurant_Location (Location, RestaurantID) values ('555 Watermelon St Boston MA 02126', '22');
insert into Restaurant_Location (Location, RestaurantID) values ('444 Berry St Boston MA 02116', '40');
insert into Restaurant_Location (Location, RestaurantID) values ('888 Coconut St Boston MA 02120', '4');
insert into Restaurant_Location (Location, RestaurantID) values ('777 Ash St Boston MA 02110', '21');
insert into Restaurant_Location (Location, RestaurantID) values ('777 Ash St Boston MA 02110', '1');
insert into Restaurant_Location (Location, RestaurantID) values ('444 Cedar St Boston MA 02107', '28');
insert into Restaurant_Location (Location, RestaurantID) values ('456 Elm St Boston MA 02102', '30');
insert into Restaurant_Location (Location, RestaurantID) values ('123 Main St Boston MA 02101', '29');
insert into Restaurant_Location (Location, RestaurantID) values ('444 Pass', '13');
insert into Restaurant_Location (Location, RestaurantID) values ('888 Raspberry St Boston MA 02129', '7');
insert into Restaurant_Location (Location, RestaurantID) values ('888 Raspberry St Boston MA 02129', '38');
insert into Restaurant_Location (Location, RestaurantID) values ('666 Spruce St Boston MA 02109', '2');
insert into Restaurant_Location (Location, RestaurantID) values ('222 Apple St Boston MA 02123', '9');
insert into Restaurant_Location (Location, RestaurantID) values ('333 Walnut St Boston MA 02106', '6');
insert into Restaurant_Location (Location, RestaurantID) values ('222 Kiwi St Boston MA 02132', '40');
insert into Restaurant_Location (Location, RestaurantID) values ('444 Berry St Boston MA 02116', '26');
insert into Restaurant_Location (Location, RestaurantID) values ('444 Berry St Boston MA 02116', '13');
insert into Restaurant_Location (Location, RestaurantID) values ('999 Blackberry St Boston MA 02130', '7');
insert into Restaurant_Location (Location, RestaurantID) values ('222 Pine St Boston MA 02105', '35');
insert into Restaurant_Location (Location, RestaurantID) values ('666 Lemon St Boston MA 02118', '20');
insert into Restaurant_Location (Location, RestaurantID) values ('666 Lemon St Boston MA 02118', '15');
insert into Restaurant_Location (Location, RestaurantID) values ('333 Grape St Boston MA 02115', '5');
insert into Restaurant_Location (Location, RestaurantID) values ('444 Avocado St Boston MA 02125', '17');
insert into Restaurant_Location (Location, RestaurantID) values ('777 Ash St Boston MA 02110', '21');
insert into Restaurant_Location (Location, RestaurantID) values ('777 Blueberry St Boston MA 02128', '30');
insert into Restaurant_Location (Location, RestaurantID) values ('123 Main St Boston MA 02101', '38');
insert into Restaurant_Location (Location, RestaurantID) values ('111 Plum St Boston MA 02113', '37');
insert into Restaurant_Location (Location, RestaurantID) values ('777 Lime St Boston MA 02119', '31');
insert into Restaurant_Location (Location, RestaurantID) values ('222 Peach St Boston MA 02114', '16');
insert into Restaurant_Location (Location, RestaurantID) values ('456 Elm St Boston MA 02102', '32');
insert into Restaurant_Location (Location, RestaurantID) values ('444 Berry St Boston MA 02116', '27');
insert into Restaurant_Location (Location, RestaurantID) values ('777 Blueberry St Boston MA 02128', '36');
insert into Restaurant_Location (Location, RestaurantID) values ('444 Pass', '3');
insert into Restaurant_Location (Location, RestaurantID) values ('444 Cedar St Boston MA 02107', '4');
insert into Restaurant_Location (Location, RestaurantID) values ('999 Mango St Boston MA 02121', '1');
insert into Restaurant_Location (Location, RestaurantID) values ('222 Pine St Boston MA 02105', '25');
insert into Restaurant_Location (Location, RestaurantID) values ('444 Cedar St Boston MA 02107', '34');
insert into Restaurant_Location (Location, RestaurantID) values ('444 Berry St Boston MA 02116', '18');
insert into Restaurant_Location (Location, RestaurantID) values ('222 Apple St Boston MA 02123', '8');
insert into Restaurant_Location (Location, RestaurantID) values ('999 Blackberry St Boston MA 02130', '39');
insert into Restaurant_Location (Location, RestaurantID) values ('999 Mango St Boston MA 02121', '23');
insert into Restaurant_Location (Location, RestaurantID) values ('999 Cherry St Boston MA 02112', '19');
insert into Restaurant_Location (Location, RestaurantID) values ('777 Lime St Boston MA 02119', '14');
insert into Restaurant_Location (Location, RestaurantID) values ('456 Elm St Boston MA 02102', '2');
insert into Restaurant_Location (Location, RestaurantID) values ('333 Papaya St Boston MA 02133', '28');
insert into Restaurant_Location (Location, RestaurantID) values ('123 Main St Boston MA 02101', '11');
insert into Restaurant_Location (Location, RestaurantID) values ('444 Berry St Boston MA 02116', '22');
insert into Restaurant_Location (Location, RestaurantID) values ('999 Blackberry St Boston MA 02130', '12');
insert into Restaurant_Location (Location, RestaurantID) values ('111 Plum St Boston MA 02113', '33');
insert into Restaurant_Location (Location, RestaurantID) values ('333 Grape St Boston MA 02115', '29');
insert into Restaurant_Location (Location, RestaurantID) values ('333 Papaya St Boston MA 02133', '24');
insert into Restaurant_Location (Location, RestaurantID) values ('222 Peach St Boston MA 02114', '10');
insert into Restaurant_Location (Location, RestaurantID) values ('555 Birch St Boston MA 02108', '14');
insert into Restaurant_Location (Location, RestaurantID) values ('111 Plum St Boston MA 02113', '6');
insert into Restaurant_Location (Location, RestaurantID) values ('123 Main St Boston MA 02101', '40');
insert into Restaurant_Location (Location, RestaurantID) values ('222 Peach St Boston MA 02114', '10');
insert into Restaurant_Location (Location, RestaurantID) values ('666 Lemon St Boston MA 02118', '36');
insert into Restaurant_Location (Location, RestaurantID) values ('333 Papaya St Boston MA 02133', '39');
insert into Restaurant_Location (Location, RestaurantID) values ('444 Avocado St Boston MA 02125', '38');
insert into Restaurant_Location (Location, RestaurantID) values ('888 Willow St Boston MA 02111', '5');
insert into Restaurant_Location (Location, RestaurantID) values ('999 Mango St Boston MA 02121', '21');
insert into Restaurant_Location (Location, RestaurantID) values ('444 Cedar St Boston MA 02107', '9');
insert into Restaurant_Location (Location, RestaurantID) values ('999 Mango St Boston MA 02121', '15');
insert into Restaurant_Location (Location, RestaurantID) values ('777 Lime St Boston MA 02119', '3');
insert into Restaurant_Location (Location, RestaurantID) values ('777 Ash St Boston MA 02110', '25');
insert into Restaurant_Location (Location, RestaurantID) values ('888 Willow St Boston MA 02111', '37');
insert into Restaurant_Location (Location, RestaurantID) values ('456 Elm St Boston MA 02102', '31');
insert into Restaurant_Location (Location, RestaurantID) values ('456 Elm St Boston MA 02102', '27');
insert into Restaurant_Location (Location, RestaurantID) values ('555 Watermelon St Boston MA 02126', '22');
insert into Restaurant_Location (Location, RestaurantID) values ('777 Lime St Boston MA 02119', '18');
insert into Restaurant_Location (Location, RestaurantID) values ('777 Blueberry St Boston MA 02128', '24');
insert into Restaurant_Location (Location, RestaurantID) values ('111 Banana St Boston MA 02122', '30');
insert into Restaurant_Location (Location, RestaurantID) values ('777 Blueberry St Boston MA 02128', '26');
insert into Restaurant_Location (Location, RestaurantID) values ('444 Avocado St Boston MA 02125', '19');
insert into Restaurant_Location (Location, RestaurantID) values ('555 Birch St Boston MA 02108', '34');
insert into Restaurant_Location (Location, RestaurantID) values ('789 Maple St Boston MA 02103', '20');
insert into Restaurant_Location (Location, RestaurantID) values ('999 Cherry St Boston MA 02112', '16');
insert into Restaurant_Location (Location, RestaurantID) values ('222 Peach St Boston MA 02114', '4');
insert into Restaurant_Location (Location, RestaurantID) values ('222 Kiwi St Boston MA 02132', '11');
insert into Restaurant_Location (Location, RestaurantID) values ('111 Strawberry St Boston MA 02131', '28');
insert into Restaurant_Location (Location, RestaurantID) values ('444 Berry St Boston MA 02116', '29');
insert into Restaurant_Location (Location, RestaurantID) values ('777 Ash St Boston MA 02110', '8');
insert into Restaurant_Location (Location, RestaurantID) values ('123 Main St Boston MA 02101', '1');
insert into Restaurant_Location (Location, RestaurantID) values ('444 Berry St Boston MA 02116', '7');
insert into Restaurant_Location (Location, RestaurantID) values ('444 Avocado St Boston MA 02125', '2');
insert into Restaurant_Location (Location, RestaurantID) values ('666 Spruce St Boston MA 02109', '12');
insert into Restaurant_Location (Location, RestaurantID) values ('222 Kiwi St Boston MA 02132', '33');
insert into Restaurant_Location (Location, RestaurantID) values ('111 Plum St Boston MA 02113', '23');
insert into Restaurant_Location (Location, RestaurantID) values ('222 Peach St Boston MA 02114', '32');
insert into Restaurant_Location (Location, RestaurantID) values ('222 Apple St Boston MA 02123', '17');
insert into Restaurant_Location (Location, RestaurantID) values ('999 Mango St Boston MA 02121', '35');
insert into Restaurant_Location (Location, RestaurantID) values ('444 Berry St Boston MA 02116', '13');

/* TransportationType */
insert into TransportationType (Type_of_Transpo, TransportationID) values ('bicycle', '907');
insert into TransportationType (Type_of_Transpo, TransportationID) values ('bicycle', '390');
insert into TransportationType (Type_of_Transpo, TransportationID) values ('scooter', '721');
insert into TransportationType (Type_of_Transpo, TransportationID) values ('scooter', '683');
insert into TransportationType (Type_of_Transpo, TransportationID) values ('zeppelin', '144');
insert into TransportationType (Type_of_Transpo, TransportationID) values ('car', '681');
insert into TransportationType (Type_of_Transpo, TransportationID) values ('helicopter', '768');
insert into TransportationType (Type_of_Transpo, TransportationID) values ('car', '428');
insert into TransportationType (Type_of_Transpo, TransportationID) values ('scooter', '403');
insert into TransportationType (Type_of_Transpo, TransportationID) values ('bicycle', '651');
insert into TransportationType (Type_of_Transpo, TransportationID) values ('train', '710');
insert into TransportationType (Type_of_Transpo, TransportationID) values ('hovercraft', '39');
insert into TransportationType (Type_of_Transpo, TransportationID) values ('bicycle', '896');
insert into TransportationType (Type_of_Transpo, TransportationID) values ('zeppelin', '10');
insert into TransportationType (Type_of_Transpo, TransportationID) values ('zeppelin', '174');
insert into TransportationType (Type_of_Transpo, TransportationID) values ('helicopter', '251');
insert into TransportationType (Type_of_Transpo, TransportationID) values ('scooter', '278');
insert into TransportationType (Type_of_Transpo, TransportationID) values ('helicopter', '885');
insert into TransportationType (Type_of_Transpo, TransportationID) values ('hovercraft', '235');
insert into TransportationType (Type_of_Transpo, TransportationID) values ('bus', '131');
insert into TransportationType (Type_of_Transpo, TransportationID) values ('hot air balloon', '518');
insert into TransportationType (Type_of_Transpo, TransportationID) values ('hot air balloon', '974');
insert into TransportationType (Type_of_Transpo, TransportationID) values ('zeppelin', '17');
insert into TransportationType (Type_of_Transpo, TransportationID) values ('zeppelin', '214');
insert into TransportationType (Type_of_Transpo, TransportationID) values ('car', '400');
insert into TransportationType (Type_of_Transpo, TransportationID) values ('bicycle', '528');
insert into TransportationType (Type_of_Transpo, TransportationID) values ('submarine', '853');
insert into TransportationType (Type_of_Transpo, TransportationID) values ('zeppelin', '783');
insert into TransportationType (Type_of_Transpo, TransportationID) values ('submarine', '430');
insert into TransportationType (Type_of_Transpo, TransportationID) values ('submarine', '285');
insert into TransportationType (Type_of_Transpo, TransportationID) values ('hovercraft', '922');
insert into TransportationType (Type_of_Transpo, TransportationID) values ('submarine', '115');
insert into TransportationType (Type_of_Transpo, TransportationID) values ('hot air balloon', '587');
insert into TransportationType (Type_of_Transpo, TransportationID) values ('helicopter', '582');
insert into TransportationType (Type_of_Transpo, TransportationID) values ('hot air balloon', '686');
insert into TransportationType (Type_of_Transpo, TransportationID) values ('bicycle', '470');
insert into TransportationType (Type_of_Transpo, TransportationID) values ('scooter', '496');
insert into TransportationType (Type_of_Transpo, TransportationID) values ('submarine', '507');
insert into TransportationType (Type_of_Transpo, TransportationID) values ('helicopter', '110');
insert into TransportationType (Type_of_Transpo, TransportationID) values ('hovercraft', '415');
insert into TransportationType (Type_of_Transpo, TransportationID) values ('scooter', '646');
insert into TransportationType (Type_of_Transpo, TransportationID) values ('scooter', '103');
insert into TransportationType (Type_of_Transpo, TransportationID) values ('scooter', '722');
insert into TransportationType (Type_of_Transpo, TransportationID) values ('bicycle', '342');
insert into TransportationType (Type_of_Transpo, TransportationID) values ('scooter', '797');
insert into TransportationType (Type_of_Transpo, TransportationID) values ('submarine', '790');
insert into TransportationType (Type_of_Transpo, TransportationID) values ('car', '623');
insert into TransportationType (Type_of_Transpo, TransportationID) values ('submarine', '544');
insert into TransportationType (Type_of_Transpo, TransportationID) values ('train', '207');
insert into TransportationType (Type_of_Transpo, TransportationID) values ('car', '601');
insert into TransportationType (Type_of_Transpo, TransportationID) values ('hot air balloon', '269');
insert into TransportationType (Type_of_Transpo, TransportationID) values ('zeppelin', '537');
insert into TransportationType (Type_of_Transpo, TransportationID) values ('hovercraft', '153');
insert into TransportationType (Type_of_Transpo, TransportationID) values ('scooter', '123');
insert into TransportationType (Type_of_Transpo, TransportationID) values ('hot air balloon', '193');
insert into TransportationType (Type_of_Transpo, TransportationID) values ('bus', '989');
insert into TransportationType (Type_of_Transpo, TransportationID) values ('bus', '234');
insert into TransportationType (Type_of_Transpo, TransportationID) values ('car', '492');
insert into TransportationType (Type_of_Transpo, TransportationID) values ('bus', '8');
insert into TransportationType (Type_of_Transpo, TransportationID) values ('train', '410');
insert into TransportationType (Type_of_Transpo, TransportationID) values ('helicopter', '258');
insert into TransportationType (Type_of_Transpo, TransportationID) values ('hovercraft', '741');
insert into TransportationType (Type_of_Transpo, TransportationID) values ('helicopter', '734');
insert into TransportationType (Type_of_Transpo, TransportationID) values ('car', '217');
insert into TransportationType (Type_of_Transpo, TransportationID) values ('bus', '138');
insert into TransportationType (Type_of_Transpo, TransportationID) values ('submarine', '759');
insert into TransportationType (Type_of_Transpo, TransportationID) values ('helicopter', '397');
insert into TransportationType (Type_of_Transpo, TransportationID) values ('bus', '692');
insert into TransportationType (Type_of_Transpo, TransportationID) values ('bicycle', '47');
insert into TransportationType (Type_of_Transpo, TransportationID) values ('train', '724');
insert into TransportationType (Type_of_Transpo, TransportationID) values ('bicycle', '28');
insert into TransportationType (Type_of_Transpo, TransportationID) values ('scooter', '423');
insert into TransportationType (Type_of_Transpo, TransportationID) values ('car', '184');
insert into TransportationType (Type_of_Transpo, TransportationID) values ('car', '954');
insert into TransportationType (Type_of_Transpo, TransportationID) values ('train', '200');
insert into TransportationType (Type_of_Transpo, TransportationID) values ('submarine', '180');
insert into TransportationType (Type_of_Transpo, TransportationID) values ('zeppelin', '995');
insert into TransportationType (Type_of_Transpo, TransportationID) values ('hot air balloon', '886');
insert into TransportationType (Type_of_Transpo, TransportationID) values ('train', '147');
insert into TransportationType (Type_of_Transpo, TransportationID) values ('bus', '612');
insert into TransportationType (Type_of_Transpo, TransportationID) values ('scooter', '847');
insert into TransportationType (Type_of_Transpo, TransportationID) values ('scooter', '523');
insert into TransportationType (Type_of_Transpo, TransportationID) values ('zeppelin', '312');
insert into TransportationType (Type_of_Transpo, TransportationID) values ('helicopter', '746');
insert into TransportationType (Type_of_Transpo, TransportationID) values ('zeppelin', '871');
insert into TransportationType (Type_of_Transpo, TransportationID) values ('train', '678');
insert into TransportationType (Type_of_Transpo, TransportationID) values ('zeppelin', '452');
insert into TransportationType (Type_of_Transpo, TransportationID) values ('bicycle', '30');
insert into TransportationType (Type_of_Transpo, TransportationID) values ('train', '786');
insert into TransportationType (Type_of_Transpo, TransportationID) values ('train', '901');
insert into TransportationType (Type_of_Transpo, TransportationID) values ('hovercraft', '893');
insert into TransportationType (Type_of_Transpo, TransportationID) values ('train', '163');
insert into TransportationType (Type_of_Transpo, TransportationID) values ('bus', '37');
insert into TransportationType (Type_of_Transpo, TransportationID) values ('car', '870');
insert into TransportationType (Type_of_Transpo, TransportationID) values ('bus', '865');
insert into TransportationType (Type_of_Transpo, TransportationID) values ('scooter', '446');
insert into TransportationType (Type_of_Transpo, TransportationID) values ('hovercraft', '778');
insert into TransportationType (Type_of_Transpo, TransportationID) values ('helicopter', '405');
insert into TransportationType (Type_of_Transpo, TransportationID) values ('train', '566');
insert into TransportationType (Type_of_Transpo, TransportationID) values ('helicopter', '77');
insert into TransportationType (Type_of_Transpo, TransportationID) values ('scooter', '973');
insert into TransportationType (Type_of_Transpo, TransportationID) values ('hot air balloon', '253');
insert into TransportationType (Type_of_Transpo, TransportationID) values ('train', '65');
insert into TransportationType (Type_of_Transpo, TransportationID) values ('bicycle', '806');
insert into TransportationType (Type_of_Transpo, TransportationID) values ('bicycle', '432');
insert into TransportationType (Type_of_Transpo, TransportationID) values ('hot air balloon', '960');
insert into TransportationType (Type_of_Transpo, TransportationID) values ('zeppelin', '406');
insert into TransportationType (Type_of_Transpo, TransportationID) values ('helicopter', '879');
insert into TransportationType (Type_of_Transpo, TransportationID) values ('train', '738');
insert into TransportationType (Type_of_Transpo, TransportationID) values ('hot air balloon', '385');
insert into TransportationType (Type_of_Transpo, TransportationID) values ('scooter', '767');
insert into TransportationType (Type_of_Transpo, TransportationID) values ('bus', '486');
insert into TransportationType (Type_of_Transpo, TransportationID) values ('hovercraft', '958');
insert into TransportationType (Type_of_Transpo, TransportationID) values ('zeppelin', '24');
insert into TransportationType (Type_of_Transpo, TransportationID) values ('zeppelin', '443');
insert into TransportationType (Type_of_Transpo, TransportationID) values ('bicycle', '868');
insert into TransportationType (Type_of_Transpo, TransportationID) values ('scooter', '663');
insert into TransportationType (Type_of_Transpo, TransportationID) values ('bus', '892');
insert into TransportationType (Type_of_Transpo, TransportationID) values ('submarine', '580');
insert into TransportationType (Type_of_Transpo, TransportationID) values ('helicopter', '227');
insert into TransportationType (Type_of_Transpo, TransportationID) values ('submarine', '466');
insert into TransportationType (Type_of_Transpo, TransportationID) values ('bus', '652');
insert into TransportationType (Type_of_Transpo, TransportationID) values ('bicycle', '374');
insert into TransportationType (Type_of_Transpo, TransportationID) values ('bus', '594');
insert into TransportationType (Type_of_Transpo, TransportationID) values ('bus', '873');
insert into TransportationType (Type_of_Transpo, TransportationID) values ('hovercraft', '882');
insert into TransportationType (Type_of_Transpo, TransportationID) values ('bus', '911');
insert into TransportationType (Type_of_Transpo, TransportationID) values ('car', '503');
insert into TransportationType (Type_of_Transpo, TransportationID) values ('zeppelin', '185');
insert into TransportationType (Type_of_Transpo, TransportationID) values ('submarine', '827');
insert into TransportationType (Type_of_Transpo, TransportationID) values ('helicopter', '170');
insert into TransportationType (Type_of_Transpo, TransportationID) values ('submarine', '602');
insert into TransportationType (Type_of_Transpo, TransportationID) values ('bicycle', '162');
insert into TransportationType (Type_of_Transpo, TransportationID) values ('helicopter', '436');
insert into TransportationType (Type_of_Transpo, TransportationID) values ('bicycle', '807');
insert into TransportationType (Type_of_Transpo, TransportationID) values ('hovercraft', '112');
insert into TransportationType (Type_of_Transpo, TransportationID) values ('scooter', '483');
insert into TransportationType (Type_of_Transpo, TransportationID) values ('helicopter', '517');
insert into TransportationType (Type_of_Transpo, TransportationID) values ('submarine', '68');
insert into TransportationType (Type_of_Transpo, TransportationID) values ('hot air balloon', '125');
insert into TransportationType (Type_of_Transpo, TransportationID) values ('hovercraft', '307');
insert into TransportationType (Type_of_Transpo, TransportationID) values ('bus', '649');
insert into TransportationType (Type_of_Transpo, TransportationID) values ('car', '947');
insert into TransportationType (Type_of_Transpo, TransportationID) values ('hot air balloon', '952');
insert into TransportationType (Type_of_Transpo, TransportationID) values ('hovercraft', '556');
insert into TransportationType (Type_of_Transpo, TransportationID) values ('submarine', '635');
insert into TransportationType (Type_of_Transpo, TransportationID) values ('submarine', '568');
insert into TransportationType (Type_of_Transpo, TransportationID) values ('bicycle', '752');
insert into TransportationType (Type_of_Transpo, TransportationID) values ('submarine', '648');
insert into TransportationType (Type_of_Transpo, TransportationID) values ('hovercraft', '136');
insert into TransportationType (Type_of_Transpo, TransportationID) values ('hot air balloon', '929');
insert into TransportationType (Type_of_Transpo, TransportationID) values ('bus', '316');
insert into TransportationType (Type_of_Transpo, TransportationID) values ('zeppelin', '890');
insert into TransportationType (Type_of_Transpo, TransportationID) values ('zeppelin', '812');
insert into TransportationType (Type_of_Transpo, TransportationID) values ('hot air balloon', '550');
insert into TransportationType (Type_of_Transpo, TransportationID) values ('bicycle', '745');
insert into TransportationType (Type_of_Transpo, TransportationID) values ('scooter', '842');
insert into TransportationType (Type_of_Transpo, TransportationID) values ('hovercraft', '919');
insert into TransportationType (Type_of_Transpo, TransportationID) values ('hot air balloon', '284');
insert into TransportationType (Type_of_Transpo, TransportationID) values ('hot air balloon', '854');
insert into TransportationType (Type_of_Transpo, TransportationID) values ('bicycle', '226');
insert into TransportationType (Type_of_Transpo, TransportationID) values ('submarine', '323');
insert into TransportationType (Type_of_Transpo, TransportationID) values ('helicopter', '931');
insert into TransportationType (Type_of_Transpo, TransportationID) values ('bicycle', '904');
insert into TransportationType (Type_of_Transpo, TransportationID) values ('hot air balloon', '525');
insert into TransportationType (Type_of_Transpo, TransportationID) values ('bicycle', '23');
insert into TransportationType (Type_of_Transpo, TransportationID) values ('zeppelin', '419');
insert into TransportationType (Type_of_Transpo, TransportationID) values ('train', '804');
insert into TransportationType (Type_of_Transpo, TransportationID) values ('scooter', '780');
insert into TransportationType (Type_of_Transpo, TransportationID) values ('scooter', '4');
insert into TransportationType (Type_of_Transpo, TransportationID) values ('bus', '177');
insert into TransportationType (Type_of_Transpo, TransportationID) values ('hot air balloon', '863');
insert into TransportationType (Type_of_Transpo, TransportationID) values ('helicopter', '233');
insert into TransportationType (Type_of_Transpo, TransportationID) values ('car', '487');
insert into TransportationType (Type_of_Transpo, TransportationID) values ('hovercraft', '231');
insert into TransportationType (Type_of_Transpo, TransportationID) values ('car', '839');
insert into TransportationType (Type_of_Transpo, TransportationID) values ('bicycle', '433');
insert into TransportationType (Type_of_Transpo, TransportationID) values ('hovercraft', '172');
insert into TransportationType (Type_of_Transpo, TransportationID) values ('scooter', '197');
insert into TransportationType (Type_of_Transpo, TransportationID) values ('scooter', '532');
insert into TransportationType (Type_of_Transpo, TransportationID) values ('train', '408');
insert into TransportationType (Type_of_Transpo, TransportationID) values ('hovercraft', '887');
insert into TransportationType (Type_of_Transpo, TransportationID) values ('bus', '43');
insert into TransportationType (Type_of_Transpo, TransportationID) values ('scooter', '203');
insert into TransportationType (Type_of_Transpo, TransportationID) values ('zeppelin', '201');
insert into TransportationType (Type_of_Transpo, TransportationID) values ('bicycle', '126');
insert into TransportationType (Type_of_Transpo, TransportationID) values ('bus', '579');
insert into TransportationType (Type_of_Transpo, TransportationID) values ('bicycle', '849');
insert into TransportationType (Type_of_Transpo, TransportationID) values ('hovercraft', '604');
insert into TransportationType (Type_of_Transpo, TransportationID) values ('zeppelin', '835');
insert into TransportationType (Type_of_Transpo, TransportationID) values ('hovercraft', '731');
insert into TransportationType (Type_of_Transpo, TransportationID) values ('zeppelin', '394');
insert into TransportationType (Type_of_Transpo, TransportationID) values ('train', '82');
insert into TransportationType (Type_of_Transpo, TransportationID) values ('scooter', '155');
insert into TransportationType (Type_of_Transpo, TransportationID) values ('hovercraft', '427');
insert into TransportationType (Type_of_Transpo, TransportationID) values ('hot air balloon', '950');
insert into TransportationType (Type_of_Transpo, TransportationID) values ('zeppelin', '764');
insert into TransportationType (Type_of_Transpo, TransportationID) values ('zeppelin', '175');
insert into TransportationType (Type_of_Transpo, TransportationID) values ('hot air balloon', '603');
insert into TransportationType (Type_of_Transpo, TransportationID) values ('hot air balloon', '54');

/* User_to_Transpo */
insert into User_to_Transpo (UserID, TransportationID) values ('18', '25');
insert into User_to_Transpo (UserID, TransportationID) values ('29', '363');
insert into User_to_Transpo (UserID, TransportationID) values ('5', '142');
insert into User_to_Transpo (UserID, TransportationID) values ('7', '843');
insert into User_to_Transpo (UserID, TransportationID) values ('16', '188');
insert into User_to_Transpo (UserID, TransportationID) values ('4', '309');
insert into User_to_Transpo (UserID, TransportationID) values ('11', '206');
insert into User_to_Transpo (UserID, TransportationID) values ('2', '158');
insert into User_to_Transpo (UserID, TransportationID) values ('19', '719');
insert into User_to_Transpo (UserID, TransportationID) values ('20', '610');
insert into User_to_Transpo (UserID, TransportationID) values ('8', '459');
insert into User_to_Transpo (UserID, TransportationID) values ('6', '166');
insert into User_to_Transpo (UserID, TransportationID) values ('10', '354');
insert into User_to_Transpo (UserID, TransportationID) values ('34', '88');
insert into User_to_Transpo (UserID, TransportationID) values ('13', '411');
insert into User_to_Transpo (UserID, TransportationID) values ('12', '670');
insert into User_to_Transpo (UserID, TransportationID) values ('1', '896');
insert into User_to_Transpo (UserID, TransportationID) values ('31', '999');
insert into User_to_Transpo (UserID, TransportationID) values ('9', '657');
insert into User_to_Transpo (UserID, TransportationID) values ('17', '114');
insert into User_to_Transpo (UserID, TransportationID) values ('30', '244');
insert into User_to_Transpo (UserID, TransportationID) values ('26', '851');
insert into User_to_Transpo (UserID, TransportationID) values ('33', '804');
insert into User_to_Transpo (UserID, TransportationID) values ('23', '388');
insert into User_to_Transpo (UserID, TransportationID) values ('32', '150');
insert into User_to_Transpo (UserID, TransportationID) values ('35', '493');
insert into User_to_Transpo (UserID, TransportationID) values ('15', '966');
insert into User_to_Transpo (UserID, TransportationID) values ('25', '540');
insert into User_to_Transpo (UserID, TransportationID) values ('14', '535');
insert into User_to_Transpo (UserID, TransportationID) values ('24', '469');
insert into User_to_Transpo (UserID, TransportationID) values ('21', '736');
insert into User_to_Transpo (UserID, TransportationID) values ('28', '437');
insert into User_to_Transpo (UserID, TransportationID) values ('27', '507');
insert into User_to_Transpo (UserID, TransportationID) values ('3', '833');
insert into User_to_Transpo (UserID, TransportationID) values ('22', '89');
insert into User_to_Transpo (UserID, TransportationID) values ('27', '967');
insert into User_to_Transpo (UserID, TransportationID) values ('20', '299');
insert into User_to_Transpo (UserID, TransportationID) values ('7', '839');
insert into User_to_Transpo (UserID, TransportationID) values ('2', '325');
insert into User_to_Transpo (UserID, TransportationID) values ('1', '580');
insert into User_to_Transpo (UserID, TransportationID) values ('34', '165');
insert into User_to_Transpo (UserID, TransportationID) values ('4', '80');
insert into User_to_Transpo (UserID, TransportationID) values ('33', '115');
insert into User_to_Transpo (UserID, TransportationID) values ('14', '819');
insert into User_to_Transpo (UserID, TransportationID) values ('5', '979');
insert into User_to_Transpo (UserID, TransportationID) values ('31', '16');
insert into User_to_Transpo (UserID, TransportationID) values ('6', '972');
insert into User_to_Transpo (UserID, TransportationID) values ('23', '803');
insert into User_to_Transpo (UserID, TransportationID) values ('26', '400');
insert into User_to_Transpo (UserID, TransportationID) values ('16', '152');
insert into User_to_Transpo (UserID, TransportationID) values ('22', '241');
insert into User_to_Transpo (UserID, TransportationID) values ('3', '212');
insert into User_to_Transpo (UserID, TransportationID) values ('19', '965');
insert into User_to_Transpo (UserID, TransportationID) values ('8', '969');
insert into User_to_Transpo (UserID, TransportationID) values ('32', '372');
insert into User_to_Transpo (UserID, TransportationID) values ('30', '785');
insert into User_to_Transpo (UserID, TransportationID) values ('24', '69');
insert into User_to_Transpo (UserID, TransportationID) values ('9', '522');
insert into User_to_Transpo (UserID, TransportationID) values ('35', '116');
insert into User_to_Transpo (UserID, TransportationID) values ('21', '672');
insert into User_to_Transpo (UserID, TransportationID) values ('10', '263');
insert into User_to_Transpo (UserID, TransportationID) values ('12', '64');
insert into User_to_Transpo (UserID, TransportationID) values ('25', '412');
insert into User_to_Transpo (UserID, TransportationID) values ('17', '603');
insert into User_to_Transpo (UserID, TransportationID) values ('13', '716');
insert into User_to_Transpo (UserID, TransportationID) values ('28', '123');
insert into User_to_Transpo (UserID, TransportationID) values ('15', '501');
insert into User_to_Transpo (UserID, TransportationID) values ('18', '921');
insert into User_to_Transpo (UserID, TransportationID) values ('11', '860');
insert into User_to_Transpo (UserID, TransportationID) values ('29', '787');
insert into User_to_Transpo (UserID, TransportationID) values ('9', '541');
insert into User_to_Transpo (UserID, TransportationID) values ('6', '594');
insert into User_to_Transpo (UserID, TransportationID) values ('33', '258');
insert into User_to_Transpo (UserID, TransportationID) values ('21', '504');
insert into User_to_Transpo (UserID, TransportationID) values ('19', '135');
insert into User_to_Transpo (UserID, TransportationID) values ('8', '849');
insert into User_to_Transpo (UserID, TransportationID) values ('4', '893');
insert into User_to_Transpo (UserID, TransportationID) values ('10', '333');
insert into User_to_Transpo (UserID, TransportationID) values ('24', '726');
insert into User_to_Transpo (UserID, TransportationID) values ('20', '991');
insert into User_to_Transpo (UserID, TransportationID) values ('13', '585');
insert into User_to_Transpo (UserID, TransportationID) values ('2', '700');
insert into User_to_Transpo (UserID, TransportationID) values ('14', '641');
insert into User_to_Transpo (UserID, TransportationID) values ('12', '6');
insert into User_to_Transpo (UserID, TransportationID) values ('22', '667');
insert into User_to_Transpo (UserID, TransportationID) values ('11', '943');
insert into User_to_Transpo (UserID, TransportationID) values ('32', '783');
insert into User_to_Transpo (UserID, TransportationID) values ('34', '324');
insert into User_to_Transpo (UserID, TransportationID) values ('25', '203');
insert into User_to_Transpo (UserID, TransportationID) values ('29', '674');
insert into User_to_Transpo (UserID, TransportationID) values ('26', '778');
insert into User_to_Transpo (UserID, TransportationID) values ('16', '755');
insert into User_to_Transpo (UserID, TransportationID) values ('1', '107');
insert into User_to_Transpo (UserID, TransportationID) values ('3', '521');
insert into User_to_Transpo (UserID, TransportationID) values ('28', '628');
insert into User_to_Transpo (UserID, TransportationID) values ('23', '677');
insert into User_to_Transpo (UserID, TransportationID) values ('5', '423');
insert into User_to_Transpo (UserID, TransportationID) values ('27', '698');
insert into User_to_Transpo (UserID, TransportationID) values ('17', '868');
insert into User_to_Transpo (UserID, TransportationID) values ('30', '845');
insert into User_to_Transpo (UserID, TransportationID) values ('18', '305');
insert into User_to_Transpo (UserID, TransportationID) values ('35', '608');
insert into User_to_Transpo (UserID, TransportationID) values ('15', '342');
insert into User_to_Transpo (UserID, TransportationID) values ('7', '558');
insert into User_to_Transpo (UserID, TransportationID) values ('31', '256');
insert into User_to_Transpo (UserID, TransportationID) values ('9', '199');
insert into User_to_Transpo (UserID, TransportationID) values ('29', '737');
insert into User_to_Transpo (UserID, TransportationID) values ('6', '286');
insert into User_to_Transpo (UserID, TransportationID) values ('30', '552');
insert into User_to_Transpo (UserID, TransportationID) values ('31', '801');
insert into User_to_Transpo (UserID, TransportationID) values ('35', '596');
insert into User_to_Transpo (UserID, TransportationID) values ('2', '291');
insert into User_to_Transpo (UserID, TransportationID) values ('8', '360');
insert into User_to_Transpo (UserID, TransportationID) values ('14', '560');
insert into User_to_Transpo (UserID, TransportationID) values ('15', '61');
insert into User_to_Transpo (UserID, TransportationID) values ('25', '83');
insert into User_to_Transpo (UserID, TransportationID) values ('1', '198');
insert into User_to_Transpo (UserID, TransportationID) values ('17', '143');
insert into User_to_Transpo (UserID, TransportationID) values ('28', '856');
insert into User_to_Transpo (UserID, TransportationID) values ('19', '383');
insert into User_to_Transpo (UserID, TransportationID) values ('11', '147');
insert into User_to_Transpo (UserID, TransportationID) values ('27', '468');
insert into User_to_Transpo (UserID, TransportationID) values ('22', '789');
insert into User_to_Transpo (UserID, TransportationID) values ('32', '928');
insert into User_to_Transpo (UserID, TransportationID) values ('4', '675');
insert into User_to_Transpo (UserID, TransportationID) values ('21', '91');
insert into User_to_Transpo (UserID, TransportationID) values ('34', '340');
insert into User_to_Transpo (UserID, TransportationID) values ('33', '29');
insert into User_to_Transpo (UserID, TransportationID) values ('24', '446');
insert into User_to_Transpo (UserID, TransportationID) values ('10', '432');
insert into User_to_Transpo (UserID, TransportationID) values ('5', '184');
insert into User_to_Transpo (UserID, TransportationID) values ('16', '924');
insert into User_to_Transpo (UserID, TransportationID) values ('7', '349');
insert into User_to_Transpo (UserID, TransportationID) values ('13', '714');
insert into User_to_Transpo (UserID, TransportationID) values ('26', '154');
insert into User_to_Transpo (UserID, TransportationID) values ('20', '210');
insert into User_to_Transpo (UserID, TransportationID) values ('12', '994');
insert into User_to_Transpo (UserID, TransportationID) values ('3', '818');
insert into User_to_Transpo (UserID, TransportationID) values ('18', '605');
insert into User_to_Transpo (UserID, TransportationID) values ('23', '954');
insert into User_to_Transpo (UserID, TransportationID) values ('27', '348');
insert into User_to_Transpo (UserID, TransportationID) values ('6', '78');
insert into User_to_Transpo (UserID, TransportationID) values ('17', '499');
insert into User_to_Transpo (UserID, TransportationID) values ('12', '139');
insert into User_to_Transpo (UserID, TransportationID) values ('19', '467');
insert into User_to_Transpo (UserID, TransportationID) values ('30', '555');
insert into User_to_Transpo (UserID, TransportationID) values ('2', '694');
insert into User_to_Transpo (UserID, TransportationID) values ('20', '281');
insert into User_to_Transpo (UserID, TransportationID) values ('16', '629');
insert into User_to_Transpo (UserID, TransportationID) values ('29', '264');
insert into User_to_Transpo (UserID, TransportationID) values ('35', '724');
insert into User_to_Transpo (UserID, TransportationID) values ('11', '318');
insert into User_to_Transpo (UserID, TransportationID) values ('13', '528');
insert into User_to_Transpo (UserID, TransportationID) values ('22', '410');
insert into User_to_Transpo (UserID, TransportationID) values ('24', '169');
insert into User_to_Transpo (UserID, TransportationID) values ('10', '174');
insert into User_to_Transpo (UserID, TransportationID) values ('28', '838');
insert into User_to_Transpo (UserID, TransportationID) values ('4', '23');
insert into User_to_Transpo (UserID, TransportationID) values ('34', '865');
insert into User_to_Transpo (UserID, TransportationID) values ('25', '282');
insert into User_to_Transpo (UserID, TransportationID) values ('23', '587');
insert into User_to_Transpo (UserID, TransportationID) values ('31', '806');
insert into User_to_Transpo (UserID, TransportationID) values ('33', '978');
insert into User_to_Transpo (UserID, TransportationID) values ('3', '929');
insert into User_to_Transpo (UserID, TransportationID) values ('21', '982');
insert into User_to_Transpo (UserID, TransportationID) values ('9', '963');
insert into User_to_Transpo (UserID, TransportationID) values ('32', '796');
insert into User_to_Transpo (UserID, TransportationID) values ('8', '359');
insert into User_to_Transpo (UserID, TransportationID) values ('14', '490');
insert into User_to_Transpo (UserID, TransportationID) values ('15', '84');
insert into User_to_Transpo (UserID, TransportationID) values ('1', '103');
insert into User_to_Transpo (UserID, TransportationID) values ('26', '948');
insert into User_to_Transpo (UserID, TransportationID) values ('18', '444');
insert into User_to_Transpo (UserID, TransportationID) values ('5', '334');
insert into User_to_Transpo (UserID, TransportationID) values ('7', '546');
insert into User_to_Transpo (UserID, TransportationID) values ('7', '729');
insert into User_to_Transpo (UserID, TransportationID) values ('8', '170');
insert into User_to_Transpo (UserID, TransportationID) values ('29', '713');
insert into User_to_Transpo (UserID, TransportationID) values ('34', '329');
insert into User_to_Transpo (UserID, TransportationID) values ('27', '602');
insert into User_to_Transpo (UserID, TransportationID) values ('14', '321');
insert into User_to_Transpo (UserID, TransportationID) values ('6', '786');
insert into User_to_Transpo (UserID, TransportationID) values ('17', '376');
insert into User_to_Transpo (UserID, TransportationID) values ('21', '747');
insert into User_to_Transpo (UserID, TransportationID) values ('3', '745');
insert into User_to_Transpo (UserID, TransportationID) values ('9', '656');
insert into User_to_Transpo (UserID, TransportationID) values ('10', '398');
insert into User_to_Transpo (UserID, TransportationID) values ('35', '692');
insert into User_to_Transpo (UserID, TransportationID) values ('24', '857');
insert into User_to_Transpo (UserID, TransportationID) values ('13', '200');
insert into User_to_Transpo (UserID, TransportationID) values ('15', '268');
insert into User_to_Transpo (UserID, TransportationID) values ('12', '616');
insert into User_to_Transpo (UserID, TransportationID) values ('11', '916');
insert into User_to_Transpo (UserID, TransportationID) values ('33', '981');
insert into User_to_Transpo (UserID, TransportationID) values ('31', '509');
insert into User_to_Transpo (UserID, TransportationID) values ('28', '764');
insert into User_to_Transpo (UserID, TransportationID) values ('1', '250');
insert into User_to_Transpo (UserID, TransportationID) values ('5', '315');
insert into User_to_Transpo (UserID, TransportationID) values ('4', '280');
insert into User_to_Transpo (UserID, TransportationID) values ('25', '998');
/* user_des */
insert into User_Des (Address, UserID) values (null, '20');
insert into User_Des (Address, UserID) values (null, '10');
insert into User_Des (Address, UserID) values (null, '35');
insert into User_Des (Address, UserID) values (null, '9');
insert into User_Des (Address, UserID) values (null, '24');
insert into User_Des (Address, UserID) values (null, '14');
insert into User_Des (Address, UserID) values (null, '17');
insert into User_Des (Address, UserID) values (null, '22');
insert into User_Des (Address, UserID) values (null, '23');
insert into User_Des (Address, UserID) values (null, '4');
insert into User_Des (Address, UserID) values (null, '31');
insert into User_Des (Address, UserID) values (null, '28');
insert into User_Des (Address, UserID) values (null, '7');
insert into User_Des (Address, UserID) values (null, '25');
insert into User_Des (Address, UserID) values (null, '11');
insert into User_Des (Address, UserID) values (null, '13');
insert into User_Des (Address, UserID) values (null, '16');
insert into User_Des (Address, UserID) values (null, '34');
insert into User_Des (Address, UserID) values (null, '3');
insert into User_Des (Address, UserID) values (null, '19');
insert into User_Des (Address, UserID) values (null, '30');
insert into User_Des (Address, UserID) values (null, '6');
insert into User_Des (Address, UserID) values (null, '18');
insert into User_Des (Address, UserID) values (null, '29');
insert into User_Des (Address, UserID) values (null, '27');
insert into User_Des (Address, UserID) values (null, '5');
insert into User_Des (Address, UserID) values (null, '15');
insert into User_Des (Address, UserID) values (null, '21');
insert into User_Des (Address, UserID) values (null, '8');
insert into User_Des (Address, UserID) values (null, '1');
insert into User_Des (Address, UserID) values (null, '12');
insert into User_Des (Address, UserID) values (null, '2');
insert into User_Des (Address, UserID) values (null, '33');
insert into User_Des (Address, UserID) values (null, '32');
insert into User_Des (Address, UserID) values (null, '26');
insert into User_Des (Address, UserID) values (null, '23');
insert into User_Des (Address, UserID) values (null, '6');
insert into User_Des (Address, UserID) values (null, '17');
insert into User_Des (Address, UserID) values (null, '8');
insert into User_Des (Address, UserID) values (null, '11');
insert into User_Des (Address, UserID) values (null, '10');
insert into User_Des (Address, UserID) values (null, '7');
insert into User_Des (Address, UserID) values (null, '3');
insert into User_Des (Address, UserID) values (null, '26');
insert into User_Des (Address, UserID) values (null, '12');
insert into User_Des (Address, UserID) values (null, '35');
insert into User_Des (Address, UserID) values (null, '22');
insert into User_Des (Address, UserID) values (null, '33');
insert into User_Des (Address, UserID) values (null, '27');
insert into User_Des (Address, UserID) values (null, '18');
insert into User_Des (Address, UserID) values (null, '16');
insert into User_Des (Address, UserID) values (null, '4');
insert into User_Des (Address, UserID) values (null, '19');
insert into User_Des (Address, UserID) values (null, '28');
insert into User_Des (Address, UserID) values (null, '15');
insert into User_Des (Address, UserID) values (null, '2');
insert into User_Des (Address, UserID) values (null, '34');
insert into User_Des (Address, UserID) values (null, '25');
insert into User_Des (Address, UserID) values (null, '24');
insert into User_Des (Address, UserID) values (null, '14');
insert into User_Des (Address, UserID) values (null, '20');
insert into User_Des (Address, UserID) values (null, '13');
insert into User_Des (Address, UserID) values (null, '21');
insert into User_Des (Address, UserID) values (null, '30');
insert into User_Des (Address, UserID) values (null, '1');
insert into User_Des (Address, UserID) values (null, '31');
insert into User_Des (Address, UserID) values (null, '32');
insert into User_Des (Address, UserID) values (null, '5');
insert into User_Des (Address, UserID) values (null, '29');
insert into User_Des (Address, UserID) values (null, '9');
insert into User_Des (Address, UserID) values (null, '5');
insert into User_Des (Address, UserID) values (null, '3');
insert into User_Des (Address, UserID) values (null, '27');
insert into User_Des (Address, UserID) values (null, '26');
insert into User_Des (Address, UserID) values (null, '28');
insert into User_Des (Address, UserID) values (null, '11');
insert into User_Des (Address, UserID) values (null, '9');
insert into User_Des (Address, UserID) values (null, '21');
insert into User_Des (Address, UserID) values (null, '18');
insert into User_Des (Address, UserID) values (null, '17');
insert into User_Des (Address, UserID) values (null, '14');
insert into User_Des (Address, UserID) values (null, '13');
insert into User_Des (Address, UserID) values (null, '15');
insert into User_Des (Address, UserID) values (null, '1');
insert into User_Des (Address, UserID) values (null, '33');
insert into User_Des (Address, UserID) values (null, '4');
insert into User_Des (Address, UserID) values (null, '23');
insert into User_Des (Address, UserID) values (null, '30');
insert into User_Des (Address, UserID) values (null, '19');
insert into User_Des (Address, UserID) values (null, '6');
insert into User_Des (Address, UserID) values (null, '31');
insert into User_Des (Address, UserID) values (null, '20');
insert into User_Des (Address, UserID) values (null, '16');
insert into User_Des (Address, UserID) values (null, '32');
insert into User_Des (Address, UserID) values (null, '22');
insert into User_Des (Address, UserID) values (null, '25');
insert into User_Des (Address, UserID) values (null, '10');
insert into User_Des (Address, UserID) values (null, '34');
insert into User_Des (Address, UserID) values (null, '24');
insert into User_Des (Address, UserID) values (null, '7');
insert into User_Des (Address, UserID) values (null, '2');
insert into User_Des (Address, UserID) values (null, '35');
insert into User_Des (Address, UserID) values (null, '29');
insert into User_Des (Address, UserID) values (null, '8');
insert into User_Des (Address, UserID) values (null, '12');
insert into User_Des (Address, UserID) values (null, '13');
insert into User_Des (Address, UserID) values (null, '24');
insert into User_Des (Address, UserID) values (null, '33');
insert into User_Des (Address, UserID) values (null, '6');
insert into User_Des (Address, UserID) values (null, '12');
insert into User_Des (Address, UserID) values (null, '26');
insert into User_Des (Address, UserID) values (null, '17');
insert into User_Des (Address, UserID) values (null, '27');
insert into User_Des (Address, UserID) values (null, '21');
insert into User_Des (Address, UserID) values (null, '30');
insert into User_Des (Address, UserID) values (null, '34');
insert into User_Des (Address, UserID) values (null, '10');
insert into User_Des (Address, UserID) values (null, '35');
insert into User_Des (Address, UserID) values (null, '29');
insert into User_Des (Address, UserID) values (null, '25');
insert into User_Des (Address, UserID) values (null, '23');
insert into User_Des (Address, UserID) values (null, '3');
insert into User_Des (Address, UserID) values (null, '20');
insert into User_Des (Address, UserID) values (null, '5');
insert into User_Des (Address, UserID) values (null, '1');
insert into User_Des (Address, UserID) values (null, '15');
insert into User_Des (Address, UserID) values (null, '14');
insert into User_Des (Address, UserID) values (null, '4');
insert into User_Des (Address, UserID) values (null, '28');
insert into User_Des (Address, UserID) values (null, '31');
insert into User_Des (Address, UserID) values (null, '22');
insert into User_Des (Address, UserID) values (null, '11');
insert into User_Des (Address, UserID) values (null, '32');
insert into User_Des (Address, UserID) values (null, '19');
insert into User_Des (Address, UserID) values (null, '8');
insert into User_Des (Address, UserID) values (null, '18');
insert into User_Des (Address, UserID) values (null, '7');
insert into User_Des (Address, UserID) values (null, '2');
insert into User_Des (Address, UserID) values (null, '16');
insert into User_Des (Address, UserID) values (null, '9');
insert into User_Des (Address, UserID) values (null, '7');
insert into User_Des (Address, UserID) values (null, '17');
insert into User_Des (Address, UserID) values (null, '29');
insert into User_Des (Address, UserID) values (null, '15');
insert into User_Des (Address, UserID) values (null, '19');
insert into User_Des (Address, UserID) values (null, '31');
insert into User_Des (Address, UserID) values (null, '5');
insert into User_Des (Address, UserID) values (null, '3');
insert into User_Des (Address, UserID) values (null, '10');
insert into User_Des (Address, UserID) values (null, '11');
insert into User_Des (Address, UserID) values (null, '33');
insert into User_Des (Address, UserID) values (null, '16');
insert into User_Des (Address, UserID) values (null, '25');
insert into User_Des (Address, UserID) values (null, '34');
insert into User_Des (Address, UserID) values (null, '9');
insert into User_Des (Address, UserID) values (null, '24');
insert into User_Des (Address, UserID) values (null, '35');
insert into User_Des (Address, UserID) values (null, '32');
insert into User_Des (Address, UserID) values (null, '2');
insert into User_Des (Address, UserID) values (null, '30');
insert into User_Des (Address, UserID) values (null, '6');
insert into User_Des (Address, UserID) values (null, '18');
insert into User_Des (Address, UserID) values (null, '13');
insert into User_Des (Address, UserID) values (null, '23');
insert into User_Des (Address, UserID) values (null, '22');
insert into User_Des (Address, UserID) values (null, '1');
insert into User_Des (Address, UserID) values (null, '26');
insert into User_Des (Address, UserID) values (null, '20');
insert into User_Des (Address, UserID) values (null, '4');
insert into User_Des (Address, UserID) values (null, '12');
insert into User_Des (Address, UserID) values (null, '27');
insert into User_Des (Address, UserID) values (null, '28');
insert into User_Des (Address, UserID) values (null, '14');
insert into User_Des (Address, UserID) values (null, '8');
insert into User_Des (Address, UserID) values (null, '21');
insert into User_Des (Address, UserID) values (null, '13');
insert into User_Des (Address, UserID) values (null, '22');
insert into User_Des (Address, UserID) values (null, '5');
insert into User_Des (Address, UserID) values (null, '33');
insert into User_Des (Address, UserID) values (null, '34');
insert into User_Des (Address, UserID) values (null, '6');
insert into User_Des (Address, UserID) values (null, '17');
insert into User_Des (Address, UserID) values (null, '25');
insert into User_Des (Address, UserID) values (null, '31');
insert into User_Des (Address, UserID) values (null, '24');
insert into User_Des (Address, UserID) values (null, '10');
insert into User_Des (Address, UserID) values (null, '20');
insert into User_Des (Address, UserID) values (null, '15');
insert into User_Des (Address, UserID) values (null, '12');
insert into User_Des (Address, UserID) values (null, '7');
insert into User_Des (Address, UserID) values (null, '27');
insert into User_Des (Address, UserID) values (null, '8');
insert into User_Des (Address, UserID) values (null, '23');
insert into User_Des (Address, UserID) values (null, '16');
insert into User_Des (Address, UserID) values (null, '32');
insert into User_Des (Address, UserID) values (null, '14');
insert into User_Des (Address, UserID) values (null, '30');
insert into User_Des (Address, UserID) values (null, '11');
insert into User_Des (Address, UserID) values (null, '2');
insert into User_Des (Address, UserID) values (null, '18');

/* MusicFestival */ 
insert into MusicFestivals (FestivalID, Name, MusicType, CrowdSize, Location, OverallRating, PriceTag, Artists, ActivityTypeID) values (1, 'Anette Byneth', 'Bluegrass', 49723, 'Rhythmic Vibes Festival Lowell MA 01853', 5, '$$', 'John Legend', '2');
insert into MusicFestivals (FestivalID, Name, MusicType, CrowdSize, Location, OverallRating, PriceTag, Artists, ActivityTypeID) values (2, 'Holden Dicken', 'Classical', 1815, 'Melody Meadows Music Fest Boston MA 02112', 1, '$$$', 'Christina Aguilera', '2');
insert into MusicFestivals (FestivalID, Name, MusicType, CrowdSize, Location, OverallRating, PriceTag, Artists, ActivityTypeID) values (3, 'Stevana Drust', 'House', 41147, 'Melody Meadows Music Fest Boston MA 02110', 3, '$$', 'Selena Gomez', '2');
insert into MusicFestivals (FestivalID, Name, MusicType, CrowdSize, Location, OverallRating, PriceTag, Artists, ActivityTypeID) values (4, 'Missie Langley', 'Techno', 43712, 'Soundwave Summit Salem MA 01970', 5, '$', 'Demi Lovato', '2');
insert into MusicFestivals (FestivalID, Name, MusicType, CrowdSize, Location, OverallRating, PriceTag, Artists, ActivityTypeID) values (5, 'Shaughn Yter', 'R&B', 62362, 'Rhythmic Vibes Festival Lowell MA 01851', 4, '$$$$$', 'Enrique Iglesias', '2');
insert into MusicFestivals (FestivalID, Name, MusicType, CrowdSize, Location, OverallRating, PriceTag, Artists, ActivityTypeID) values (6, 'Ludovico Briggdale', 'Disco', 68968, 'Soundwave Summit Salem MA 01971', 1, '$', 'Sam Smith', '2');
insert into MusicFestivals (FestivalID, Name, MusicType, CrowdSize, Location, OverallRating, PriceTag, Artists, ActivityTypeID) values (7, 'Waldon MacCafferty', 'Punk', 76189, 'Harmony Hills Music Fest Worcester MA 01604', 5, '$$$', 'Enrique Iglesias', '2');
insert into MusicFestivals (FestivalID, Name, MusicType, CrowdSize, Location, OverallRating, PriceTag, Artists, ActivityTypeID) values (8, 'Rozalin Epgrave', 'Trap', 14434, 'Rhythmic Vibes Festival Lowell MA 01853', 5, '$$$$$', 'Lady Gaga', '2');
insert into MusicFestivals (FestivalID, Name, MusicType, CrowdSize, Location, OverallRating, PriceTag, Artists, ActivityTypeID) values (9, 'Marsha Gornal', 'Reggaeton', 96118, 'Rhythmic Vibes Festival Lowell MA 01852', 4, '$', 'Sia', '2');
insert into MusicFestivals (FestivalID, Name, MusicType, CrowdSize, Location, OverallRating, PriceTag, Artists, ActivityTypeID) values (10, 'Arvie Lingard', 'Electronic', 26095, 'Rhythmic Vibes Festival Lowell MA 01854', 2, '$$$$$', 'Sam Smith', '2');
insert into MusicFestivals (FestivalID, Name, MusicType, CrowdSize, Location, OverallRating, PriceTag, Artists, ActivityTypeID) values (11, 'Lyon Handke', 'R&B', 17862, 'Soundwave Summit Salem MA 01974', 2, '$$', 'Harry Styles', '2');
insert into MusicFestivals (FestivalID, Name, MusicType, CrowdSize, Location, OverallRating, PriceTag, Artists, ActivityTypeID) values (12, 'Sasha Cusack', 'Rock', 94319, 'Harmony Haven Fest Quincy MA 02169', 5, '$', 'Ariana Grande', '2');
insert into MusicFestivals (FestivalID, Name, MusicType, CrowdSize, Location, OverallRating, PriceTag, Artists, ActivityTypeID) values (13, 'Linn Mariaud', 'Grunge', 33986, 'Soundwave Summit Salem MA 01972', 3, '$$$$$', 'Christina Aguilera', '2');
insert into MusicFestivals (FestivalID, Name, MusicType, CrowdSize, Location, OverallRating, PriceTag, Artists, ActivityTypeID) values (14, 'Emmott Le Bosse', 'Blues', 41131, 'Melody Meadows Music Fest Boston MA 02108', 4, '$$$$', 'Post Malone', '2');
insert into MusicFestivals (FestivalID, Name, MusicType, CrowdSize, Location, OverallRating, PriceTag, Artists, ActivityTypeID) values (15, 'Almeta Vallance', 'Metal', 52198, 'Groovefest at Greenfield Park Springfield MA 01107', 1, '$$$$', 'Maroon 5', '2');
insert into MusicFestivals (FestivalID, Name, MusicType, CrowdSize, Location, OverallRating, PriceTag, Artists, ActivityTypeID) values (16, 'Alla Hollow', 'Reggae', 42697, 'Groovefest at Greenfield Park Springfield MA 01103', 4, '$', 'Post Malone', '2');
insert into MusicFestivals (FestivalID, Name, MusicType, CrowdSize, Location, OverallRating, PriceTag, Artists, ActivityTypeID) values (17, 'Benedict Veivers', 'Pop', 13556, 'Echo Valley Music Festival Cambridge MA 02142', 4, '$$$$$', 'Charlie Puth', '2');
insert into MusicFestivals (FestivalID, Name, MusicType, CrowdSize, Location, OverallRating, PriceTag, Artists, ActivityTypeID) values (18, 'Janis Kitchin', 'Alternative', 88039, 'Serenade Summit Somerville MA 02144', 2, '$$$$$', 'John Legend', '2');
insert into MusicFestivals (FestivalID, Name, MusicType, CrowdSize, Location, OverallRating, PriceTag, Artists, ActivityTypeID) values (19, 'Celia Maggs', 'Trap', 44670, 'Groovefest at Greenfield Park Springfield MA 01103', 1, '$$$$$', 'Sam Smith', '2');
insert into MusicFestivals (FestivalID, Name, MusicType, CrowdSize, Location, OverallRating, PriceTag, Artists, ActivityTypeID) values (20, 'Laure Stoke', 'Flamenco', 43767, 'Groove Garden Festival Newton MA 02458', 3, '$$$$$', 'Miley Cyrus', '2');
insert into MusicFestivals (FestivalID, Name, MusicType, CrowdSize, Location, OverallRating, PriceTag, Artists, ActivityTypeID) values (21, 'Ailey Zecchini', 'Indie', 76314, 'Groove Garden Festival Newton MA 02458', 2, '$$', 'Halsey', '2');
insert into MusicFestivals (FestivalID, Name, MusicType, CrowdSize, Location, OverallRating, PriceTag, Artists, ActivityTypeID) values (22, 'Vincent Walthall', 'Hip hop', 63041, 'Beatbox Bash Brockton MA 02303', 1, '$$$', 'Beyonc', '2');
insert into MusicFestivals (FestivalID, Name, MusicType, CrowdSize, Location, OverallRating, PriceTag, Artists, ActivityTypeID) values (23, 'Aguie Georgeot', 'Salsa', 23660, 'Rhythmic Vibes Festival Lowell MA 01851', 4, '$$', 'Kelly Clarkson', '2');
insert into MusicFestivals (FestivalID, Name, MusicType, CrowdSize, Location, OverallRating, PriceTag, Artists, ActivityTypeID) values (24, 'Georas Swepstone', 'Country', 72687, 'Beatbox Bash Brockton MA 02304', 4, '$$', 'Katy Perry', '2');
insert into MusicFestivals (FestivalID, Name, MusicType, CrowdSize, Location, OverallRating, PriceTag, Artists, ActivityTypeID) values (25, 'Raleigh Trevallion', 'Dance', 39930, 'Beatbox Bash Brockton MA 02302', 2, '$', 'Sam Smith', '2');
insert into MusicFestivals (FestivalID, Name, MusicType, CrowdSize, Location, OverallRating, PriceTag, Artists, ActivityTypeID) values (26, 'Silvanus Malzard', 'Reggae', 44643, 'Harmony Hills Music Fest Worcester MA 01605', 4, '$$$$$', 'Selena Gomez', '2');
insert into MusicFestivals (FestivalID, Name, MusicType, CrowdSize, Location, OverallRating, PriceTag, Artists, ActivityTypeID) values (27, 'Christiane Gambie', 'R&B', 58091, 'Rhythmic Vibes Festival Lowell MA 01851', 5, '$$', 'Ariana Grande', '2');
insert into MusicFestivals (FestivalID, Name, MusicType, CrowdSize, Location, OverallRating, PriceTag, Artists, ActivityTypeID) values (28, 'Matilde Dawdary', 'Latin', 91964, 'Harmony Hills Music Fest Worcester MA 01604', 3, '$$$$$', 'Jason Derulo', '2');
insert into MusicFestivals (FestivalID, Name, MusicType, CrowdSize, Location, OverallRating, PriceTag, Artists, ActivityTypeID) values (29, 'Ermengarde Caddock', 'Ambient', 75513, 'Echo Valley Music Festival Cambridge MA 02140', 4, '$', 'Usher', '2');
insert into MusicFestivals (FestivalID, Name, MusicType, CrowdSize, Location, OverallRating, PriceTag, Artists, ActivityTypeID) values (30, 'Gilles Hoffmann', 'Salsa', 35552, 'Echo Valley Music Festival Cambridge MA 02139', 2, '$$$$', 'Lana Del Rey', '2');
insert into MusicFestivals (FestivalID, Name, MusicType, CrowdSize, Location, OverallRating, PriceTag, Artists, ActivityTypeID) values (31, 'Gaye Mattiato', 'Pop', 42475, 'Serenade Summit Somerville MA 02143', 1, '$$', 'Ed Sheeran', '2');
insert into MusicFestivals (FestivalID, Name, MusicType, CrowdSize, Location, OverallRating, PriceTag, Artists, ActivityTypeID) values (32, 'Verene MacKenny', 'Salsa', 56747, 'Groove Garden Festival Newton MA 02459', 5, '$', 'Beyonc', '2');
insert into MusicFestivals (FestivalID, Name, MusicType, CrowdSize, Location, OverallRating, PriceTag, Artists, ActivityTypeID) values (33, 'Corrie Druhan', 'Trap', 901, 'Harmony Haven Fest Quincy MA 02171', 3, '$$$$', 'Khalid', '2');
insert into MusicFestivals (FestivalID, Name, MusicType, CrowdSize, Location, OverallRating, PriceTag, Artists, ActivityTypeID) values (34, 'Shelba Brennon', 'Alternative', 52895, 'Beatbox Bash Brockton MA 02301', 4, '$', 'BTS', '2');
insert into MusicFestivals (FestivalID, Name, MusicType, CrowdSize, Location, OverallRating, PriceTag, Artists, ActivityTypeID) values (35, 'Violette Ferrierio', 'Salsa', 25326, 'Rhythmic Vibes Festival Lowell MA 01852', 3, '$$$$$', 'Bruno Mars', '2');
insert into MusicFestivals (FestivalID, Name, MusicType, CrowdSize, Location, OverallRating, PriceTag, Artists, ActivityTypeID) values (36, 'Burr Hugland', 'Disco', 55465, 'Echo Valley Music Festival Cambridge MA 02141', 5, '$$', 'Bruno Mars', '2');
insert into MusicFestivals (FestivalID, Name, MusicType, CrowdSize, Location, OverallRating, PriceTag, Artists, ActivityTypeID) values (37, 'Ianthe Samber', 'Bossa nova', 23795, 'Groove Garden Festival Newton MA 02458', 1, '$$$', 'Selena Gomez', '2');
insert into MusicFestivals (FestivalID, Name, MusicType, CrowdSize, Location, OverallRating, PriceTag, Artists, ActivityTypeID) values (38, 'Delilah McOwen', 'Alternative', 32692, 'Melody Meadows Music Fest Boston MA 02111', 3, '$', 'Kelly Clarkson', '2');
insert into MusicFestivals (FestivalID, Name, MusicType, CrowdSize, Location, OverallRating, PriceTag, Artists, ActivityTypeID) values (39, 'Russ Castagno', 'Punk', 13369, 'Rhythmic Vibes Festival Lowell MA 01854', 2, '$$$$', 'Rihanna', '2');
insert into MusicFestivals (FestivalID, Name, MusicType, CrowdSize, Location, OverallRating, PriceTag, Artists, ActivityTypeID) values (40, 'Colet Pell', 'Alternative', 96866, 'Beatbox Bash Brockton MA 02303', 1, '$', 'Lady Gaga', '2');

